--- MAPEANDO PORTAS MIDI ---
  [IN]  0: Yamaha 01V96-1
  [IN]  1: Yamaha 01V96-2
  [IN]  2: Yamaha 01V96-3
  [IN]  3: Yamaha 01V96-4
  [IN]  4: Yamaha 01V96-5
  [IN]  5: Yamaha 01V96-6
  [IN]  6: Yamaha 01V96-7
  [IN]  7: Yamaha 01V96-8
  [IN]  8: SMC-PAD-bt-2
  [IN]  9: monitor
  [OUT] 0: Microsoft GS Wavetable Synth
  [OUT] 1: Yamaha 01V96-1
  [OUT] 2: Yamaha 01V96-2
  [OUT] 3: Yamaha 01V96-3
  [OUT] 4: Yamaha 01V96-4
  [OUT] 5: Yamaha 01V96-5
  [OUT] 6: Yamaha 01V96-6
  [OUT] 7: Yamaha 01V96-7
  [OUT] 8: Yamaha 01V96-8
  [OUT] 9: SMC-PAD-bt-2
  [OUT] 10: monitor

====================================================
🚀 BRIDGE MIDI ATIVO (Full Bridge)
   YAMAHA  IN:0  OUT:1
   MONITOR IN:9  OUT:10
====================================================

✅ [FILTER] 0 prefixos carregados.
[17:45:39] 💻 S→Y (10b): F0 43 30 3E 0D 04 56 00 00 F7
[17:45:39] 💻 S→Y (10b): F0 43 30 3E 0D 04 24 00 00 F7
[17:45:39] 🎹 Y→S (14b): F0 43 10 3E 0D 04 24 00 00 00 00 00 01 F7
[17:45:39] 💻 S→Y (14b): F0 43 10 3E 0D 04 24 00 00 00 00 00 01 F7
[17:45:43] 🎹 Y→S (14b): F0 43 10 3E 7F 01 1C 00 05 00 00 01 55 F7
[17:45:43] 💻 S→Y (14b): F0 43 10 3E 7F 01 1C 00 05 00 00 01 55 F7
[17:45:44] 🎹 Y→S (14b): F0 43 10 3E 7F 01 1C 00 05 00 00 01 54 F7
[17:45:44] 💻 S→Y (14b): F0 43 10 3E 7F 01 1C 00 05 00 00 01 54 F7
📊 Y→S: 394 | S→Y: 11 | 📶 Meters: 397 | 🔁 Loopback filtrado: 391
[17:45:44] 🎹 Y→S (14b): F0 43 10 3E 7F 01 1C 00 05 00 00 01 55 F7
[17:45:44] 💻 S→Y (14b): F0 43 10 3E 7F 01 1C 00 05 00 00 01 55 F7
[17:45:44] 🎹 Y→S (14b): F0 43 10 3E 7F 01 1C 00 05 00 00 01 54 F7
[17:45:44] 💻 S→Y (14b): F0 43 10 3E 7F 01 1C 00 05 00 00 01 54 F7
[17:45:44] 🎹 Y→S (14b): F0 43 10 3E 7F 01 1C 00 05 00 00 01 55 F7
[17:45:44] 💻 S→Y (14b): F0 43 10 3E 7F 01 1C 00 05 00 00 01 55 F7
[17:45:45] 🎹 Y→S (14b): F0 43 10 3E 7F 01 1C 00 05 00 00 01 54 F7
[17:45:45] 💻 S→Y (14b): F0 43 10 3E 7F 01 1C 00 05 00 00 01 54 F7
[17:45:46] 💻 S→Y (10b): F0 43 30 3E 0D 04 24 00 00 F7
[17:45:46] 🎹 Y→S (14b): F0 43 10 3E 0D 04 24 00 00 00 00 00 01 F7
[17:45:46] 💻 S→Y (14b): F0 43 10 3E 0D 04 24 00 00 00 00 00 01 F7
[17:45:46] 💻 S→Y (10b): F0 43 30 3E 0D 04 24 01 00 F7
[17:45:46] 🎹 Y→S (14b): F0 43 10 3E 0D 04 24 01 00 00 00 00 01 F7
[17:45:46] 💻 S→Y (14b): F0 43 10 3E 0D 04 24 01 00 00 00 00 01 F7
[17:45:46] 💻 S→Y (10b): F0 43 30 3E 0D 04 0A 03 00 F7
[17:45:46] 🎹 Y→S (14b): F0 43 10 3E 0D 04 0A 03 00 00 00 00 00 F7
[17:45:46] 💻 S→Y (14b): F0 43 10 3E 0D 04 0A 03 00 00 00 00 00 F7
[17:45:46] 💻 S→Y (10b): F0 43 30 3E 0D 04 0A 04 00 F7
[17:45:46] 🎹 Y→S (14b): F0 43 10 3E 0D 04 0A 04 00 00 00 00 01 F7
[17:45:46] 💻 S→Y (14b): F0 43 10 3E 0D 04 0A 04 00 00 00 00 01 F7
[17:45:46] 💻 S→Y (10b): F0 43 30 3E 0D 04 0A 05 00 F7
[17:45:46] 🎹 Y→S (14b): F0 43 10 3E 0D 04 0A 05 00 00 00 00 02 F7
[17:45:46] 💻 S→Y (14b): F0 43 10 3E 0D 04 0A 05 00 00 00 00 02 F7
[17:45:46] 💻 S→Y (10b): F0 43 30 3E 0D 04 2D 02 7F F7
[17:45:46] 🎹 Y→S (26b): F0 43 10 3E 0D 04 2D 02 7F 00 00 00 00 00 00 00 00 00 00 00 00 00 00 00 00 F7
[17:45:46] 💻 S→Y (26b): F0 43 10 3E 0D 04 2D 02 7F 00 00 00 00 00 00 00 00 00 00 00 00 00 00 00 00 F7
[17:45:46] 💻 S→Y (10b): F0 43 30 3E 0D 04 2D 03 7F F7
[17:45:46] 🎹 Y→S (26b): F0 43 10 3E 0D 04 2D 03 7F 00 00 00 00 00 00 00 00 00 00 00 00 00 00 00 00 F7
[17:45:46] 💻 S→Y (26b): F0 43 10 3E 0D 04 2D 03 7F 00 00 00 00 00 00 00 00 00 00 00 00 00 00 00 00 F7
[17:45:46] 💻 S→Y (10b): F0 43 30 3E 0D 04 2D 04 7F F7
[17:45:46] 🎹 Y→S (26b): F0 43 10 3E 0D 04 2D 04 7F 00 00 00 00 00 00 00 00 00 00 00 00 00 00 00 00 F7
[17:45:46] 💻 S→Y (26b): F0 43 10 3E 0D 04 2D 04 7F 00 00 00 00 00 00 00 00 00 00 00 00 00 00 00 00 F7
[17:45:46] 💻 S→Y (10b): F0 43 30 3E 0D 04 2D 06 7F F7
[17:45:46] 🎹 Y→S (26b): F0 43 10 3E 0D 04 2D 06 7F 00 00 00 00 00 00 00 00 00 00 00 00 00 00 00 00 F7
[17:45:46] 💻 S→Y (26b): F0 43 10 3E 0D 04 2D 06 7F 00 00 00 00 00 00 00 00 00 00 00 00 00 00 00 00 F7
[17:45:46] 💻 S→Y (10b): F0 43 30 3E 0D 04 2D 00 7F F7
[17:45:46] 🎹 Y→S (26b): F0 43 10 3E 0D 04 2D 00 7F 00 00 00 00 00 00 00 00 00 00 00 00 00 00 00 00 F7
[17:45:46] 💻 S→Y (26b): F0 43 10 3E 0D 04 2D 00 7F 00 00 00 00 00 00 00 00 00 00 00 00 00 00 00 00 F7
[17:45:46] 💻 S→Y (10b): F0 43 30 3E 0D 04 2D 0A 7F F7
[17:45:46] 🎹 Y→S (26b): F0 43 10 3E 0D 04 2D 0A 7F 00 00 00 01 00 00 00 01 00 00 00 01 00 00 00 01 F7
[17:45:46] 💻 S→Y (26b): F0 43 10 3E 0D 04 2D 0A 7F 00 00 00 01 00 00 00 01 00 00 00 01 00 00 00 01 F7
[17:45:46] 💻 S→Y (10b): F0 43 30 3E 0D 03 52 00 00 F7
[17:45:46] 🎹 Y→S (14b): F0 43 10 3E 0D 03 52 00 00 00 00 00 02 F7
[17:45:46] 💻 S→Y (14b): F0 43 10 3E 0D 03 52 00 00 00 00 00 02 F7
[17:45:46] 💻 S→Y (10b): F0 43 30 3E 0D 03 52 01 00 F7
[17:45:46] 🎹 Y→S (14b): F0 43 10 3E 0D 03 52 01 00 00 00 00 00 F7
[17:45:46] 💻 S→Y (14b): F0 43 10 3E 0D 03 52 01 00 00 00 00 00 F7
[17:45:46] 💻 S→Y (10b): F0 43 30 3E 0D 03 52 02 00 F7
[17:45:46] 🎹 Y→S (14b): F0 43 10 3E 0D 03 52 02 00 00 00 00 00 F7
[17:45:46] 💻 S→Y (14b): F0 43 10 3E 0D 03 52 02 00 00 00 00 00 F7
[17:45:46] 💻 S→Y (10b): F0 43 30 3E 0D 03 4D 00 00 F7
[17:45:46] 🎹 Y→S (14b): F0 43 10 3E 0D 03 4D 00 00 00 00 00 00 F7
[17:45:46] 💻 S→Y (14b): F0 43 10 3E 0D 03 4D 00 00 00 00 00 00 F7
[17:45:46] 💻 S→Y (10b): F0 43 30 3E 0D 03 4E 00 00 F7
[17:45:46] 🎹 Y→S (14b): F0 43 10 3E 0D 03 4E 00 00 00 00 00 01 F7
[17:45:46] 💻 S→Y (14b): F0 43 10 3E 0D 03 4E 00 00 00 00 00 01 F7
[17:45:46] 💻 S→Y (10b): F0 43 30 3E 0D 03 4E 01 00 F7
[17:45:46] 🎹 Y→S (14b): F0 43 10 3E 0D 03 4E 01 00 00 00 00 00 F7
[17:45:46] 💻 S→Y (14b): F0 43 10 3E 0D 03 4E 01 00 00 00 00 00 F7
[17:45:46] 💻 S→Y (10b): F0 43 30 3E 0D 03 4E 02 00 F7
[17:45:46] 🎹 Y→S (14b): F0 43 10 3E 0D 03 4E 02 00 00 00 00 00 F7
[17:45:46] 💻 S→Y (14b): F0 43 10 3E 0D 03 4E 02 00 00 00 00 00 F7
[17:45:46] 💻 S→Y (10b): F0 43 30 3E 0D 03 4F 00 00 F7
[17:45:46] 🎹 Y→S (14b): F0 43 10 3E 0D 03 4F 00 00 00 00 00 01 F7
[17:45:46] 💻 S→Y (14b): F0 43 10 3E 0D 03 4F 00 00 00 00 00 01 F7
[17:45:46] 💻 S→Y (10b): F0 43 30 3E 0D 03 4F 01 00 F7
[17:45:46] 🎹 Y→S (14b): F0 43 10 3E 0D 03 4F 01 00 00 00 00 00 F7
[17:45:46] 💻 S→Y (14b): F0 43 10 3E 0D 03 4F 01 00 00 00 00 00 F7
[17:45:46] 💻 S→Y (10b): F0 43 30 3E 0D 03 4F 02 00 F7
[17:45:46] 🎹 Y→S (14b): F0 43 10 3E 0D 03 4F 02 00 00 00 00 00 F7
[17:45:46] 💻 S→Y (14b): F0 43 10 3E 0D 03 4F 02 00 00 00 00 00 F7
[17:45:46] 💻 S→Y (10b): F0 43 30 3E 0D 03 50 00 7F F7
[17:45:46] 🎹 Y→S (18b): F0 43 10 3E 0D 03 50 00 7F 00 00 00 00 00 00 00 00 F7
[17:45:46] 💻 S→Y (18b): F0 43 10 3E 0D 03 50 00 7F 00 00 00 00 00 00 00 00 F7
[17:45:46] 💻 S→Y (10b): F0 43 30 3E 0D 03 50 01 7F F7
[17:45:46] 🎹 Y→S (18b): F0 43 10 3E 0D 03 50 01 7F 00 00 00 00 00 00 00 00 F7
[17:45:46] 💻 S→Y (18b): F0 43 10 3E 0D 03 50 01 7F 00 00 00 00 00 00 00 00 F7
[17:45:46] 💻 S→Y (10b): F0 43 30 3E 0D 03 51 00 00 F7
[17:45:46] 🎹 Y→S (14b): F0 43 10 3E 0D 03 51 00 00 00 00 00 00 F7
[17:45:46] 💻 S→Y (14b): F0 43 10 3E 0D 03 51 00 00 00 00 00 00 F7
[17:45:46] 💻 S→Y (10b): F0 43 30 3E 0D 03 51 01 00 F7
[17:45:46] 🎹 Y→S (14b): F0 43 10 3E 0D 03 51 01 00 00 00 00 00 F7
[17:45:46] 💻 S→Y (14b): F0 43 10 3E 0D 03 51 01 00 00 00 00 00 F7
[17:45:46] 💻 S→Y (10b): F0 43 30 3E 0D 03 17 07 7F F7
[17:45:46] 🎹 Y→S (14b): F0 43 10 3E 0D 03 17 07 7F 00 00 00 00 F7
[17:45:46] 💻 S→Y (14b): F0 43 10 3E 0D 03 17 07 7F 00 00 00 00 F7
[17:45:46] 💻 S→Y (10b): F0 43 30 3E 0D 03 17 08 7F F7
[17:45:46] 🎹 Y→S (14b): F0 43 10 3E 0D 03 17 08 7F 00 00 00 00 F7
[17:45:46] 💻 S→Y (14b): F0 43 10 3E 0D 03 17 08 7F 00 00 00 00 F7
[17:45:46] 💻 S→Y (10b): F0 43 30 3E 0D 03 14 00 7F F7
[17:45:46] 🎹 Y→S (14b): F0 43 10 3E 0D 03 14 00 7F 00 00 00 00 F7
[17:45:46] 💻 S→Y (14b): F0 43 10 3E 0D 03 14 00 7F 00 00 00 00 F7
[17:45:46] 💻 S→Y (10b): F0 43 30 3E 0D 03 14 01 7F F7
[17:45:46] 🎹 Y→S (14b): F0 43 10 3E 0D 03 14 01 7F 00 00 00 00 F7
[17:45:46] 💻 S→Y (14b): F0 43 10 3E 0D 03 14 01 7F 00 00 00 00 F7
[17:45:46] 🎹 Y→S (14b): F0 43 10 3E 7F 01 1C 00 06 00 00 01 61 F7
[17:45:46] 💻 S→Y (10b): F0 43 30 3E 0D 03 53 00 00 F7
[17:45:46] 💻 S→Y (14b): F0 43 10 3E 7F 01 1C 00 06 00 00 01 61 F7
[17:45:46] 🎹 Y→S (14b): F0 43 10 3E 0D 03 53 00 00 00 00 00 01 F7
[17:45:46] 💻 S→Y (14b): F0 43 10 3E 0D 03 53 00 00 00 00 00 01 F7
[17:45:46] 💻 S→Y (10b): F0 43 30 3E 0D 03 53 01 00 F7
[17:45:46] 🎹 Y→S (14b): F0 43 10 3E 0D 03 53 01 00 00 00 00 00 F7
[17:45:46] 💻 S→Y (14b): F0 43 10 3E 0D 03 53 01 00 00 00 00 00 F7
[17:45:46] 💻 S→Y (10b): F0 43 30 3E 0D 03 53 02 00 F7
[17:45:46] 🎹 Y→S (14b): F0 43 10 3E 0D 03 53 02 00 00 00 00 00 F7
[17:45:46] 💻 S→Y (14b): F0 43 10 3E 0D 03 53 02 00 00 00 00 00 F7
[17:45:46] 💻 S→Y (10b): F0 43 30 3E 0D 03 53 03 00 F7
[17:45:46] 🎹 Y→S (14b): F0 43 10 3E 0D 03 53 03 00 00 00 00 00 F7
[17:45:46] 💻 S→Y (14b): F0 43 10 3E 0D 03 53 03 00 00 00 00 00 F7
[17:45:46] 💻 S→Y (10b): F0 43 30 3E 0D 03 53 04 00 F7
[17:45:46] 🎹 Y→S (14b): F0 43 10 3E 0D 03 53 04 00 00 00 00 00 F7
[17:45:46] 💻 S→Y (14b): F0 43 10 3E 0D 03 53 04 00 00 00 00 00 F7
[17:45:46] 💻 S→Y (10b): F0 43 30 3E 0D 03 11 00 7F F7
[17:45:46] 🎹 Y→S (14b): F0 43 10 3E 0D 03 11 00 7F 00 00 00 01 F7
[17:45:46] 💻 S→Y (14b): F0 43 10 3E 0D 03 11 00 7F 00 00 00 01 F7
[17:45:46] 🎹 Y→S (14b): F0 43 10 3E 7F 01 1C 00 06 00 00 01 64 F7
[17:45:46] 💻 S→Y (10b): F0 43 30 3E 0D 03 11 01 7F F7
[17:45:46] 💻 S→Y (14b): F0 43 10 3E 7F 01 1C 00 06 00 00 01 64 F7
[17:45:46] 🎹 Y→S (14b): F0 43 10 3E 0D 03 11 01 7F 00 00 00 00 F7
[17:45:46] 💻 S→Y (14b): F0 43 10 3E 0D 03 11 01 7F 00 00 00 00 F7
[17:45:46] 💻 S→Y (10b): F0 43 30 3E 0D 03 11 02 7F F7
[17:45:46] 🎹 Y→S (14b): F0 43 10 3E 0D 03 11 02 7F 00 00 00 00 F7
[17:45:46] 💻 S→Y (14b): F0 43 10 3E 0D 03 11 02 7F 00 00 00 00 F7
[17:45:46] 💻 S→Y (10b): F0 43 30 3E 0D 03 11 03 7F F7
[17:45:46] 🎹 Y→S (14b): F0 43 10 3E 0D 03 11 03 7F 00 00 00 01 F7
[17:45:46] 💻 S→Y (14b): F0 43 10 3E 0D 03 11 03 7F 00 00 00 01 F7
[17:45:46] 💻 S→Y (10b): F0 43 30 3E 0D 03 11 04 7F F7
[17:45:46] 🎹 Y→S (14b): F0 43 10 3E 0D 03 11 04 7F 00 00 00 00 F7
[17:45:46] 💻 S→Y (14b): F0 43 10 3E 0D 03 11 04 7F 00 00 00 00 F7
[17:45:46] 💻 S→Y (10b): F0 43 30 3E 0D 03 11 05 7F F7
[17:45:46] 🎹 Y→S (14b): F0 43 10 3E 0D 03 11 05 7F 00 00 00 00 F7
[17:45:46] 💻 S→Y (14b): F0 43 10 3E 0D 03 11 05 7F 00 00 00 00 F7
[17:45:46] 💻 S→Y (10b): F0 43 30 3E 0D 03 11 06 7F F7
[17:45:46] 🎹 Y→S (14b): F0 43 10 3E 0D 03 11 06 7F 00 00 00 00 F7
[17:45:46] 💻 S→Y (14b): F0 43 10 3E 0D 03 11 06 7F 00 00 00 00 F7
[17:45:46] 💻 S→Y (10b): F0 43 30 3E 0D 04 50 00 7F F7
[17:45:46] 🎹 Y→S (170b): F0 43 10 3E 0D 04 50 00 7F 00 00 00 01 00 00 00 01 00 00 00 01 00 00 00 01 00 00 00 01 00 00 00 01 00 00 00 01 00 00 00 01 00 00 00 01 00 00 00 01 00 00 00 01 00 00 00 01 00 00 00 01 00 00 00 01 00 00 00 01 00 00 00 01 00 00 00 01 00 00 00 01 00 00 00 01 00 00 00 01 00 00 00 01 00 00 00 01 00 00 00 01 00 00 00 01 00 00 00 01 00 00 00 01 00 00 00 01 00 00 00 01 00 00 00 01 00 00 00 01 00 00 00 01 00 00 00 01 00 00 00 01 00 00 00 01 00 00 00 01 00 00 00 01 00 00 00 01 00 00 00 01 00 00 00 01 00 00 00 01 F7
[17:45:46] 💻 S→Y (170b): F0 43 10 3E 0D 04 50 00 7F 00 00 00 01 00 00 00 01 00 00 00 01 00 00 00 01 00 00 00 01 00 00 00 01 00 00 00 01 00 00 00 01 00 00 00 01 00 00 00 01 00 00 00 01 00 00 00 01 00 00 00 01 00 00 00 01 00 00 00 01 00 00 00 01 00 00 00 01 00 00 00 01 00 00 00 01 00 00 00 01 00 00 00 01 00 00 00 01 00 00 00 01 00 00 00 01 00 00 00 01 00 00 00 01 00 00 00 01 00 00 00 01 00 00 00 01 00 00 00 01 00 00 00 01 00 00 00 01 00 00 00 01 00 00 00 01 00 00 00 01 00 00 00 01 00 00 00 01 00 00 00 01 00 00 00 01 00 00 00 01 F7
[17:45:46] 🎹 Y→S (14b): F0 43 10 3E 7F 01 1C 00 05 00 00 01 55 F7
[17:45:46] 💻 S→Y (10b): F0 43 30 3E 0D 04 51 00 7F F7
[17:45:46] 💻 S→Y (14b): F0 43 10 3E 7F 01 1C 00 05 00 00 01 55 F7
[17:45:46] 🎹 Y→S (42b): F0 43 10 3E 0D 04 51 00 7F 00 00 00 01 00 00 00 01 00 00 00 01 00 00 00 01 00 00 00 01 00 00 00 01 00 00 00 01 00 00 00 01 F7
[17:45:46] 💻 S→Y (42b): F0 43 10 3E 0D 04 51 00 7F 00 00 00 01 00 00 00 01 00 00 00 01 00 00 00 01 00 00 00 01 00 00 00 01 00 00 00 01 00 00 00 01 F7
[17:45:46] 💻 S→Y (10b): F0 43 30 3E 0D 04 52 00 7F F7
[17:45:46] 🎹 Y→S (42b): F0 43 10 3E 0D 04 52 00 7F 00 00 00 01 00 00 00 01 00 00 00 01 00 00 00 01 00 00 00 01 00 00 00 01 00 00 00 01 00 00 00 01 F7
[17:45:46] 💻 S→Y (42b): F0 43 10 3E 0D 04 52 00 7F 00 00 00 01 00 00 00 01 00 00 00 01 00 00 00 01 00 00 00 01 00 00 00 01 00 00 00 01 00 00 00 01 F7
[17:45:46] 💻 S→Y (10b): F0 43 30 3E 0D 04 54 00 7F F7
[17:45:46] 🎹 Y→S (18b): F0 43 10 3E 0D 04 54 00 7F 00 00 00 01 00 00 00 01 F7
[17:45:46] 💻 S→Y (18b): F0 43 10 3E 0D 04 54 00 7F 00 00 00 01 00 00 00 01 F7
[17:45:46] 💻 S→Y (10b): F0 43 30 3E 0D 04 55 00 7F F7
[17:45:46] 🎹 Y→S (14b): F0 43 10 3E 0D 04 55 00 7F 00 00 00 01 F7
[17:45:46] 💻 S→Y (14b): F0 43 10 3E 0D 04 55 00 7F 00 00 00 01 F7
[17:45:46] 💻 S→Y (10b): F0 43 30 3E 0D 04 57 00 7F F7
[17:45:46] 🎹 Y→S (42b): F0 43 10 3E 0D 04 57 00 7F 00 00 00 01 00 00 00 01 00 00 00 01 00 00 00 01 00 00 00 01 00 00 00 01 00 00 00 01 00 00 00 01 F7
[17:45:46] 💻 S→Y (42b): F0 43 10 3E 0D 04 57 00 7F 00 00 00 01 00 00 00 01 00 00 00 01 00 00 00 01 00 00 00 01 00 00 00 01 00 00 00 01 00 00 00 01 F7
[17:45:46] 💻 S→Y (10b): F0 43 30 3E 0D 04 58 00 7F F7
[17:45:46] 🎹 Y→S (26b): F0 43 10 3E 0D 04 58 00 7F 00 00 00 01 00 00 00 01 00 00 00 01 00 00 00 01 F7
[17:45:46] 💻 S→Y (26b): F0 43 10 3E 0D 04 58 00 7F 00 00 00 01 00 00 00 01 00 00 00 01 00 00 00 01 F7
[17:45:46] 💻 S→Y (10b): F0 43 30 3E 0D 04 59 00 7F F7
[17:45:46] 🎹 Y→S (282b): F0 43 10 3E 0D 04 59 00 7F 00 00 00 01 00 00 00 01 00 00 00 01 00 00 00 01 00 00 00 01 00 00 00 01 00 00 00 01 00 00 00 01 00 00 00 01 00 00 00 01 00 00 00 01 00 00 00 01 00 00 00 01 00 00 00 01 00 00 00 01 00 00 00 01 00 00 00 01 00 00 00 01 00 00 00 01 00 00 00 01 00 00 00 01 00 00 00 01 00 00 00 01 00 00 00 01 00 00 00 01 00 00 00 01 00 00 00 01 00 00 00 01 00 00 00 01 00 00 00 01 00 00 00 01 00 00 00 01 00 00 00 01 00 00 00 01 00 00 00 01 00 00 00 01 00 00 00 01 00 00 00 01 00 00 00 01 00 00 00 01 00 00 00 01 00 00 00 01 00 00 00 01 00 00 00 01 00 00 00 01 00 00 00 01 00 00 00 01 00 00 00 01 00 00 00 01 00 00 00 01 00 00 00 01 00 00 00 01 00 00 00 01 00 00 00 01 00 00 00 01 00 00 00 01 00 00 00 01 00 00 00 00 00 00 00 01 00 00 00 01 00 00 00 01 00 00 00 01 00 00 00 01 00 00 00 01 00 00 00 01 00 00 00 00 00 00 00 00 00 00 00 00 F7
[17:45:46] 💻 S→Y (282b): F0 43 10 3E 0D 04 59 00 7F 00 00 00 01 00 00 00 01 00 00 00 01 00 00 00 01 00 00 00 01 00 00 00 01 00 00 00 01 00 00 00 01 00 00 00 01 00 00 00 01 00 00 00 01 00 00 00 01 00 00 00 01 00 00 00 01 00 00 00 01 00 00 00 01 00 00 00 01 00 00 00 01 00 00 00 01 00 00 00 01 00 00 00 01 00 00 00 01 00 00 00 01 00 00 00 01 00 00 00 01 00 00 00 01 00 00 00 01 00 00 00 01 00 00 00 01 00 00 00 01 00 00 00 01 00 00 00 01 00 00 00 01 00 00 00 01 00 00 00 01 00 00 00 01 00 00 00 01 00 00 00 01 00 00 00 01 00 00 00 01 00 00 00 01 00 00 00 01 00 00 00 01 00 00 00 01 00 00 00 01 00 00 00 01 00 00 00 01 00 00 00 01 00 00 00 01 00 00 00 01 00 00 00 01 00 00 00 01 00 00 00 01 00 00 00 01 00 00 00 01 00 00 00 01 00 00 00 01 00 00 00 00 00 00 00 01 00 00 00 01 00 00 00 01 00 00 00 01 00 00 00 01 00 00 00 01 00 00 00 01 00 00 00 00 00 00 00 00 00 00 00 00 F7
[17:45:46] 💻 S→Y (16b): F0 43 20 7E 4C 4D 20 20 38 43 39 33 6D 40 00 F7
[17:45:47] 🎹 Y→S (625b): F0 43 00 7E 04 69 4C 4D 20 20 38 43 39 33 6D 40 00 00 00 00 54 45 53 54 45 32 20 00 20 20 20 20 20 20 20 00 20 20 00 07 00 00 00 10 00 15 12 01 70 62 7A 7F 6E 31 27 7D 7D 7F 5C 58 35 71 15 30 70 53 40 60 58 30 14 5B 4B 09 04 2C 60 50 76 02 1D 07 1B 02 67 14 34 14 2D 27 51 12 60 54 34 44 47 60 4B 3C 11 5A 06 09 20 30 74 44 0C 3A 06 36 51 74 0D 4F 70 03 4A 43 6F 7D 6E 4E 77 15 1E 36 54 2D 18 09 2F 54 43 39 18 0C 46 0C 65 70 61 05 20 31 77 45 40 0D 1F 41 42 6F 06 7B 58 1F 23 68 16 4C 6E 48 52 47 28 48 18 27 40 29 20 7F 6F 01 1D 39 73 53 5D 10 34 3C 6D 33 17 62 55 0C 24 7E 48 44 40 17 41 17 4D 17 63 5E 47 70 48 26 16 01 6D 13 25 5F 6E 2C 53 0A 7D 05 71 22 1F 25 5E 27 49 2E 63 00 7C 3B 7C 78 4F 5E 63 76 15 41 40 6C 75 70 1F 67 7D 6D 7D 2D 74 27 5B 06 7F 4E 7A 27 5C 13 3D 4A 49 1F 19 74 47 57 37 48 74 3E 4E 4F 3D 2B 64 59 11 0B 3B 0B 00 06 2E 7C 78 5A 16 51 21 65 33 08 00 27 6A 6C 4B 16 18 64 03 41 36 00 19 76 1F 52 13 0A 15 38 09 75 7D 6C 3B 15 46 7E 2D 3E 1D 36 47 20 5E 6C 37 5E 11 78 3D 2C 5E 56 6F 6B 3F 5A 5D 67 7C 09 0B 27 7C 16 6A 17 57 77 4C 68 7E 5B 78 71 04 3D 5B 5E 1E 7F 12 49 65 49 6F 1D 52 31 2A 58 4B 5B 19 6A 7E 2C 1F 21 64 6C 3D 42 42 69 58 2B 59 0D 63 2C 4A 4A 56 30 2E 60 26 2D 5E 5F 7E 4A 54 56 31 30 5A 64 1D 79 38 6F 0B 0F 67 69 1D 2F 73 3F 0F 3B 56 42 1C 6A 15 45 71 08 60 71 09 0A 3F 77 78 3C 6E 16 03 73 6B 73 0B 13 28 0B 6E 53 73 19 5B 0E 57 2B 14 39 0E 37 05 2A 65 5C 07 33 79 46 20 6D 53 34 37 7F 53 34 73 47 33 25 39 5E 4F 14 6A 5A 14 37 68 52 1D 3A 0E 16 06 52 24 78 74 28 47 2C 2D 25 11 2E 5F 02 74 0E 60 47 40 11 44 60 03 03 62 23 1F 77 0C 76 4E 47 30 11 30 4E 22 1D 34 27 0E 6F 78 4D 3D 4B 36 2D 62 3D 60 72 0C 71 63 1D 21 04 2C 6B 0F 38 14 32 46 38 39 7E 3A 3E 5D 7A 46 69 40 73 0A 03 09 56 31 10 47 59 23 02 43 07 21 57 39 4E 79 49 39 68 70 1D 25 57 61 5E 36 41 41 0A 59 6F 55 0F 23 45 7B 64 1F 67 38 2B 4F 50 00 00 00 5D 70 1C F7
[17:45:47] 💻 S→Y (625b): F0 43 00 7E 04 69 4C 4D 20 20 38 43 39 33 6D 40 00 00 00 00 54 45 53 54 45 32 20 00 20 20 20 20 20 20 20 00 20 20 00 07 00 00 00 10 00 15 12 01 70 62 7A 7F 6E 31 27 7D 7D 7F 5C 58 35 71 15 30 70 53 40 60 58 30 14 5B 4B 09 04 2C 60 50 76 02 1D 07 1B 02 67 14 34 14 2D 27 51 12 60 54 34 44 47 60 4B 3C 11 5A 06 09 20 30 74 44 0C 3A 06 36 51 74 0D 4F 70 03 4A 43 6F 7D 6E 4E 77 15 1E 36 54 2D 18 09 2F 54 43 39 18 0C 46 0C 65 70 61 05 20 31 77 45 40 0D 1F 41 42 6F 06 7B 58 1F 23 68 16 4C 6E 48 52 47 28 48 18 27 40 29 20 7F 6F 01 1D 39 73 53 5D 10 34 3C 6D 33 17 62 55 0C 24 7E 48 44 40 17 41 17 4D 17 63 5E 47 70 48 26 16 01 6D 13 25 5F 6E 2C 53 0A 7D 05 71 22 1F 25 5E 27 49 2E 63 00 7C 3B 7C 78 4F 5E 63 76 15 41 40 6C 75 70 1F 67 7D 6D 7D 2D 74 27 5B 06 7F 4E 7A 27 5C 13 3D 4A 49 1F 19 74 47 57 37 48 74 3E 4E 4F 3D 2B 64 59 11 0B 3B 0B 00 06 2E 7C 78 5A 16 51 21 65 33 08 00 27 6A 6C 4B 16 18 64 03 41 36 00 19 76 1F 52 13 0A 15 38 09 75 7D 6C 3B 15 46 7E 2D 3E 1D 36 47 20 5E 6C 37 5E 11 78 3D 2C 5E 56 6F 6B 3F 5A 5D 67 7C 09 0B 27 7C 16 6A 17 57 77 4C 68 7E 5B 78 71 04 3D 5B 5E 1E 7F 12 49 65 49 6F 1D 52 31 2A 58 4B 5B 19 6A 7E 2C 1F 21 64 6C 3D 42 42 69 58 2B 59 0D 63 2C 4A 4A 56 30 2E 60 26 2D 5E 5F 7E 4A 54 56 31 30 5A 64 1D 79 38 6F 0B 0F 67 69 1D 2F 73 3F 0F 3B 56 42 1C 6A 15 45 71 08 60 71 09 0A 3F 77 78 3C 6E 16 03 73 6B 73 0B 13 28 0B 6E 53 73 19 5B 0E 57 2B 14 39 0E 37 05 2A 65 5C 07 33 79 46 20 6D 53 34 37 7F 53 34 73 47 33 25 39 5E 4F 14 6A 5A 14 37 68 52 1D 3A 0E 16 06 52 24 78 74 28 47 2C 2D 25 11 2E 5F 02 74 0E 60 47 40 11 44 60 03 03 62 23 1F 77 0C 76 4E 47 30 11 30 4E 22 1D 34 27 0E 6F 78 4D 3D 4B 36 2D 62 3D 60 72 0C 71 63 1D 21 04 2C 6B 0F 38 14 32 46 38 39 7E 3A 3E 5D 7A 46 69 40 73 0A 03 09 56 31 10 47 59 23 02 43 07 21 57 39 4E 79 49 39 68 70 1D 25 57 61 5E 36 41 41 0A 59 6F 55 0F 23 45 7B 64 1F 67 38 2B 4F 50 00 00 00 5D 70 1C F7
[17:45:47] 💻 S→Y (16b): F0 43 20 7E 4C 4D 20 20 38 43 39 33 51 40 00 F7
[17:45:47] 🎹 Y→S (16b): F0 43 10 3E 7F 5E 01 6D 40 00 00 00 00 00 00 F7
[17:45:47] 💻 S→Y (16b): F0 43 10 3E 7F 5E 01 6D 40 00 00 00 00 00 00 F7
[17:45:47] 🎹 Y→S (21b): F0 43 00 7E 00 0D 4C 4D 20 20 38 43 39 33 51 40 00 00 00 2F F7
[17:45:47] 💻 S→Y (21b): F0 43 00 7E 00 0D 4C 4D 20 20 38 43 39 33 51 40 00 00 00 2F F7
[17:45:47] 💻 S→Y (16b): F0 43 20 7E 4C 4D 20 20 38 43 39 33 47 40 00 F7
[17:45:47] 🎹 Y→S (21b): F0 43 00 7E 00 0D 4C 4D 20 20 38 43 39 33 47 40 00 00 00 39 F7
[17:45:47] 💻 S→Y (21b): F0 43 00 7E 00 0D 4C 4D 20 20 38 43 39 33 47 40 00 00 00 39 F7
[17:45:47] 💻 S→Y (16b): F0 43 20 7E 4C 4D 20 20 38 43 39 33 59 40 00 F7
[17:45:47] 🎹 Y→S (21b): F0 43 00 7E 00 0D 4C 4D 20 20 38 43 39 33 59 40 00 00 00 27 F7
[17:45:47] 💻 S→Y (21b): F0 43 00 7E 00 0D 4C 4D 20 20 38 43 39 33 59 40 00 00 00 27 F7
[17:45:47] 💻 S→Y (16b): F0 43 20 7E 4C 4D 20 20 38 43 39 33 48 40 00 F7
[17:45:47] 🎹 Y→S (21b): F0 43 00 7E 00 0D 4C 4D 20 20 38 43 39 33 48 40 00 00 00 38 F7
[17:45:47] 💻 S→Y (21b): F0 43 00 7E 00 0D 4C 4D 20 20 38 43 39 33 48 40 00 00 00 38 F7
[17:45:47] 💻 S→Y (16b): F0 43 20 7E 4C 4D 20 20 38 43 39 33 45 40 00 F7
[17:45:47] 🎹 Y→S (21b): F0 43 00 7E 00 0D 4C 4D 20 20 38 43 39 33 45 40 00 00 00 3B F7
[17:45:47] 💻 S→Y (21b): F0 43 00 7E 00 0D 4C 4D 20 20 38 43 39 33 45 40 00 00 00 3B F7
[17:45:47] 💻 S→Y (16b): F0 43 20 7E 4C 4D 20 20 38 43 39 33 52 40 00 F7
[17:45:47] 🎹 Y→S (21b): F0 43 00 7E 00 0D 4C 4D 20 20 38 43 39 33 52 40 00 00 00 2E F7
[17:45:47] 💻 S→Y (21b): F0 43 00 7E 00 0D 4C 4D 20 20 38 43 39 33 52 40 00 00 00 2E F7
[17:45:47] 💻 S→Y (16b): F0 43 20 7E 4C 4D 20 20 38 43 39 33 4F 40 00 F7
[17:45:47] 🎹 Y→S (21b): F0 43 00 7E 00 0D 4C 4D 20 20 38 43 39 33 4F 40 00 00 00 31 F7
[17:45:47] 💻 S→Y (21b): F0 43 00 7E 00 0D 4C 4D 20 20 38 43 39 33 4F 40 00 00 00 31 F7
[17:45:47] 💻 S→Y (16b): F0 43 20 7E 4C 4D 20 20 38 43 39 33 53 02 00 F7
[17:45:47] 🎹 Y→S (2048b): F0 43 00 7E 12 50 4C 4D 20 20 38 43 39 33 53 02 00 00 00 00 20 20 20 20 20 20 20 00 20 20 20 20 20 20 20 00 20 20 00 07 00 46 70 60 0D 00 13 27 02 08 00 00 00 78 00 00 00 0F 00 40 6C 00 00 00 00 00 00 00 00 00 00 00 00 00 00 00 00 00 00 00 00 00 00 00 00 00 00 00 00 00 00 00 00 00 00 00 00 00 02 00 00 00 01 00 00 00 00 00 00 00 00 00 00 00 00 00 00 00 00 00 00 00 00 00 00 00 00 00 00 00 00 00 00 00 00 00 00 00 00 00 00 00 00 00 00 00 00 00 00 00 00 00 01 00 00 00 00 00 05 05 05 00 00 00 00 00 00 00 00 00 00 00 00 00 00 00 00 00 00 00 00 00 00 00 00 00 00 00 00 00 00 00 00 00 00 00 00 00 00 00 00 00 00 00 00 00 01 00 00 00 00 00 04 04 04 01 00 00 01 00 00 00 00 00 00 00 00 00 00 00 00 00 00 00 00 00 00 00 00 00 00 00 00 00 00 00 00 00 00 00 00 00 00 00 00 00 00 00 00 00 00 00 00 00 00 00 00 00 00 00 00 00 00 00 00 00 00 00 00 00 00 00 00 00 00 00 00 00 00 00 00 00 00 00 00 00 00 00 00 00 00 00 00 00 00 00 00 00 00 00 00 00 00 00 00 00 00 00 00 00 00 00 00 00 00 00 00 00 00 00 00 00 00 00 00 00 00 00 01 00 00 02 00 00 01 00 00 00 00 00 00 00 00 00 00 00 00 00 00 00 00 00 00 00 00 00 00 00 00 00 00 00 00 00 00 00 00 00 41 00 41 41 41 41 41 41 41 00 41 41 41 41 41 41 41 00 41 44 44 44 44 44 44 00 44 44 44 44 44 44 44 00 44 44 44 31 32 33 34 00 35 36 37 38 39 31 31 00 31 31 31 31 31 20 20 00 20 20 20 20 20 20 20 00 30 31 32 33 34 35 36 00 41 41 41 41 41 41 41 00 41 41 41 41 41 41 41 00 41 41 44 44 44 44 44 00 44 44 44 44 44 44 44 00 44 44 44 44 20 20 20 00 20 20 20 20 20 20 20 00 20 20 20 20 20 20 49 00 49 49 49 49 49 49 49 00 49 49 49 49 49 49 49 00 49 4E 4E 4E 4E 4E 4E 00 4E 4E 4E 4E 4E 4E 4E 00 4E 4E 4E 20 20 20 20 00 20 20 20 20 20 20 20 00 20 20 20 20 20 31 32 00 33 34 35 36 37 38 39 00 31 31 31 31 31 31 31 00 20 20 20 20 20 20 20 00 20 20 30 31 32 33 34 00 35 36 20 20 20 20 20 00 20 20 20 20 20 20 20 00 20 20 20 20 20 20 20 00 20 20 20 20 20 20 20 00 20 20 20 20 20 20 20 00 20 20 20 20 20 20 20 00 20 20 20 20 20 20 20 00 20 20 20 20 20 20 20 00 20 20 20 20 20 20 20 00 20 20 20 20 20 20 20 00 20 20 20 20 20 20 20 00 20 20 20 20 20 20 20 00 20 20 20 20 20 20 20 00 20 20 20 20 20 20 20 00 20 20 20 20 20 20 20 00 20 20 20 20 20 20 20 00 20 20 20 20 20 20 20 00 20 20 20 20 20 20 20 00 20 20 20 20 53 53 53 00 53 53 53 53 53 53 53 00 53 53 53 53 53 53 31 00 31 31 31 31 31 31 31 00 31 31 31 31 31 31 31 00 31 2D 2D 2D 2D 2D 2D 00 2D 2D 2D 31 31 31 31 00 31 31 31 31 32 33 34 00 35 36 37 38 39 30 31 00 32 33 34 35 36 53 53 00 53 53 53 53 53 53 53 00 53 53 53 53 53 53 53 00 6C 6C 6C 6C 6C 6C 6C 00 6C 6C 6C 6C 6C 6C 6C 00 6C 6C 6F 6F 6F 6F 6F 00 6F 6F 6F 6F 6F 6F 6F 00 6F 6F 6F 6F 74 74 74 00 74 74 74 74 74 74 74 00 74 74 74 74 74 74 31 00 31 31 31 31 31 31 31 00 31 31 31 31 31 31 31 00 31 20 20 20 20 20 20 00 20 20 20 20 20 20 20 00 20 20 20 43 43 43 43 00 43 43 43 43 43 43 43 00 43 43 43 43 43 48 48 00 48 48 48 48 48 48 48 00 48 48 48 48 48 48 48 00 31 32 33 34 35 36 37 00 38 39 31 31 31 31 31 00 31 31 20 20 20 20 20 00 20 20 20 20 30 31 32 00 33 34 35 36 49 49 49 00 49 49 49 49 49 49 20 00 20 20 20 20 20 20 4E 00 4E 4E 4E 4E 4E 4E 4E 00 4E 49 49 49 49 49 49 00 49 20 20 20 20 20 20 00 20 20 20 4E 4E 4E 4E 00 4E 4E 4E 20 20 20 20 00 20 20 20 20 20 20 20 00 20 20 20 20 20 20 20 00 20 20 20 20 20 20 20 00 20 20 20 20 20 20 20 00 20 20 20 20 20 20 20 00 20 20 20 20 20 20 20 00 20 20 32 32 44 44 20 00 20 4C 52 32 32 54 54 00 52 52 20 20 49 49 4E 00 4E 20 20 44 44 69 69 00 67 67 20 20 4C 52 20 00 20 20 20 20 20 20 20 00 53 53 53 53 53 53 53 00 53 53 53 53 53 53 53 00 53 53 31 31 31 31 31 00 31 31 31 31 31 31 31 00 31 31 31 31 2D 2D 2D 00 2D 2D 2D 2D 2D 2D 31 00 31 31 31 31 31 31 31 00 32 33 34 35 36 37 38 00 39 30 31 32 33 34 35 00 36 53 53 53 53 53 53 00 53 53 53 53 53 53 53 00 53 53 53 6C 6C 6C 6C 00 6C 6C 6C 6C 6C 6C 6C 00 6C 6C 6C 6C 6C 6F 6F 00 6F 6F 6F 6F 6F 6F 6F 00 6F 6F 6F 6F 6F 6F 6F 00 74 74 74 74 74 74 74 00 74 74 74 74 74 74 74 00 74 74 31 31 31 31 31 00 31 31 31 31 31 31 31 00 31 31 31 31 20 20 20 00 20 20 20 20 20 20 20 00 20 20 20 20 20 20 43 00 43 43 43 43 43 43 43 00 43 43 43 43 43 43 43 00 43 48 48 48 48 48 48 00 48 48 48 48 48 48 48 00 48 48 48 31 32 33 34 00 35 36 37 38 39 31 31 00 31 31 31 31 31 20 20 00 20 20 20 20 20 20 20 00 30 31 32 33 34 35 36 00 4F 4F 4F 4F 4F 4F 4F 00 4F 4F 20 20 20 20 20 00 20 20 55 55 55 55 55 00 55 55 55 55 4F 4F 4F 00 4F 4F 4F 4F 54 54 54 00 54 54 54 54 54 54 55 00 55 55 55 55 55 55 20 00 20 20 20 20 20 20 20 00 20 54 54 54 54 54 54 00 54 20 20 20 20 20 20 00 20 20 20 20 20 20 20 00 20 20 20 20 20 20 20 00 20 20 20 20 20 20 20 00 20 20 20 20 20 4F 4F 00 4F 4F 4D 4D 4D 4D 4E 00 4E 4E 4E 31 32 33 34 00 4F 4F 4F 4F 4D 4D 4D 00 4D 4E 4E 4E 4E 49 49 00 49 49 20 20 20 20 4F 00 4F 4F 4F 55 55 55 55 00 54 54 54 54 20 20 20 00 20 31 32 33 34 20 20 00 20 20 20 20 20 20 20 00 20 20 20 20 20 20 20 00 20 20 20 20 20 20 20 00 20 32 32 44 44 20 20 00 4C 52 32 32 54 54 52 00 52 20 20 4F 4F 55 55 00 54 54 20 20 44 44 69 00 69 67 67 20 20 4C 52 00 20 20 20 20 20 20 01 00 00 00 00 00 00 00 00 00 00 00 02 01 00 00 00 00 00 02 01 00 00 00 00 00 01 01 01 01 01 01 01 00 01 01 01 01 01 01 01 00 01 01 01 01 01 01 01 00 01 01 01 00 00 00 00 00 00 00 00 00 00 00 00 00 00 00 00 00 00 00 00 00 00 00 00 00 00 00 00 00 00 00 00 00 00 00 00 00 00 00 00 00 00 00 00 00 00 00 00 00 00 00 00 00 00 00 00 00 00 00 00 00 00 00 00 00 00 00 00 00 00 00 00 00 00 61 61 00 61 61 61 61 61 61 61 00 61 61 61 61 61 61 61 00 61 61 61 61 61 61 00 00 00 00 04 00 00 00 00 00 00 00 00 00 01 00 00 00 00 00 00 00 00 00 00 00 00 00 00 00 00 00 00 00 00 00 00 00 00 00 00 00 00 00 00 00 01 01 01 00 01 00 01 00 00 01 00 00 00 00 00 00 00 00 00 00 02 00 00 01 00 00 00 00 00 00 00 00 00 00 00 00 00 00 00 00 00 00 00 00 00 00 00 00 00 00 00 00 00 00 00 00 00 00 00 00 00 00 00 00 00 00 00 00 00 00 00 00 00 00 00 00 00 00 00 00 00 00 00 00 00 00 00 00 00 00 00 00 00 00 00 00 00 00 00 00 00 00 00 00 00 00 00 00 00 00 00 00 00 00 00 00 00 00 00 00 00 00 00 00 00 00 00 00 00 00 00 00 00 00 00 00 00 00 00 00 00 00 00 00 00 00 00 00 00 00 00 00 00 00 00 00 00 23 23 23 23 23 23 00 23 23 23 23 23 23 23 00 23 23 23 23 23 23 23 00 23 23 23 23 23 23 23 00 23 23 23 23
[17:45:47] 🎹 Y→S (344b): 23 23 23 00 23 23 23 23 23 23 23 00 23 23 23 23 23 23 23 00 23 23 23 23 23 23 23 00 23 01 00 00 00 00 00 00 00 01 00 01 01 00 00 00 00 00 00 00 00 00 00 00 00 00 00 00 00 00 01 00 00 00 00 00 00 00 00 01 00 01 00 00 00 00 6C 00 00 00 00 00 00 00 00 00 01 02 03 00 00 00 00 00 00 01 02 03 04 05 00 00 00 00 01 02 03 04 05 00 06 00 00 00 00 00 00 00 00 00 00 00 00 00 00 00 00 00 00 00 00 00 00 00 00 00 00 00 00 00 00 00 00 00 00 00 00 00 00 00 00 00 00 00 00 00 00 00 00 00 00 00 00 00 00 00 00 00 00 00 00 00 00 00 00 01 00 00 00 00 00 00 00 00 00 00 00 00 00 00 00 00 00 00 00 00 00 00 00 00 00 00 00 00 00 00 00 00 00 00 00 00 00 00 00 00 00 00 00 00 00 00 00 00 00 00 00 00 00 00 00 00 00 00 00 00 00 00 00 00 00 00 00 00 00 00 00 00 00 00 00 00 00 00 00 00 00 00 00 00 00 00 00 00 00 00 00 00 00 00 00 00 00 00 00 00 00 00 00 00 00 00 00 00 00 00 00 00 00 00 00 00 00 00 00 00 00 00 00 00 00 00 00 00 00 00 00 00 00 00 00 00 00 00 00 00 00 00 00 00 00 00 00 00 00 00 00 00 00 00 00 00 00 00 00 00 00 00 00 00 00 60 31 0E 76 F7
[17:45:47] 💻 S→Y (2048b): F0 43 00 7E 12 50 4C 4D 20 20 38 43 39 33 53 02 00 00 00 00 20 20 20 20 20 20 20 00 20 20 20 20 20 20 20 00 20 20 00 07 00 46 70 60 0D 00 13 27 02 08 00 00 00 78 00 00 00 0F 00 40 6C 00 00 00 00 00 00 00 00 00 00 00 00 00 00 00 00 00 00 00 00 00 00 00 00 00 00 00 00 00 00 00 00 00 00 00 00 00 02 00 00 00 01 00 00 00 00 00 00 00 00 00 00 00 00 00 00 00 00 00 00 00 00 00 00 00 00 00 00 00 00 00 00 00 00 00 00 00 00 00 00 00 00 00 00 00 00 00 00 00 00 00 01 00 00 00 00 00 05 05 05 00 00 00 00 00 00 00 00 00 00 00 00 00 00 00 00 00 00 00 00 00 00 00 00 00 00 00 00 00 00 00 00 00 00 00 00 00 00 00 00 00 00 00 00 00 01 00 00 00 00 00 04 04 04 01 00 00 01 00 00 00 00 00 00 00 00 00 00 00 00 00 00 00 00 00 00 00 00 00 00 00 00 00 00 00 00 00 00 00 00 00 00 00 00 00 00 00 00 00 00 00 00 00 00 00 00 00 00 00 00 00 00 00 00 00 00 00 00 00 00 00 00 00 00 00 00 00 00 00 00 00 00 00 00 00 00 00 00 00 00 00 00 00 00 00 00 00 00 00 00 00 00 00 00 00 00 00 00 00 00 00 00 00 00 00 00 00 00 00 00 00 00 00 00 00 00 00 01 00 00 02 00 00 01 00 00 00 00 00 00 00 00 00 00 00 00 00 00 00 00 00 00 00 00 00 00 00 00 00 00 00 00 00 00 00 00 00 41 00 41 41 41 41 41 41 41 00 41 41 41 41 41 41 41 00 41 44 44 44 44 44 44 00 44 44 44 44 44 44 44 00 44 44 44 31 32 33 34 00 35 36 37 38 39 31 31 00 31 31 31 31 31 20 20 00 20 20 20 20 20 20 20 00 30 31 32 33 34 35 36 00 41 41 41 41 41 41 41 00 41 41 41 41 41 41 41 00 41 41 44 44 44 44 44 00 44 44 44 44 44 44 44 00 44 44 44 44 20 20 20 00 20 20 20 20 20 20 20 00 20 20 20 20 20 20 49 00 49 49 49 49 49 49 49 00 49 49 49 49 49 49 49 00 49 4E 4E 4E 4E 4E 4E 00 4E 4E 4E 4E 4E 4E 4E 00 4E 4E 4E 20 20 20 20 00 20 20 20 20 20 20 20 00 20 20 20 20 20 31 32 00 33 34 35 36 37 38 39 00 31 31 31 31 31 31 31 00 20 20 20 20 20 20 20 00 20 20 30 31 32 33 34 00 35 36 20 20 20 20 20 00 20 20 20 20 20 20 20 00 20 20 20 20 20 20 20 00 20 20 20 20 20 20 20 00 20 20 20 20 20 20 20 00 20 20 20 20 20 20 20 00 20 20 20 20 20 20 20 00 20 20 20 20 20 20 20 00 20 20 20 20 20 20 20 00 20 20 20 20 20 20 20 00 20 20 20 20 20 20 20 00 20 20 20 20 20 20 20 00 20 20 20 20 20 20 20 00 20 20 20 20 20 20 20 00 20 20 20 20 20 20 20 00 20 20 20 20 20 20 20 00 20 20 20 20 20 20 20 00 20 20 20 20 20 20 20 00 20 20 20 20 53 53 53 00 53 53 53 53 53 53 53 00 53 53 53 53 53 53 31 00 31 31 31 31 31 31 31 00 31 31 31 31 31 31 31 00 31 2D 2D 2D 2D 2D 2D 00 2D 2D 2D 31 31 31 31 00 31 31 31 31 32 33 34 00 35 36 37 38 39 30 31 00 32 33 34 35 36 53 53 00 53 53 53 53 53 53 53 00 53 53 53 53 53 53 53 00 6C 6C 6C 6C 6C 6C 6C 00 6C 6C 6C 6C 6C 6C 6C 00 6C 6C 6F 6F 6F 6F 6F 00 6F 6F 6F 6F 6F 6F 6F 00 6F 6F 6F 6F 74 74 74 00 74 74 74 74 74 74 74 00 74 74 74 74 74 74 31 00 31 31 31 31 31 31 31 00 31 31 31 31 31 31 31 00 31 20 20 20 20 20 20 00 20 20 20 20 20 20 20 00 20 20 20 43 43 43 43 00 43 43 43 43 43 43 43 00 43 43 43 43 43 48 48 00 48 48 48 48 48 48 48 00 48 48 48 48 48 48 48 00 31 32 33 34 35 36 37 00 38 39 31 31 31 31 31 00 31 31 20 20 20 20 20 00 20 20 20 20 30 31 32 00 33 34 35 36 49 49 49 00 49 49 49 49 49 49 20 00 20 20 20 20 20 20 4E 00 4E 4E 4E 4E 4E 4E 4E 00 4E 49 49 49 49 49 49 00 49 20 20 20 20 20 20 00 20 20 20 4E 4E 4E 4E 00 4E 4E 4E 20 20 20 20 00 20 20 20 20 20 20 20 00 20 20 20 20 20 20 20 00 20 20 20 20 20 20 20 00 20 20 20 20 20 20 20 00 20 20 20 20 20 20 20 00 20 20 20 20 20 20 20 00 20 20 32 32 44 44 20 00 20 4C 52 32 32 54 54 00 52 52 20 20 49 49 4E 00 4E 20 20 44 44 69 69 00 67 67 20 20 4C 52 20 00 20 20 20 20 20 20 20 00 53 53 53 53 53 53 53 00 53 53 53 53 53 53 53 00 53 53 31 31 31 31 31 00 31 31 31 31 31 31 31 00 31 31 31 31 2D 2D 2D 00 2D 2D 2D 2D 2D 2D 31 00 31 31 31 31 31 31 31 00 32 33 34 35 36 37 38 00 39 30 31 32 33 34 35 00 36 53 53 53 53 53 53 00 53 53 53 53 53 53 53 00 53 53 53 6C 6C 6C 6C 00 6C 6C 6C 6C 6C 6C 6C 00 6C 6C 6C 6C 6C 6F 6F 00 6F 6F 6F 6F 6F 6F 6F 00 6F 6F 6F 6F 6F 6F 6F 00 74 74 74 74 74 74 74 00 74 74 74 74 74 74 74 00 74 74 31 31 31 31 31 00 31 31 31 31 31 31 31 00 31 31 31 31 20 20 20 00 20 20 20 20 20 20 20 00 20 20 20 20 20 20 43 00 43 43 43 43 43 43 43 00 43 43 43 43 43 43 43 00 43 48 48 48 48 48 48 00 48 48 48 48 48 48 48 00 48 48 48 31 32 33 34 00 35 36 37 38 39 31 31 00 31 31 31 31 31 20 20 00 20 20 20 20 20 20 20 00 30 31 32 33 34 35 36 00 4F 4F 4F 4F 4F 4F 4F 00 4F 4F 20 20 20 20 20 00 20 20 55 55 55 55 55 00 55 55 55 55 4F 4F 4F 00 4F 4F 4F 4F 54 54 54 00 54 54 54 54 54 54 55 00 55 55 55 55 55 55 20 00 20 20 20 20 20 20 20 00 20 54 54 54 54 54 54 00 54 20 20 20 20 20 20 00 20 20 20 20 20 20 20 00 20 20 20 20 20 20 20 00 20 20 20 20 20 20 20 00 20 20 20 20 20 4F 4F 00 4F 4F 4D 4D 4D 4D 4E 00 4E 4E 4E 31 32 33 34 00 4F 4F 4F 4F 4D 4D 4D 00 4D 4E 4E 4E 4E 49 49 00 49 49 20 20 20 20 4F 00 4F 4F 4F 55 55 55 55 00 54 54 54 54 20 20 20 00 20 31 32 33 34 20 20 00 20 20 20 20 20 20 20 00 20 20 20 20 20 20 20 00 20 20 20 20 20 20 20 00 20 32 32 44 44 20 20 00 4C 52 32 32 54 54 52 00 52 20 20 4F 4F 55 55 00 54 54 20 20 44 44 69 00 69 67 67 20 20 4C 52 00 20 20 20 20 20 20 01 00 00 00 00 00 00 00 00 00 00 00 02 01 00 00 00 00 00 02 01 00 00 00 00 00 01 01 01 01 01 01 01 00 01 01 01 01 01 01 01 00 01 01 01 01 01 01 01 00 01 01 01 00 00 00 00 00 00 00 00 00 00 00 00 00 00 00 00 00 00 00 00 00 00 00 00 00 00 00 00 00 00 00 00 00 00 00 00 00 00 00 00 00 00 00 00 00 00 00 00 00 00 00 00 00 00 00 00 00 00 00 00 00 00 00 00 00 00 00 00 00 00 00 00 00 00 61 61 00 61 61 61 61 61 61 61 00 61 61 61 61 61 61 61 00 61 61 61 61 61 61 00 00 00 00 04 00 00 00 00 00 00 00 00 00 01 00 00 00 00 00 00 00 00 00 00 00 00 00 00 00 00 00 00 00 00 00 00 00 00 00 00 00 00 00 00 00 01 01 01 00 01 00 01 00 00 01 00 00 00 00 00 00 00 00 00 00 02 00 00 01 00 00 00 00 00 00 00 00 00 00 00 00 00 00 00 00 00 00 00 00 00 00 00 00 00 00 00 00 00 00 00 00 00 00 00 00 00 00 00 00 00 00 00 00 00 00 00 00 00 00 00 00 00 00 00 00 00 00 00 00 00 00 00 00 00 00 00 00 00 00 00 00 00 00 00 00 00 00 00 00 00 00 00 00 00 00 00 00 00 00 00 00 00 00 00 00 00 00 00 00 00 00 00 00 00 00 00 00 00 00 00 00 00 00 00 00 00 00 00 00 00 00 00 00 00 00 00 00 00 00 00 00 00 23 23 23 23 23 23 00 23 23 23 23 23 23 23 00 23 23 23 23 23 23 23 00 23 23 23 23 23 23 23 00 23 23 23 23
[17:45:47] 💻 S→Y (8b): F0 43 30 3E 0D 13 00 F7
[17:45:47] 🎹 Y→S (239b): F0 43 10 3E 0D 13 00 00 00 00 00 01 00 02 00 00 03 00 04 00 05 00 06 00 00 07 00 08 00 09 00 00 0A 00 0B 00 0C 00 0D 00 00 0E 00 0F 00 10 00 00 11 00 12 00 13 00 14 00 00 15 00 16 00 17 00 00 18 00 19 00 1A 00 1B 00 00 1C 00 1D 00 1E 00 00 1F 00 20 00 21 00 22 00 00 23 00 24 00 25 00 00 26 00 27 00 28 00 29 00 00 2A 00 2B 00 2C 00 00 2D 00 2E 00 2F 00 30 00 00 31 00 32 00 33 00 00 34 00 35 00 36 00 37 00 00 38 00 39 00 3A 00 00 3B 00 3C 00 3D 00 3E 00 00 3F 00 40 00 41 00 00 42 00 43 00 44 00 45 00 00 46 00 47 00 48 00 00 49 00 4A 00 4B 00 4C 00 00 4D 00 4E 00 4F 00 00 50 00 51 00 52 00 53 00 00 54 00 55 00 56 00 00 57 00 58 00 59 00 5A 00 00 5B 00 5C 00 5D 00 00 5E 00 5F 00 60 00 61 00 00 62 00 63 00 64 F7
[17:45:47] 💻 S→Y (239b): F0 43 10 3E 0D 13 00 00 00 00 00 01 00 02 00 00 03 00 04 00 05 00 06 00 00 07 00 08 00 09 00 00 0A 00 0B 00 0C 00 0D 00 00 0E 00 0F 00 10 00 00 11 00 12 00 13 00 14 00 00 15 00 16 00 17 00 00 18 00 19 00 1A 00 1B 00 00 1C 00 1D 00 1E 00 00 1F 00 20 00 21 00 22 00 00 23 00 24 00 25 00 00 26 00 27 00 28 00 29 00 00 2A 00 2B 00 2C 00 00 2D 00 2E 00 2F 00 30 00 00 31 00 32 00 33 00 00 34 00 35 00 36 00 37 00 00 38 00 39 00 3A 00 00 3B 00 3C 00 3D 00 3E 00 00 3F 00 40 00 41 00 00 42 00 43 00 44 00 45 00 00 46 00 47 00 48 00 00 49 00 4A 00 4B 00 4C 00 00 4D 00 4E 00 4F 00 00 50 00 51 00 52 00 53 00 00 54 00 55 00 56 00 00 57 00 58 00 59 00 5A 00 00 5B 00 5C 00 5D 00 00 5E 00 5F 00 60 00 61 00 00 62 00 63 00 64 F7
[17:45:47] 💻 S→Y (16b): F0 43 20 7E 4C 4D 20 20 38 43 39 33 6D 00 01 F7
[17:45:47] 🎹 Y→S (623b): F0 43 00 7E 04 67 4C 4D 20 20 38 43 39 33 6D 00 01 00 00 00 54 45 53 54 45 32 20 00 20 20 20 20 20 20 20 00 20 20 00 07 00 00 00 10 00 15 12 01 6E 62 7A 7F 6E 31 35 7D 7D 7F 5D 68 1B 32 2E 56 0A 14 60 07 29 60 5C 2D 26 05 03 0A 1A 0D 0C 30 71 50 51 21 5A 14 18 28 5B 4E 26 45 50 2E 2D 31 0C 6F 01 01 3A 26 5A 0C 46 06 02 52 48 4C 40 45 62 30 1F 5F 00 0C 24 3E 7F 6E 6F 1F 71 51 36 5A 15 30 77 5F 2E 10 6E 26 00 4C 33 33 2E 40 0C 2D 01 0B 3E 16 00 31 58 28 0F 40 37 65 60 72 4F 63 30 2D 19 74 5D 24 0E 51 55 19 47 10 40 20 7F 72 01 1D 3D 71 73 77 08 5D 1E 36 71 6A 6B 6B 26 12 3E 64 66 1D 20 20 0B 58 0E 60 74 2D 35 6B 29 45 12 5B 44 56 59 79 4B 4C 62 3F 29 36 7A 07 61 5F 09 52 6B 75 78 5E 4D 6F 16 13 49 63 24 75 7F 38 0F 7E 73 18 31 2D 0C 66 2B 7B 70 55 51 31 02 67 3F 23 66 5C 31 11 0B 7B 7A 18 4E 45 6E 1A 77 64 13 0B 27 06 22 00 0E 62 71 35 2A 3B 46 05 20 5C 00 1D 6C 03 51 2C 58 62 0E 44 68 00 02 6E 28 7E 54 2A 75 1C 20 27 47 74 6E 57 4A 79 7A 38 40 7B 2C 41 3F 25 3C 37 24 23 0F 59 47 77 2C 63 56 7F 3A 4F 79 10 12 17 57 7C 72 17 1E 7E 6F 25 44 7C 70 63 49 41 31 5F 0F 4F 49 64 70 6E 64 7E 27 74 0A 76 32 6E 56 4D 5A 57 07 68 59 21 3B 36 28 49 5A 42 57 16 23 58 4B 36 35 3C 0B 57 78 09 4B 5A 3F 14 35 30 45 2D 6C 37 67 7C 1C 3F 37 41 07 39 4E 58 79 5C 5F 7F 1D 6C 4E 35 4A 61 2B 3C 62 1A 22 6A 3F 67 5D 7E 0F 3B 00 29 75 33 53 0B 53 28 54 26 77 22 32 2A 3B 5C 52 74 3A 5F 28 2D 5B 16 1E 4F 4C 0A 35 13 6C 19 5F 7D 73 03 50 34 73 37 33 39 5A 49 1F 4F 62 15 2A 73 67 7D 52 56 54 58 0F 1E 0D 2B 18 76 45 2A 36 4B 52 11 5E 11 52 19 22 28 0C 07 10 70 7C 43 7E 65 0E 32 71 58 73 46 51 54 43 49 27 05 01 57 1A 67 39 17 74 5D 5E 26 0E 68 6F 30 0E 58 68 09 63 68 78 12 06 70 4F 1D 43 7D 7D 76 10 3A 71 0D 41 5F 15 16 47 3D 5B 58 23 74 70 79 40 10 51 48 6F 53 7E 12 52 7B 3D 1E 04 6D 72 71 3A 57 08 38 2B 46 45 27 5B 72 3C 5A 39 7D 73 69 03 3E 7A 00 00 00 07 40 50 37 F7
[17:45:47] 💻 S→Y (623b): F0 43 00 7E 04 67 4C 4D 20 20 38 43 39 33 6D 00 01 00 00 00 54 45 53 54 45 32 20 00 20 20 20 20 20 20 20 00 20 20 00 07 00 00 00 10 00 15 12 01 6E 62 7A 7F 6E 31 35 7D 7D 7F 5D 68 1B 32 2E 56 0A 14 60 07 29 60 5C 2D 26 05 03 0A 1A 0D 0C 30 71 50 51 21 5A 14 18 28 5B 4E 26 45 50 2E 2D 31 0C 6F 01 01 3A 26 5A 0C 46 06 02 52 48 4C 40 45 62 30 1F 5F 00 0C 24 3E 7F 6E 6F 1F 71 51 36 5A 15 30 77 5F 2E 10 6E 26 00 4C 33 33 2E 40 0C 2D 01 0B 3E 16 00 31 58 28 0F 40 37 65 60 72 4F 63 30 2D 19 74 5D 24 0E 51 55 19 47 10 40 20 7F 72 01 1D 3D 71 73 77 08 5D 1E 36 71 6A 6B 6B 26 12 3E 64 66 1D 20 20 0B 58 0E 60 74 2D 35 6B 29 45 12 5B 44 56 59 79 4B 4C 62 3F 29 36 7A 07 61 5F 09 52 6B 75 78 5E 4D 6F 16 13 49 63 24 75 7F 38 0F 7E 73 18 31 2D 0C 66 2B 7B 70 55 51 31 02 67 3F 23 66 5C 31 11 0B 7B 7A 18 4E 45 6E 1A 77 64 13 0B 27 06 22 00 0E 62 71 35 2A 3B 46 05 20 5C 00 1D 6C 03 51 2C 58 62 0E 44 68 00 02 6E 28 7E 54 2A 75 1C 20 27 47 74 6E 57 4A 79 7A 38 40 7B 2C 41 3F 25 3C 37 24 23 0F 59 47 77 2C 63 56 7F 3A 4F 79 10 12 17 57 7C 72 17 1E 7E 6F 25 44 7C 70 63 49 41 31 5F 0F 4F 49 64 70 6E 64 7E 27 74 0A 76 32 6E 56 4D 5A 57 07 68 59 21 3B 36 28 49 5A 42 57 16 23 58 4B 36 35 3C 0B 57 78 09 4B 5A 3F 14 35 30 45 2D 6C 37 67 7C 1C 3F 37 41 07 39 4E 58 79 5C 5F 7F 1D 6C 4E 35 4A 61 2B 3C 62 1A 22 6A 3F 67 5D 7E 0F 3B 00 29 75 33 53 0B 53 28 54 26 77 22 32 2A 3B 5C 52 74 3A 5F 28 2D 5B 16 1E 4F 4C 0A 35 13 6C 19 5F 7D 73 03 50 34 73 37 33 39 5A 49 1F 4F 62 15 2A 73 67 7D 52 56 54 58 0F 1E 0D 2B 18 76 45 2A 36 4B 52 11 5E 11 52 19 22 28 0C 07 10 70 7C 43 7E 65 0E 32 71 58 73 46 51 54 43 49 27 05 01 57 1A 67 39 17 74 5D 5E 26 0E 68 6F 30 0E 58 68 09 63 68 78 12 06 70 4F 1D 43 7D 7D 76 10 3A 71 0D 41 5F 15 16 47 3D 5B 58 23 74 70 79 40 10 51 48 6F 53 7E 12 52 7B 3D 1E 04 6D 72 71 3A 57 08 38 2B 46 45 27 5B 72 3C 5A 39 7D 73 69 03 3E 7A 00 00 00 07 40 50 37 F7
[17:45:47] 💻 S→Y (16b): F0 43 20 7E 4C 4D 20 20 38 43 39 33 6D 00 02 F7
[17:45:47] 🎹 Y→S (16b): F0 43 10 3E 7F 5E 01 6D 00 01 00 00 00 00 00 F7
[17:45:47] 💻 S→Y (16b): F0 43 10 3E 7F 5E 01 6D 00 01 00 00 00 00 00 F7
[17:45:47] 🎹 Y→S (611b): F0 43 00 7E 04 5B 4C 4D 20 20 38 43 39 33 6D 00 02 00 00 00 54 45 53 54 45 32 20 00 20 20 20 20 20 20 20 00 20 20 00 07 00 00 00 10 00 15 12 01 6B 62 7A 7F 6E 31 27 7D 7D 7F 5D 28 5A 38 55 30 70 53 40 67 58 30 2D 16 51 04 02 00 30 68 3B 41 4B 07 1B 06 35 28 30 50 36 1D 45 57 01 52 51 28 0F 40 16 21 23 35 0D 13 40 60 69 06 18 74 0C 6D 22 68 1B 5F 60 06 14 17 5F 7B 3D 52 6A 22 5B 6D 4A 58 6F 11 54 42 75 18 1A 65 19 11 54 31 21 30 34 57 60 37 46 09 0C 6F 06 58 1F 7E 25 75 19 3B 24 0E 51 5A 18 31 0E 00 41 7D 7C 2B 08 69 5F 5F 20 05 31 42 63 6E 15 7D 5C 42 43 45 47 5C 5C 4E 13 5D 46 6A 79 2A 74 61 3D 3A 2A 47 24 65 20 20 0B 6A 0C 2A 41 71 63 68 52 4B 14 41 38 0A 41 7C 0B 48 7A 67 3F 5C 5F 37 39 67 74 7A 77 38 0E 63 35 45 4E 06 1C 14 4E 2F 4C 77 64 2F 78 0E 1F 38 3B 3F 21 50 42 77 70 53 7B 24 57 0B 5E 28 77 00 33 07 46 79 54 34 02 6B 3E 45 60 0A 4F 06 18 16 03 31 07 5D 16 5D 60 15 06 1F 0C 6D 6A 05 1B 44 7B 3E 7D 7D 4A 59 2F 75 17 03 72 5F 2D 06 7D 32 5D 30 0B 7F 5A 4B 5A 4B 5A 4F 7B 3D 59 7F 1F 3A 7C 6F 0C 7B 3A 6C 5D 74 7A 5F 3E 0F 1C 61 35 2B 17 53 52 00 59 3D 59 3E 65 5D 23 6B 0A 46 3A 51 16 31 61 48 7A 16 4E 7D 6A 11 56 7A 06 35 28 56 0A 52 16 7F 33 01 2B 00 16 35 0B 66 78 4B 51 5A 4E 43 6E 30 77 3F 43 7D 18 7B 5C 6F 6C 77 3B 73 73 3D 4E 00 65 0C 11 30 7C 03 4C 75 29 71 70 79 5C 06 27 66 56 27 15 4C 21 29 4D 1D 59 36 23 35 45 2A 07 39 5A 02 5B 39 61 59 79 2B 26 1C 6D 33 35 7B 5A 25 34 53 42 34 09 3A 1E 24 79 14 29 4F 1F 42 64 6D 49 7B 3A 74 21 42 1D 03 3A 15 71 6C 0D 52 79 22 17 28 78 46 28 00 20 4C 04 1C 1E 7C 7F 39 23 2B 1C 6C 7B 43 18 69 79 49 53 22 68 72 0D 23 5C 57 3C 0D 6F 12 06 28 56 17 1A 63 3E 23 0D 41 69 27 19 23 38 65 1F 5A 27 6A 4B 2F 58 5E 1E 01 4C 01 64 37 6B 00 7F 0C 18 01 12 18 39 0D 55 57 4A 17 4E 3E 38 26 6B 39 63 53 38 41 41 5A 15 2A 4F 7E 11 62 45 4F 77 1C 1B 60 73 54 00 12 24 2D F7
[17:45:47] 💻 S→Y (611b): F0 43 00 7E 04 5B 4C 4D 20 20 38 43 39 33 6D 00 02 00 00 00 54 45 53 54 45 32 20 00 20 20 20 20 20 20 20 00 20 20 00 07 00 00 00 10 00 15 12 01 6B 62 7A 7F 6E 31 27 7D 7D 7F 5D 28 5A 38 55 30 70 53 40 67 58 30 2D 16 51 04 02 00 30 68 3B 41 4B 07 1B 06 35 28 30 50 36 1D 45 57 01 52 51 28 0F 40 16 21 23 35 0D 13 40 60 69 06 18 74 0C 6D 22 68 1B 5F 60 06 14 17 5F 7B 3D 52 6A 22 5B 6D 4A 58 6F 11 54 42 75 18 1A 65 19 11 54 31 21 30 34 57 60 37 46 09 0C 6F 06 58 1F 7E 25 75 19 3B 24 0E 51 5A 18 31 0E 00 41 7D 7C 2B 08 69 5F 5F 20 05 31 42 63 6E 15 7D 5C 42 43 45 47 5C 5C 4E 13 5D 46 6A 79 2A 74 61 3D 3A 2A 47 24 65 20 20 0B 6A 0C 2A 41 71 63 68 52 4B 14 41 38 0A 41 7C 0B 48 7A 67 3F 5C 5F 37 39 67 74 7A 77 38 0E 63 35 45 4E 06 1C 14 4E 2F 4C 77 64 2F 78 0E 1F 38 3B 3F 21 50 42 77 70 53 7B 24 57 0B 5E 28 77 00 33 07 46 79 54 34 02 6B 3E 45 60 0A 4F 06 18 16 03 31 07 5D 16 5D 60 15 06 1F 0C 6D 6A 05 1B 44 7B 3E 7D 7D 4A 59 2F 75 17 03 72 5F 2D 06 7D 32 5D 30 0B 7F 5A 4B 5A 4B 5A 4F 7B 3D 59 7F 1F 3A 7C 6F 0C 7B 3A 6C 5D 74 7A 5F 3E 0F 1C 61 35 2B 17 53 52 00 59 3D 59 3E 65 5D 23 6B 0A 46 3A 51 16 31 61 48 7A 16 4E 7D 6A 11 56 7A 06 35 28 56 0A 52 16 7F 33 01 2B 00 16 35 0B 66 78 4B 51 5A 4E 43 6E 30 77 3F 43 7D 18 7B 5C 6F 6C 77 3B 73 73 3D 4E 00 65 0C 11 30 7C 03 4C 75 29 71 70 79 5C 06 27 66 56 27 15 4C 21 29 4D 1D 59 36 23 35 45 2A 07 39 5A 02 5B 39 61 59 79 2B 26 1C 6D 33 35 7B 5A 25 34 53 42 34 09 3A 1E 24 79 14 29 4F 1F 42 64 6D 49 7B 3A 74 21 42 1D 03 3A 15 71 6C 0D 52 79 22 17 28 78 46 28 00 20 4C 04 1C 1E 7C 7F 39 23 2B 1C 6C 7B 43 18 69 79 49 53 22 68 72 0D 23 5C 57 3C 0D 6F 12 06 28 56 17 1A 63 3E 23 0D 41 69 27 19 23 38 65 1F 5A 27 6A 4B 2F 58 5E 1E 01 4C 01 64 37 6B 00 7F 0C 18 01 12 18 39 0D 55 57 4A 17 4E 3E 38 26 6B 39 63 53 38 41 41 5A 15 2A 4F 7E 11 62 45 4F 77 1C 1B 60 73 54 00 12 24 2D F7
[17:45:47] 🎹 Y→S (16b): F0 43 10 3E 7F 5E 01 6D 00 02 00 00 00 00 00 F7
[17:45:47] 💻 S→Y (16b): F0 43 10 3E 7F 5E 01 6D 00 02 00 00 00 00 00 F7
[17:45:47] 💻 S→Y (16b): F0 43 20 7E 4C 4D 20 20 38 43 39 33 6D 00 03 F7
[17:45:47] 🎹 Y→S (623b): F0 43 00 7E 04 67 4C 4D 20 20 38 43 39 33 6D 00 03 00 00 00 54 45 53 54 45 33 20 00 20 20 20 20 20 20 20 00 20 20 00 07 00 00 00 10 00 15 12 01 6E 62 7A 7F 6E 31 27 7D 7D 7F 5C 58 35 71 15 30 70 53 40 66 58 68 0D 16 52 42 41 0A 18 34 1D 03 18 30 71 51 36 70 03 05 0B 69 54 02 58 15 2A 22 23 70 25 78 09 36 21 22 68 0C 1D 1D 23 0E 01 0D 34 57 60 3F 26 15 07 5F 7D 5D 6E 09 2E 1B 6D 29 5B 0D 75 1C 44 3B 11 01 26 33 2A 46 02 68 5A 06 0A 7C 00 2D 63 68 38 46 78 07 3E 0C 0F 62 7E 0F 20 5B 33 49 3B 49 1C 23 1C 60 1D 39 00 03 7D 3E 04 74 77 4F 4F 74 42 50 71 36 4F 0C 5F 56 34 11 54 46 22 15 02 08 3E 28 3F 1E 76 62 36 4A 69 60 16 51 4C 0A 2F 71 77 0E 2B 76 16 60 58 7C 2A 71 3A 4D 73 3D 1B 61 5C 62 42 7A 72 77 5E 2F 67 01 7F 5E 56 2E 25 31 29 0D 4F 17 2D 04 13 1C 73 3D 49 1E 3B 1F 11 18 39 3F 21 04 6C 75 72 53 3B 24 08 5D 3C 07 58 00 39 77 46 54 29 08 1A 16 4C 48 01 3B 57 19 62 58 30 44 1E 09 30 10 06 6D 58 7E 4C 2A 5A 1C 70 13 6A 68 6E 57 4A 7F 7A 38 40 7B 2A 41 3F 37 4C 37 5A 11 3D 2C 5E 45 56 6F 6B 3F 5D 67 7C 59 09 0B 6B 3E 39 0B 1F 31 77 4B 66 7E 78 71 24 71 55 2D 6F 4F 49 64 72 38 64 77 4F 69 15 2C 65 4A 2D 1D 6A 7E 1F 21 64 71 6C 55 21 21 6C 55 2C 7E 46 31 16 18 35 0C 0B 57 78 09 2B 57 3F 12 36 62 1A 56 36 1B 53 3F 1F 3F 0D 70 61 6C 73 35 6E 36 77 60 67 7A 53 0D 32 6F 26 6F 18 06 08 1A 29 5C 77 7F 03 4E 60 2A 7D 39 54 62 74 4A 15 29 3D 7A 4C 2A 0E 57 14 3D 0E 4F 2A 0B 76 65 27 33 79 63 06 20 6D 63 2B 7F 28 29 69 66 6C 53 33 3C 1E 36 29 54 35 68 51 25 3A 03 75 1D 2D 0D 56 5B 21 39 41 3A 42 51 1B 05 70 10 2F 40 6D 0C 01 14 46 05 08 38 3E 21 7F 70 47 2A 5C 6C 7A 43 04 6A 21 6F 53 02 78 6E 0E 79 6E 2E 5D 17 77 0C 51 1C 33 66 47 0C 76 04 31 2E 3C 57 62 50 48 18 47 7A 7A 52 79 75 69 1E 51 66 14 5B 46 13 36 31 47 68 61 5F 01 21 23 10 5E 27 7C 73 24 79 7A 3C 09 5A 69 10 77 2D 10 70 56 55 5A 6B 31 64 78 2F 73 7B 67 10 07 7C 75 00 00 00 3E 00 4D 22 F7
[17:45:47] 💻 S→Y (623b): F0 43 00 7E 04 67 4C 4D 20 20 38 43 39 33 6D 00 03 00 00 00 54 45 53 54 45 33 20 00 20 20 20 20 20 20 20 00 20 20 00 07 00 00 00 10 00 15 12 01 6E 62 7A 7F 6E 31 27 7D 7D 7F 5C 58 35 71 15 30 70 53 40 66 58 68 0D 16 52 42 41 0A 18 34 1D 03 18 30 71 51 36 70 03 05 0B 69 54 02 58 15 2A 22 23 70 25 78 09 36 21 22 68 0C 1D 1D 23 0E 01 0D 34 57 60 3F 26 15 07 5F 7D 5D 6E 09 2E 1B 6D 29 5B 0D 75 1C 44 3B 11 01 26 33 2A 46 02 68 5A 06 0A 7C 00 2D 63 68 38 46 78 07 3E 0C 0F 62 7E 0F 20 5B 33 49 3B 49 1C 23 1C 60 1D 39 00 03 7D 3E 04 74 77 4F 4F 74 42 50 71 36 4F 0C 5F 56 34 11 54 46 22 15 02 08 3E 28 3F 1E 76 62 36 4A 69 60 16 51 4C 0A 2F 71 77 0E 2B 76 16 60 58 7C 2A 71 3A 4D 73 3D 1B 61 5C 62 42 7A 72 77 5E 2F 67 01 7F 5E 56 2E 25 31 29 0D 4F 17 2D 04 13 1C 73 3D 49 1E 3B 1F 11 18 39 3F 21 04 6C 75 72 53 3B 24 08 5D 3C 07 58 00 39 77 46 54 29 08 1A 16 4C 48 01 3B 57 19 62 58 30 44 1E 09 30 10 06 6D 58 7E 4C 2A 5A 1C 70 13 6A 68 6E 57 4A 7F 7A 38 40 7B 2A 41 3F 37 4C 37 5A 11 3D 2C 5E 45 56 6F 6B 3F 5D 67 7C 59 09 0B 6B 3E 39 0B 1F 31 77 4B 66 7E 78 71 24 71 55 2D 6F 4F 49 64 72 38 64 77 4F 69 15 2C 65 4A 2D 1D 6A 7E 1F 21 64 71 6C 55 21 21 6C 55 2C 7E 46 31 16 18 35 0C 0B 57 78 09 2B 57 3F 12 36 62 1A 56 36 1B 53 3F 1F 3F 0D 70 61 6C 73 35 6E 36 77 60 67 7A 53 0D 32 6F 26 6F 18 06 08 1A 29 5C 77 7F 03 4E 60 2A 7D 39 54 62 74 4A 15 29 3D 7A 4C 2A 0E 57 14 3D 0E 4F 2A 0B 76 65 27 33 79 63 06 20 6D 63 2B 7F 28 29 69 66 6C 53 33 3C 1E 36 29 54 35 68 51 25 3A 03 75 1D 2D 0D 56 5B 21 39 41 3A 42 51 1B 05 70 10 2F 40 6D 0C 01 14 46 05 08 38 3E 21 7F 70 47 2A 5C 6C 7A 43 04 6A 21 6F 53 02 78 6E 0E 79 6E 2E 5D 17 77 0C 51 1C 33 66 47 0C 76 04 31 2E 3C 57 62 50 48 18 47 7A 7A 52 79 75 69 1E 51 66 14 5B 46 13 36 31 47 68 61 5F 01 21 23 10 5E 27 7C 73 24 79 7A 3C 09 5A 69 10 77 2D 10 70 56 55 5A 6B 31 64 78 2F 73 7B 67 10 07 7C 75 00 00 00 3E 00 4D 22 F7
[17:45:47] 💻 S→Y (16b): F0 43 20 7E 4C 4D 20 20 38 43 39 33 6D 00 04 F7
[17:45:47] 🎹 Y→S (16b): F0 43 10 3E 7F 5E 01 6D 00 03 00 00 00 00 00 F7
[17:45:47] 💻 S→Y (16b): F0 43 10 3E 7F 5E 01 6D 00 03 00 00 00 00 00 F7
[17:45:47] 🎹 Y→S (623b): F0 43 00 7E 04 67 4C 4D 20 20 38 43 39 33 6D 00 04 00 00 00 54 45 53 54 45 34 20 00 20 20 20 20 20 20 20 00 20 20 00 07 00 00 00 10 00 15 12 01 70 62 7A 7F 6E 31 35 7D 7D 7F 5D 20 5E 59 17 6B 05 0A 30 27 14 68 17 0E 34 30 30 18 63 41 21 14 15 2C 14 23 56 26 06 0A 16 53 29 59 34 0B 0B 0C 63 1B 60 01 4B 11 5A 0C 46 06 02 53 48 4C 40 45 62 5F 00 7E 0C 24 3E 7F 5E 6F 71 3F 51 36 5B 0B 29 20 6E 6A 38 41 7A 1A 06 19 66 20 5C 06 18 5A 03 17 7C 12 00 63 30 53 0F 43 64 62 1E 47 60 5B 33 3B 49 25 1C 23 2C 63 1D 00 03 6F 7D 04 08 69 5F 1F 54 3A 42 58 71 37 0E 5F 57 30 30 11 79 23 25 01 04 06 5F 24 74 07 41 0A 65 35 30 31 0B 68 25 17 3C 4B 3B 67 15 7B 4A 18 7D 21 2A 71 3A 4D 77 1B 5F 7A 29 41 04 76 67 3B 5B 5D 3C 07 5C 67 60 3F 7B 6A 5C 7A 4B 69 0F 2A 7C 4B 70 51 3E 3F 33 5D 11 6F 72 1F 32 7A 6E 7E 07 74 49 59 41 4A 59 23 40 74 6B 45 3C 01 3C 3E 36 66 25 44 48 19 32 2F 02 3E 76 30 44 30 60 08 3B 48 53 2F 06 06 18 7E 3C 1E 0A 3A 17 09 75 72 77 20 2A 0E 7D 5B 7C 3F 0A 45 50 6F 16 5B 16 11 45 71 2C 62 56 71 6B 3F 5D 24 67 7C 66 07 5F 7C 6E 2D 07 5B 77 4F 63 7E 78 3C 71 04 56 2D 3F 4F 49 38 64 70 64 77 0F 69 15 1E 6C 64 2D 14 35 0F 0F 63 50 32 76 6B 50 0C 34 2B 55 2D 46 31 16 14 35 55 1C 0B 58 09 0B 58 3F 78 0E 36 22 56 76 1B 73 6F 3D 7E 1B 5F 43 5A 67 1F 6C 5C 6F 3D 4E 75 67 00 1A 45 49 5C 62 18 22 39 62 2F 5D 6E 0F 3B 00 7E 64 7A 64 62 6C 4A 1C 73 14 5D 66 57 23 35 45 32 2E 43 2E 41 6A 39 61 73 5C 7C 33 4F 36 39 1C 75 7F 6A 1A 71 1A 34 29 0A 7E 2F 04 5A 3A 54 28 2F 51 1B 36 06 1E 0E 33 18 4D 4F 1E 55 71 69 0F 0A 29 7C 4B 52 3A 43 18 01 43 11 02 0E 0F 64 7F 51 39 03 24 76 3D 11 0E 32 74 49 53 62 70 6D 0E 60 69 6E 5D 55 6F 1A 03 5A 46 3C 03 42 3A 02 48 51 58 1E 01 20 66 0E 41 7C 7E 3C 04 3A 75 0F 30 6C 73 0A 43 26 2B 58 63 77 1C 59 01 21 03 10 5D 78 27 3C 24 7A 7A 3C 09 3B 55 4C 6C 5C 20 60 2C 6D 6A 55 67 48 71 62 67 6D 79 4E 0A 73 54 00 3C 40 31 51 F7
[17:45:47] 💻 S→Y (623b): F0 43 00 7E 04 67 4C 4D 20 20 38 43 39 33 6D 00 04 00 00 00 54 45 53 54 45 34 20 00 20 20 20 20 20 20 20 00 20 20 00 07 00 00 00 10 00 15 12 01 70 62 7A 7F 6E 31 35 7D 7D 7F 5D 20 5E 59 17 6B 05 0A 30 27 14 68 17 0E 34 30 30 18 63 41 21 14 15 2C 14 23 56 26 06 0A 16 53 29 59 34 0B 0B 0C 63 1B 60 01 4B 11 5A 0C 46 06 02 53 48 4C 40 45 62 5F 00 7E 0C 24 3E 7F 5E 6F 71 3F 51 36 5B 0B 29 20 6E 6A 38 41 7A 1A 06 19 66 20 5C 06 18 5A 03 17 7C 12 00 63 30 53 0F 43 64 62 1E 47 60 5B 33 3B 49 25 1C 23 2C 63 1D 00 03 6F 7D 04 08 69 5F 1F 54 3A 42 58 71 37 0E 5F 57 30 30 11 79 23 25 01 04 06 5F 24 74 07 41 0A 65 35 30 31 0B 68 25 17 3C 4B 3B 67 15 7B 4A 18 7D 21 2A 71 3A 4D 77 1B 5F 7A 29 41 04 76 67 3B 5B 5D 3C 07 5C 67 60 3F 7B 6A 5C 7A 4B 69 0F 2A 7C 4B 70 51 3E 3F 33 5D 11 6F 72 1F 32 7A 6E 7E 07 74 49 59 41 4A 59 23 40 74 6B 45 3C 01 3C 3E 36 66 25 44 48 19 32 2F 02 3E 76 30 44 30 60 08 3B 48 53 2F 06 06 18 7E 3C 1E 0A 3A 17 09 75 72 77 20 2A 0E 7D 5B 7C 3F 0A 45 50 6F 16 5B 16 11 45 71 2C 62 56 71 6B 3F 5D 24 67 7C 66 07 5F 7C 6E 2D 07 5B 77 4F 63 7E 78 3C 71 04 56 2D 3F 4F 49 38 64 70 64 77 0F 69 15 1E 6C 64 2D 14 35 0F 0F 63 50 32 76 6B 50 0C 34 2B 55 2D 46 31 16 14 35 55 1C 0B 58 09 0B 58 3F 78 0E 36 22 56 76 1B 73 6F 3D 7E 1B 5F 43 5A 67 1F 6C 5C 6F 3D 4E 75 67 00 1A 45 49 5C 62 18 22 39 62 2F 5D 6E 0F 3B 00 7E 64 7A 64 62 6C 4A 1C 73 14 5D 66 57 23 35 45 32 2E 43 2E 41 6A 39 61 73 5C 7C 33 4F 36 39 1C 75 7F 6A 1A 71 1A 34 29 0A 7E 2F 04 5A 3A 54 28 2F 51 1B 36 06 1E 0E 33 18 4D 4F 1E 55 71 69 0F 0A 29 7C 4B 52 3A 43 18 01 43 11 02 0E 0F 64 7F 51 39 03 24 76 3D 11 0E 32 74 49 53 62 70 6D 0E 60 69 6E 5D 55 6F 1A 03 5A 46 3C 03 42 3A 02 48 51 58 1E 01 20 66 0E 41 7C 7E 3C 04 3A 75 0F 30 6C 73 0A 43 26 2B 58 63 77 1C 59 01 21 03 10 5D 78 27 3C 24 7A 7A 3C 09 3B 55 4C 6C 5C 20 60 2C 6D 6A 55 67 48 71 62 67 6D 79 4E 0A 73 54 00 3C 40 31 51 F7
[17:45:47] 💻 S→Y (16b): F0 43 20 7E 4C 4D 20 20 38 43 39 33 6D 00 05 F7
[17:45:47] 🎹 Y→S (16b): F0 43 10 3E 7F 5E 01 6D 00 04 00 00 00 00 00 F7
[17:45:47] 💻 S→Y (16b): F0 43 10 3E 7F 5E 01 6D 00 04 00 00 00 00 00 F7
[17:45:47] 🎹 Y→S (623b): F0 43 00 7E 04 67 4C 4D 20 20 38 43 39 33 6D 00 05 00 00 00 54 45 53 54 45 34 20 00 20 20 20 20 20 20 20 00 20 20 00 07 00 00 00 10 00 15 12 01 70 62 7A 7F 6E 31 35 7D 7D 7F 5D 20 5E 59 17 6B 05 0A 30 27 14 68 17 0E 34 30 30 18 63 41 21 14 15 2C 14 23 56 26 06 0A 16 53 29 59 34 0B 0B 0C 63 1B 60 01 4B 11 5A 0C 46 06 02 53 48 4C 40 45 62 5F 00 7E 0C 24 3E 7F 5E 6F 71 3F 51 36 5B 0B 29 20 6E 6A 38 41 7A 1A 06 19 66 20 5C 06 18 5A 03 17 7C 12 00 63 30 53 0F 43 64 62 1E 47 60 5B 33 3B 49 25 1C 23 2C 63 1D 00 03 6F 7D 04 08 69 5F 1F 54 3A 42 58 71 37 0E 5F 57 30 30 11 79 23 25 01 04 06 5F 24 74 07 41 0A 65 35 30 31 0B 68 25 17 3C 4B 3B 67 15 7B 4A 18 7D 21 2A 71 3A 4D 77 1B 5F 7A 29 41 04 76 67 3B 5B 5D 3C 07 5C 67 60 3F 7B 6A 5C 7A 4B 69 0F 2A 7C 4B 70 51 3E 3F 33 5D 11 6F 72 1F 32 7A 6E 7E 07 74 49 59 41 4A 59 23 40 74 6B 45 3C 01 3C 3E 36 66 25 44 48 19 32 2F 02 3E 76 30 44 30 60 08 3B 48 53 2F 06 06 18 7E 3C 1E 0A 3A 17 09 75 72 77 20 2A 0E 7D 5B 7C 3F 0A 45 50 6F 16 5B 16 11 45 71 2C 62 56 71 6B 3F 5D 24 67 7C 66 07 5F 7C 6E 2D 07 5B 77 4F 63 7E 78 3C 71 04 56 2D 3F 4F 49 38 64 70 64 77 0F 69 15 1E 6C 64 2D 14 35 0F 0F 63 50 32 76 6B 50 0C 34 2B 55 2D 46 31 16 14 35 55 1C 0B 58 09 0B 58 3F 78 0E 36 22 56 76 1B 73 6F 3D 7E 1B 5F 43 5A 67 1F 6C 5C 6F 3D 4E 75 67 00 1A 45 49 5C 62 18 22 39 62 2F 5D 6E 0F 3B 00 7E 64 7A 64 62 6C 4A 1C 73 14 5D 66 57 23 35 45 32 2E 43 2E 41 6A 39 61 73 5C 7C 33 4F 36 39 1C 75 7F 6A 1A 71 1A 34 29 0A 7E 2F 04 5A 3A 54 28 2F 51 1B 36 06 1E 0E 33 18 4D 4F 1E 55 71 69 0F 0A 29 7C 4B 52 3A 43 18 01 43 11 02 0E 0F 64 7F 51 39 03 24 76 3D 11 0E 32 74 49 53 62 70 6D 0E 60 69 6E 5D 55 6F 1A 03 5A 46 3C 03 42 3A 02 48 51 58 1E 01 20 66 0E 41 7C 7E 3C 04 3A 75 0F 30 6C 73 0A 43 26 2B 58 63 77 1C 59 01 21 03 10 5D 78 27 3C 24 7A 7A 3C 09 3B 55 4C 6C 5C 20 60 2C 6D 6A 55 67 48 71 62 67 6D 79 4E 0A 73 54 00 3C 40 31 50 F7
[17:45:47] 💻 S→Y (623b): F0 43 00 7E 04 67 4C 4D 20 20 38 43 39 33 6D 00 05 00 00 00 54 45 53 54 45 34 20 00 20 20 20 20 20 20 20 00 20 20 00 07 00 00 00 10 00 15 12 01 70 62 7A 7F 6E 31 35 7D 7D 7F 5D 20 5E 59 17 6B 05 0A 30 27 14 68 17 0E 34 30 30 18 63 41 21 14 15 2C 14 23 56 26 06 0A 16 53 29 59 34 0B 0B 0C 63 1B 60 01 4B 11 5A 0C 46 06 02 53 48 4C 40 45 62 5F 00 7E 0C 24 3E 7F 5E 6F 71 3F 51 36 5B 0B 29 20 6E 6A 38 41 7A 1A 06 19 66 20 5C 06 18 5A 03 17 7C 12 00 63 30 53 0F 43 64 62 1E 47 60 5B 33 3B 49 25 1C 23 2C 63 1D 00 03 6F 7D 04 08 69 5F 1F 54 3A 42 58 71 37 0E 5F 57 30 30 11 79 23 25 01 04 06 5F 24 74 07 41 0A 65 35 30 31 0B 68 25 17 3C 4B 3B 67 15 7B 4A 18 7D 21 2A 71 3A 4D 77 1B 5F 7A 29 41 04 76 67 3B 5B 5D 3C 07 5C 67 60 3F 7B 6A 5C 7A 4B 69 0F 2A 7C 4B 70 51 3E 3F 33 5D 11 6F 72 1F 32 7A 6E 7E 07 74 49 59 41 4A 59 23 40 74 6B 45 3C 01 3C 3E 36 66 25 44 48 19 32 2F 02 3E 76 30 44 30 60 08 3B 48 53 2F 06 06 18 7E 3C 1E 0A 3A 17 09 75 72 77 20 2A 0E 7D 5B 7C 3F 0A 45 50 6F 16 5B 16 11 45 71 2C 62 56 71 6B 3F 5D 24 67 7C 66 07 5F 7C 6E 2D 07 5B 77 4F 63 7E 78 3C 71 04 56 2D 3F 4F 49 38 64 70 64 77 0F 69 15 1E 6C 64 2D 14 35 0F 0F 63 50 32 76 6B 50 0C 34 2B 55 2D 46 31 16 14 35 55 1C 0B 58 09 0B 58 3F 78 0E 36 22 56 76 1B 73 6F 3D 7E 1B 5F 43 5A 67 1F 6C 5C 6F 3D 4E 75 67 00 1A 45 49 5C 62 18 22 39 62 2F 5D 6E 0F 3B 00 7E 64 7A 64 62 6C 4A 1C 73 14 5D 66 57 23 35 45 32 2E 43 2E 41 6A 39 61 73 5C 7C 33 4F 36 39 1C 75 7F 6A 1A 71 1A 34 29 0A 7E 2F 04 5A 3A 54 28 2F 51 1B 36 06 1E 0E 33 18 4D 4F 1E 55 71 69 0F 0A 29 7C 4B 52 3A 43 18 01 43 11 02 0E 0F 64 7F 51 39 03 24 76 3D 11 0E 32 74 49 53 62 70 6D 0E 60 69 6E 5D 55 6F 1A 03 5A 46 3C 03 42 3A 02 48 51 58 1E 01 20 66 0E 41 7C 7E 3C 04 3A 75 0F 30 6C 73 0A 43 26 2B 58 63 77 1C 59 01 21 03 10 5D 78 27 3C 24 7A 7A 3C 09 3B 55 4C 6C 5C 20 60 2C 6D 6A 55 67 48 71 62 67 6D 79 4E 0A 73 54 00 3C 40 31 50 F7
[17:45:47] 💻 S→Y (16b): F0 43 20 7E 4C 4D 20 20 38 43 39 33 6D 00 06 F7
[17:45:47] 🎹 Y→S (16b): F0 43 10 3E 7F 5E 01 6D 00 05 00 00 00 00 00 F7
[17:45:47] 💻 S→Y (16b): F0 43 10 3E 7F 5E 01 6D 00 05 00 00 00 00 00 F7
[17:45:47] 🎹 Y→S (21b): F0 43 00 7E 00 0D 4C 4D 20 20 38 43 39 33 6D 00 06 00 00 4D F7
[17:45:47] 💻 S→Y (21b): F0 43 00 7E 00 0D 4C 4D 20 20 38 43 39 33 6D 00 06 00 00 4D F7
[17:45:47] 💻 S→Y (16b): F0 43 20 7E 4C 4D 20 20 38 43 39 33 6D 00 07 F7
[17:45:47] 🎹 Y→S (21b): F0 43 00 7E 00 0D 4C 4D 20 20 38 43 39 33 6D 00 07 00 00 4C F7
[17:45:47] 💻 S→Y (21b): F0 43 00 7E 00 0D 4C 4D 20 20 38 43 39 33 6D 00 07 00 00 4C F7
[17:45:47] 💻 S→Y (16b): F0 43 20 7E 4C 4D 20 20 38 43 39 33 6D 00 08 F7
[17:45:47] 🎹 Y→S (21b): F0 43 00 7E 00 0D 4C 4D 20 20 38 43 39 33 6D 00 08 00 00 4B F7
[17:45:47] 💻 S→Y (21b): F0 43 00 7E 00 0D 4C 4D 20 20 38 43 39 33 6D 00 08 00 00 4B F7
[17:45:47] 💻 S→Y (16b): F0 43 20 7E 4C 4D 20 20 38 43 39 33 6D 00 09 F7
[17:45:47] 🎹 Y→S (21b): F0 43 00 7E 00 0D 4C 4D 20 20 38 43 39 33 6D 00 09 00 00 4A F7
[17:45:47] 💻 S→Y (21b): F0 43 00 7E 00 0D 4C 4D 20 20 38 43 39 33 6D 00 09 00 00 4A F7
[17:45:47] 💻 S→Y (16b): F0 43 20 7E 4C 4D 20 20 38 43 39 33 6D 00 0A F7
[17:45:47] 🎹 Y→S (21b): F0 43 00 7E 00 0D 4C 4D 20 20 38 43 39 33 6D 00 0A 00 00 49 F7
[17:45:47] 💻 S→Y (21b): F0 43 00 7E 00 0D 4C 4D 20 20 38 43 39 33 6D 00 0A 00 00 49 F7
[17:45:47] 💻 S→Y (16b): F0 43 20 7E 4C 4D 20 20 38 43 39 33 6D 00 0B F7
[17:45:47] 🎹 Y→S (14b): F0 43 10 3E 7F 01 1C 00 05 00 00 01 54 F7
[17:45:47] 💻 S→Y (14b): F0 43 10 3E 7F 01 1C 00 05 00 00 01 54 F7
[17:45:47] 🎹 Y→S (21b): F0 43 00 7E 00 0D 4C 4D 20 20 38 43 39 33 6D 00 0B 00 00 48 F7
[17:45:47] 💻 S→Y (21b): F0 43 00 7E 00 0D 4C 4D 20 20 38 43 39 33 6D 00 0B 00 00 48 F7
[17:45:47] 💻 S→Y (16b): F0 43 20 7E 4C 4D 20 20 38 43 39 33 6D 00 0C F7
[17:45:47] 🎹 Y→S (21b): F0 43 00 7E 00 0D 4C 4D 20 20 38 43 39 33 6D 00 0C 00 00 47 F7
[17:45:47] 💻 S→Y (21b): F0 43 00 7E 00 0D 4C 4D 20 20 38 43 39 33 6D 00 0C 00 00 47 F7
[17:45:47] 💻 S→Y (16b): F0 43 20 7E 4C 4D 20 20 38 43 39 33 6D 00 0D F7
[17:45:47] 🎹 Y→S (21b): F0 43 00 7E 00 0D 4C 4D 20 20 38 43 39 33 6D 00 0D 00 00 46 F7
[17:45:47] 💻 S→Y (21b): F0 43 00 7E 00 0D 4C 4D 20 20 38 43 39 33 6D 00 0D 00 00 46 F7
[17:45:47] 💻 S→Y (16b): F0 43 20 7E 4C 4D 20 20 38 43 39 33 6D 00 0E F7
[17:45:47] 🎹 Y→S (21b): F0 43 00 7E 00 0D 4C 4D 20 20 38 43 39 33 6D 00 0E 00 00 45 F7
[17:45:47] 💻 S→Y (21b): F0 43 00 7E 00 0D 4C 4D 20 20 38 43 39 33 6D 00 0E 00 00 45 F7
[17:45:47] 💻 S→Y (16b): F0 43 20 7E 4C 4D 20 20 38 43 39 33 6D 00 0F F7
[17:45:47] 🎹 Y→S (21b): F0 43 00 7E 00 0D 4C 4D 20 20 38 43 39 33 6D 00 0F 00 00 44 F7
[17:45:47] 💻 S→Y (21b): F0 43 00 7E 00 0D 4C 4D 20 20 38 43 39 33 6D 00 0F 00 00 44 F7
[17:45:47] 💻 S→Y (16b): F0 43 20 7E 4C 4D 20 20 38 43 39 33 6D 00 10 F7
[17:45:47] 🎹 Y→S (21b): F0 43 00 7E 00 0D 4C 4D 20 20 38 43 39 33 6D 00 10 00 00 43 F7
[17:45:47] 💻 S→Y (21b): F0 43 00 7E 00 0D 4C 4D 20 20 38 43 39 33 6D 00 10 00 00 43 F7
[17:45:47] 💻 S→Y (16b): F0 43 20 7E 4C 4D 20 20 38 43 39 33 6D 00 11 F7
[17:45:47] 🎹 Y→S (21b): F0 43 00 7E 00 0D 4C 4D 20 20 38 43 39 33 6D 00 11 00 00 42 F7
[17:45:47] 💻 S→Y (21b): F0 43 00 7E 00 0D 4C 4D 20 20 38 43 39 33 6D 00 11 00 00 42 F7
[17:45:47] 💻 S→Y (16b): F0 43 20 7E 4C 4D 20 20 38 43 39 33 6D 00 12 F7
[17:45:47] 🎹 Y→S (21b): F0 43 00 7E 00 0D 4C 4D 20 20 38 43 39 33 6D 00 12 00 00 41 F7
[17:45:47] 💻 S→Y (21b): F0 43 00 7E 00 0D 4C 4D 20 20 38 43 39 33 6D 00 12 00 00 41 F7
[17:45:47] 💻 S→Y (16b): F0 43 20 7E 4C 4D 20 20 38 43 39 33 6D 00 13 F7
[17:45:47] 🎹 Y→S (21b): F0 43 00 7E 00 0D 4C 4D 20 20 38 43 39 33 6D 00 13 00 00 40 F7
[17:45:47] 💻 S→Y (21b): F0 43 00 7E 00 0D 4C 4D 20 20 38 43 39 33 6D 00 13 00 00 40 F7
[17:45:47] 💻 S→Y (16b): F0 43 20 7E 4C 4D 20 20 38 43 39 33 6D 00 14 F7
[17:45:47] 🎹 Y→S (21b): F0 43 00 7E 00 0D 4C 4D 20 20 38 43 39 33 6D 00 14 00 00 3F F7
[17:45:47] 💻 S→Y (21b): F0 43 00 7E 00 0D 4C 4D 20 20 38 43 39 33 6D 00 14 00 00 3F F7
[17:45:47] 💻 S→Y (16b): F0 43 20 7E 4C 4D 20 20 38 43 39 33 6D 00 15 F7
[17:45:47] 🎹 Y→S (21b): F0 43 00 7E 00 0D 4C 4D 20 20 38 43 39 33 6D 00 15 00 00 3E F7
[17:45:47] 💻 S→Y (21b): F0 43 00 7E 00 0D 4C 4D 20 20 38 43 39 33 6D 00 15 00 00 3E F7
[17:45:47] 💻 S→Y (16b): F0 43 20 7E 4C 4D 20 20 38 43 39 33 6D 00 16 F7
[17:45:47] 🎹 Y→S (21b): F0 43 00 7E 00 0D 4C 4D 20 20 38 43 39 33 6D 00 16 00 00 3D F7
[17:45:47] 💻 S→Y (21b): F0 43 00 7E 00 0D 4C 4D 20 20 38 43 39 33 6D 00 16 00 00 3D F7
[17:45:47] 💻 S→Y (16b): F0 43 20 7E 4C 4D 20 20 38 43 39 33 6D 00 17 F7
[17:45:47] 🎹 Y→S (21b): F0 43 00 7E 00 0D 4C 4D 20 20 38 43 39 33 6D 00 17 00 00 3C F7
[17:45:47] 💻 S→Y (21b): F0 43 00 7E 00 0D 4C 4D 20 20 38 43 39 33 6D 00 17 00 00 3C F7
[17:45:47] 💻 S→Y (16b): F0 43 20 7E 4C 4D 20 20 38 43 39 33 6D 00 18 F7
[17:45:47] 🎹 Y→S (21b): F0 43 00 7E 00 0D 4C 4D 20 20 38 43 39 33 6D 00 18 00 00 3B F7
[17:45:47] 💻 S→Y (21b): F0 43 00 7E 00 0D 4C 4D 20 20 38 43 39 33 6D 00 18 00 00 3B F7
[17:45:47] 💻 S→Y (16b): F0 43 20 7E 4C 4D 20 20 38 43 39 33 6D 00 19 F7
[17:45:47] 🎹 Y→S (21b): F0 43 00 7E 00 0D 4C 4D 20 20 38 43 39 33 6D 00 19 00 00 3A F7
[17:45:47] 💻 S→Y (21b): F0 43 00 7E 00 0D 4C 4D 20 20 38 43 39 33 6D 00 19 00 00 3A F7
[17:45:47] 💻 S→Y (16b): F0 43 20 7E 4C 4D 20 20 38 43 39 33 6D 00 1A F7
[17:45:47] 🎹 Y→S (21b): F0 43 00 7E 00 0D 4C 4D 20 20 38 43 39 33 6D 00 1A 00 00 39 F7
[17:45:47] 💻 S→Y (21b): F0 43 00 7E 00 0D 4C 4D 20 20 38 43 39 33 6D 00 1A 00 00 39 F7
[17:45:47] 💻 S→Y (16b): F0 43 20 7E 4C 4D 20 20 38 43 39 33 6D 00 1B F7
[17:45:47] 🎹 Y→S (21b): F0 43 00 7E 00 0D 4C 4D 20 20 38 43 39 33 6D 00 1B 00 00 38 F7
[17:45:47] 💻 S→Y (21b): F0 43 00 7E 00 0D 4C 4D 20 20 38 43 39 33 6D 00 1B 00 00 38 F7
[17:45:47] 💻 S→Y (16b): F0 43 20 7E 4C 4D 20 20 38 43 39 33 6D 00 1C F7
[17:45:47] 🎹 Y→S (21b): F0 43 00 7E 00 0D 4C 4D 20 20 38 43 39 33 6D 00 1C 00 00 37 F7
[17:45:47] 💻 S→Y (21b): F0 43 00 7E 00 0D 4C 4D 20 20 38 43 39 33 6D 00 1C 00 00 37 F7
[17:45:47] 💻 S→Y (16b): F0 43 20 7E 4C 4D 20 20 38 43 39 33 6D 00 1D F7
[17:45:47] 🎹 Y→S (21b): F0 43 00 7E 00 0D 4C 4D 20 20 38 43 39 33 6D 00 1D 00 00 36 F7
[17:45:47] 💻 S→Y (21b): F0 43 00 7E 00 0D 4C 4D 20 20 38 43 39 33 6D 00 1D 00 00 36 F7
[17:45:47] 💻 S→Y (16b): F0 43 20 7E 4C 4D 20 20 38 43 39 33 6D 00 1E F7
[17:45:47] 🎹 Y→S (21b): F0 43 00 7E 00 0D 4C 4D 20 20 38 43 39 33 6D 00 1E 00 00 35 F7
[17:45:47] 💻 S→Y (21b): F0 43 00 7E 00 0D 4C 4D 20 20 38 43 39 33 6D 00 1E 00 00 35 F7
[17:45:47] 💻 S→Y (16b): F0 43 20 7E 4C 4D 20 20 38 43 39 33 6D 00 1F F7
[17:45:47] 🎹 Y→S (21b): F0 43 00 7E 00 0D 4C 4D 20 20 38 43 39 33 6D 00 1F 00 00 34 F7
[17:45:47] 💻 S→Y (21b): F0 43 00 7E 00 0D 4C 4D 20 20 38 43 39 33 6D 00 1F 00 00 34 F7
[17:45:47] 💻 S→Y (16b): F0 43 20 7E 4C 4D 20 20 38 43 39 33 6D 00 20 F7
[17:45:47] 🎹 Y→S (21b): F0 43 00 7E 00 0D 4C 4D 20 20 38 43 39 33 6D 00 20 00 00 33 F7
[17:45:47] 💻 S→Y (21b): F0 43 00 7E 00 0D 4C 4D 20 20 38 43 39 33 6D 00 20 00 00 33 F7
[17:45:47] 💻 S→Y (16b): F0 43 20 7E 4C 4D 20 20 38 43 39 33 6D 00 21 F7
[17:45:47] 🎹 Y→S (21b): F0 43 00 7E 00 0D 4C 4D 20 20 38 43 39 33 6D 00 21 00 00 32 F7
[17:45:47] 💻 S→Y (21b): F0 43 00 7E 00 0D 4C 4D 20 20 38 43 39 33 6D 00 21 00 00 32 F7
[17:45:47] 💻 S→Y (16b): F0 43 20 7E 4C 4D 20 20 38 43 39 33 6D 00 22 F7
[17:45:47] 🎹 Y→S (21b): F0 43 00 7E 00 0D 4C 4D 20 20 38 43 39 33 6D 00 22 00 00 31 F7
[17:45:47] 💻 S→Y (21b): F0 43 00 7E 00 0D 4C 4D 20 20 38 43 39 33 6D 00 22 00 00 31 F7
[17:45:47] 💻 S→Y (16b): F0 43 20 7E 4C 4D 20 20 38 43 39 33 6D 00 23 F7
[17:45:47] 🎹 Y→S (21b): F0 43 00 7E 00 0D 4C 4D 20 20 38 43 39 33 6D 00 23 00 00 30 F7
[17:45:47] 💻 S→Y (21b): F0 43 00 7E 00 0D 4C 4D 20 20 38 43 39 33 6D 00 23 00 00 30 F7
[17:45:47] 💻 S→Y (16b): F0 43 20 7E 4C 4D 20 20 38 43 39 33 6D 00 24 F7
[17:45:47] 🎹 Y→S (21b): F0 43 00 7E 00 0D 4C 4D 20 20 38 43 39 33 6D 00 24 00 00 2F F7
[17:45:47] 💻 S→Y (21b): F0 43 00 7E 00 0D 4C 4D 20 20 38 43 39 33 6D 00 24 00 00 2F F7
[17:45:47] 💻 S→Y (16b): F0 43 20 7E 4C 4D 20 20 38 43 39 33 6D 00 25 F7
[17:45:47] 🎹 Y→S (21b): F0 43 00 7E 00 0D 4C 4D 20 20 38 43 39 33 6D 00 25 00 00 2E F7
[17:45:47] 💻 S→Y (21b): F0 43 00 7E 00 0D 4C 4D 20 20 38 43 39 33 6D 00 25 00 00 2E F7
[17:45:47] 💻 S→Y (16b): F0 43 20 7E 4C 4D 20 20 38 43 39 33 6D 00 26 F7
[17:45:47] 🎹 Y→S (21b): F0 43 00 7E 00 0D 4C 4D 20 20 38 43 39 33 6D 00 26 00 00 2D F7
[17:45:47] 💻 S→Y (21b): F0 43 00 7E 00 0D 4C 4D 20 20 38 43 39 33 6D 00 26 00 00 2D F7
[17:45:47] 💻 S→Y (16b): F0 43 20 7E 4C 4D 20 20 38 43 39 33 6D 00 27 F7
[17:45:47] 🎹 Y→S (21b): F0 43 00 7E 00 0D 4C 4D 20 20 38 43 39 33 6D 00 27 00 00 2C F7
[17:45:47] 💻 S→Y (21b): F0 43 00 7E 00 0D 4C 4D 20 20 38 43 39 33 6D 00 27 00 00 2C F7
[17:45:47] 💻 S→Y (16b): F0 43 20 7E 4C 4D 20 20 38 43 39 33 6D 00 28 F7
[17:45:48] 🎹 Y→S (21b): F0 43 00 7E 00 0D 4C 4D 20 20 38 43 39 33 6D 00 28 00 00 2B F7
[17:45:48] 💻 S→Y (21b): F0 43 00 7E 00 0D 4C 4D 20 20 38 43 39 33 6D 00 28 00 00 2B F7
[17:45:48] 💻 S→Y (16b): F0 43 20 7E 4C 4D 20 20 38 43 39 33 6D 00 29 F7
[17:45:48] 🎹 Y→S (21b): F0 43 00 7E 00 0D 4C 4D 20 20 38 43 39 33 6D 00 29 00 00 2A F7
[17:45:48] 💻 S→Y (21b): F0 43 00 7E 00 0D 4C 4D 20 20 38 43 39 33 6D 00 29 00 00 2A F7
[17:45:48] 💻 S→Y (16b): F0 43 20 7E 4C 4D 20 20 38 43 39 33 6D 00 2A F7
[17:45:48] 🎹 Y→S (21b): F0 43 00 7E 00 0D 4C 4D 20 20 38 43 39 33 6D 00 2A 00 00 29 F7
[17:45:48] 💻 S→Y (21b): F0 43 00 7E 00 0D 4C 4D 20 20 38 43 39 33 6D 00 2A 00 00 29 F7
[17:45:48] 💻 S→Y (16b): F0 43 20 7E 4C 4D 20 20 38 43 39 33 6D 00 2B F7
[17:45:48] 🎹 Y→S (21b): F0 43 00 7E 00 0D 4C 4D 20 20 38 43 39 33 6D 00 2B 00 00 28 F7
[17:45:48] 💻 S→Y (21b): F0 43 00 7E 00 0D 4C 4D 20 20 38 43 39 33 6D 00 2B 00 00 28 F7
[17:45:48] 💻 S→Y (16b): F0 43 20 7E 4C 4D 20 20 38 43 39 33 6D 00 2C F7
[17:45:48] 🎹 Y→S (21b): F0 43 00 7E 00 0D 4C 4D 20 20 38 43 39 33 6D 00 2C 00 00 27 F7
[17:45:48] 💻 S→Y (21b): F0 43 00 7E 00 0D 4C 4D 20 20 38 43 39 33 6D 00 2C 00 00 27 F7
[17:45:48] 💻 S→Y (16b): F0 43 20 7E 4C 4D 20 20 38 43 39 33 6D 00 2D F7
[17:45:48] 🎹 Y→S (21b): F0 43 00 7E 00 0D 4C 4D 20 20 38 43 39 33 6D 00 2D 00 00 26 F7
[17:45:48] 💻 S→Y (21b): F0 43 00 7E 00 0D 4C 4D 20 20 38 43 39 33 6D 00 2D 00 00 26 F7
[17:45:48] 💻 S→Y (16b): F0 43 20 7E 4C 4D 20 20 38 43 39 33 6D 00 2E F7
[17:45:48] 🎹 Y→S (21b): F0 43 00 7E 00 0D 4C 4D 20 20 38 43 39 33 6D 00 2E 00 00 25 F7
[17:45:48] 💻 S→Y (21b): F0 43 00 7E 00 0D 4C 4D 20 20 38 43 39 33 6D 00 2E 00 00 25 F7
[17:45:48] 💻 S→Y (16b): F0 43 20 7E 4C 4D 20 20 38 43 39 33 6D 00 2F F7
[17:45:48] 🎹 Y→S (21b): F0 43 00 7E 00 0D 4C 4D 20 20 38 43 39 33 6D 00 2F 00 00 24 F7
[17:45:48] 💻 S→Y (21b): F0 43 00 7E 00 0D 4C 4D 20 20 38 43 39 33 6D 00 2F 00 00 24 F7
[17:45:48] 💻 S→Y (16b): F0 43 20 7E 4C 4D 20 20 38 43 39 33 6D 00 30 F7
[17:45:48] 🎹 Y→S (21b): F0 43 00 7E 00 0D 4C 4D 20 20 38 43 39 33 6D 00 30 00 00 23 F7
[17:45:48] 💻 S→Y (21b): F0 43 00 7E 00 0D 4C 4D 20 20 38 43 39 33 6D 00 30 00 00 23 F7
[17:45:48] 💻 S→Y (16b): F0 43 20 7E 4C 4D 20 20 38 43 39 33 6D 00 31 F7
[17:45:48] 🎹 Y→S (21b): F0 43 00 7E 00 0D 4C 4D 20 20 38 43 39 33 6D 00 31 00 00 22 F7
[17:45:48] 💻 S→Y (21b): F0 43 00 7E 00 0D 4C 4D 20 20 38 43 39 33 6D 00 31 00 00 22 F7
[17:45:48] 💻 S→Y (16b): F0 43 20 7E 4C 4D 20 20 38 43 39 33 6D 00 32 F7
[17:45:48] 🎹 Y→S (21b): F0 43 00 7E 00 0D 4C 4D 20 20 38 43 39 33 6D 00 32 00 00 21 F7
[17:45:48] 💻 S→Y (21b): F0 43 00 7E 00 0D 4C 4D 20 20 38 43 39 33 6D 00 32 00 00 21 F7
[17:45:48] 💻 S→Y (16b): F0 43 20 7E 4C 4D 20 20 38 43 39 33 6D 00 33 F7
[17:45:48] 🎹 Y→S (21b): F0 43 00 7E 00 0D 4C 4D 20 20 38 43 39 33 6D 00 33 00 00 20 F7
[17:45:48] 💻 S→Y (21b): F0 43 00 7E 00 0D 4C 4D 20 20 38 43 39 33 6D 00 33 00 00 20 F7
[17:45:48] 💻 S→Y (16b): F0 43 20 7E 4C 4D 20 20 38 43 39 33 6D 00 34 F7
[17:45:48] 🎹 Y→S (21b): F0 43 00 7E 00 0D 4C 4D 20 20 38 43 39 33 6D 00 34 00 00 1F F7
[17:45:48] 💻 S→Y (21b): F0 43 00 7E 00 0D 4C 4D 20 20 38 43 39 33 6D 00 34 00 00 1F F7
[17:45:48] 💻 S→Y (16b): F0 43 20 7E 4C 4D 20 20 38 43 39 33 6D 00 35 F7
[17:45:48] 🎹 Y→S (21b): F0 43 00 7E 00 0D 4C 4D 20 20 38 43 39 33 6D 00 35 00 00 1E F7
[17:45:48] 💻 S→Y (21b): F0 43 00 7E 00 0D 4C 4D 20 20 38 43 39 33 6D 00 35 00 00 1E F7
[17:45:48] 💻 S→Y (16b): F0 43 20 7E 4C 4D 20 20 38 43 39 33 6D 00 36 F7
[17:45:48] 🎹 Y→S (21b): F0 43 00 7E 00 0D 4C 4D 20 20 38 43 39 33 6D 00 36 00 00 1D F7
[17:45:48] 💻 S→Y (21b): F0 43 00 7E 00 0D 4C 4D 20 20 38 43 39 33 6D 00 36 00 00 1D F7
[17:45:48] 💻 S→Y (16b): F0 43 20 7E 4C 4D 20 20 38 43 39 33 6D 00 37 F7
[17:45:48] 🎹 Y→S (21b): F0 43 00 7E 00 0D 4C 4D 20 20 38 43 39 33 6D 00 37 00 00 1C F7
[17:45:48] 💻 S→Y (21b): F0 43 00 7E 00 0D 4C 4D 20 20 38 43 39 33 6D 00 37 00 00 1C F7
[17:45:48] 💻 S→Y (16b): F0 43 20 7E 4C 4D 20 20 38 43 39 33 6D 00 38 F7
[17:45:48] 🎹 Y→S (21b): F0 43 00 7E 00 0D 4C 4D 20 20 38 43 39 33 6D 00 38 00 00 1B F7
[17:45:48] 💻 S→Y (21b): F0 43 00 7E 00 0D 4C 4D 20 20 38 43 39 33 6D 00 38 00 00 1B F7
[17:45:48] 💻 S→Y (16b): F0 43 20 7E 4C 4D 20 20 38 43 39 33 6D 00 39 F7
[17:45:48] 🎹 Y→S (21b): F0 43 00 7E 00 0D 4C 4D 20 20 38 43 39 33 6D 00 39 00 00 1A F7
[17:45:48] 💻 S→Y (21b): F0 43 00 7E 00 0D 4C 4D 20 20 38 43 39 33 6D 00 39 00 00 1A F7
[17:45:48] 💻 S→Y (16b): F0 43 20 7E 4C 4D 20 20 38 43 39 33 6D 00 3A F7
[17:45:48] 🎹 Y→S (21b): F0 43 00 7E 00 0D 4C 4D 20 20 38 43 39 33 6D 00 3A 00 00 19 F7
[17:45:48] 💻 S→Y (21b): F0 43 00 7E 00 0D 4C 4D 20 20 38 43 39 33 6D 00 3A 00 00 19 F7
[17:45:48] 💻 S→Y (16b): F0 43 20 7E 4C 4D 20 20 38 43 39 33 6D 00 3B F7
[17:45:48] 🎹 Y→S (21b): F0 43 00 7E 00 0D 4C 4D 20 20 38 43 39 33 6D 00 3B 00 00 18 F7
[17:45:48] 💻 S→Y (21b): F0 43 00 7E 00 0D 4C 4D 20 20 38 43 39 33 6D 00 3B 00 00 18 F7
[17:45:48] 💻 S→Y (16b): F0 43 20 7E 4C 4D 20 20 38 43 39 33 6D 00 3C F7
[17:45:48] 🎹 Y→S (21b): F0 43 00 7E 00 0D 4C 4D 20 20 38 43 39 33 6D 00 3C 00 00 17 F7
[17:45:48] 💻 S→Y (21b): F0 43 00 7E 00 0D 4C 4D 20 20 38 43 39 33 6D 00 3C 00 00 17 F7
[17:45:48] 💻 S→Y (16b): F0 43 20 7E 4C 4D 20 20 38 43 39 33 6D 00 3D F7
[17:45:48] 🎹 Y→S (21b): F0 43 00 7E 00 0D 4C 4D 20 20 38 43 39 33 6D 00 3D 00 00 16 F7
[17:45:48] 💻 S→Y (21b): F0 43 00 7E 00 0D 4C 4D 20 20 38 43 39 33 6D 00 3D 00 00 16 F7
[17:45:48] 💻 S→Y (16b): F0 43 20 7E 4C 4D 20 20 38 43 39 33 6D 00 3E F7
[17:45:48] 🎹 Y→S (21b): F0 43 00 7E 00 0D 4C 4D 20 20 38 43 39 33 6D 00 3E 00 00 15 F7
[17:45:48] 💻 S→Y (21b): F0 43 00 7E 00 0D 4C 4D 20 20 38 43 39 33 6D 00 3E 00 00 15 F7
[17:45:48] 💻 S→Y (16b): F0 43 20 7E 4C 4D 20 20 38 43 39 33 6D 00 3F F7
[17:45:48] 🎹 Y→S (21b): F0 43 00 7E 00 0D 4C 4D 20 20 38 43 39 33 6D 00 3F 00 00 14 F7
[17:45:48] 💻 S→Y (21b): F0 43 00 7E 00 0D 4C 4D 20 20 38 43 39 33 6D 00 3F 00 00 14 F7
[17:45:48] 💻 S→Y (16b): F0 43 20 7E 4C 4D 20 20 38 43 39 33 6D 00 40 F7
[17:45:48] 🎹 Y→S (21b): F0 43 00 7E 00 0D 4C 4D 20 20 38 43 39 33 6D 00 40 00 00 13 F7
[17:45:48] 💻 S→Y (21b): F0 43 00 7E 00 0D 4C 4D 20 20 38 43 39 33 6D 00 40 00 00 13 F7
[17:45:48] 💻 S→Y (16b): F0 43 20 7E 4C 4D 20 20 38 43 39 33 6D 00 41 F7
[17:45:48] 🎹 Y→S (21b): F0 43 00 7E 00 0D 4C 4D 20 20 38 43 39 33 6D 00 41 00 00 12 F7
[17:45:48] 💻 S→Y (21b): F0 43 00 7E 00 0D 4C 4D 20 20 38 43 39 33 6D 00 41 00 00 12 F7
[17:45:48] 💻 S→Y (16b): F0 43 20 7E 4C 4D 20 20 38 43 39 33 6D 00 42 F7
[17:45:48] 🎹 Y→S (21b): F0 43 00 7E 00 0D 4C 4D 20 20 38 43 39 33 6D 00 42 00 00 11 F7
[17:45:48] 💻 S→Y (21b): F0 43 00 7E 00 0D 4C 4D 20 20 38 43 39 33 6D 00 42 00 00 11 F7
[17:45:48] 💻 S→Y (16b): F0 43 20 7E 4C 4D 20 20 38 43 39 33 6D 00 43 F7
[17:45:48] 🎹 Y→S (21b): F0 43 00 7E 00 0D 4C 4D 20 20 38 43 39 33 6D 00 43 00 00 10 F7
[17:45:48] 💻 S→Y (21b): F0 43 00 7E 00 0D 4C 4D 20 20 38 43 39 33 6D 00 43 00 00 10 F7
[17:45:48] 💻 S→Y (16b): F0 43 20 7E 4C 4D 20 20 38 43 39 33 6D 00 44 F7
[17:45:48] 🎹 Y→S (21b): F0 43 00 7E 00 0D 4C 4D 20 20 38 43 39 33 6D 00 44 00 00 0F F7
[17:45:48] 💻 S→Y (21b): F0 43 00 7E 00 0D 4C 4D 20 20 38 43 39 33 6D 00 44 00 00 0F F7
[17:45:48] 💻 S→Y (16b): F0 43 20 7E 4C 4D 20 20 38 43 39 33 6D 00 45 F7
[17:45:48] 🎹 Y→S (21b): F0 43 00 7E 00 0D 4C 4D 20 20 38 43 39 33 6D 00 45 00 00 0E F7
[17:45:48] 💻 S→Y (21b): F0 43 00 7E 00 0D 4C 4D 20 20 38 43 39 33 6D 00 45 00 00 0E F7
[17:45:48] 💻 S→Y (16b): F0 43 20 7E 4C 4D 20 20 38 43 39 33 6D 00 46 F7
[17:45:48] 🎹 Y→S (21b): F0 43 00 7E 00 0D 4C 4D 20 20 38 43 39 33 6D 00 46 00 00 0D F7
[17:45:48] 💻 S→Y (21b): F0 43 00 7E 00 0D 4C 4D 20 20 38 43 39 33 6D 00 46 00 00 0D F7
[17:45:48] 💻 S→Y (16b): F0 43 20 7E 4C 4D 20 20 38 43 39 33 6D 00 47 F7
[17:45:48] 🎹 Y→S (21b): F0 43 00 7E 00 0D 4C 4D 20 20 38 43 39 33 6D 00 47 00 00 0C F7
[17:45:48] 💻 S→Y (21b): F0 43 00 7E 00 0D 4C 4D 20 20 38 43 39 33 6D 00 47 00 00 0C F7
[17:45:48] 💻 S→Y (16b): F0 43 20 7E 4C 4D 20 20 38 43 39 33 6D 00 48 F7
[17:45:48] 🎹 Y→S (21b): F0 43 00 7E 00 0D 4C 4D 20 20 38 43 39 33 6D 00 48 00 00 0B F7
[17:45:48] 💻 S→Y (21b): F0 43 00 7E 00 0D 4C 4D 20 20 38 43 39 33 6D 00 48 00 00 0B F7
[17:45:48] 💻 S→Y (16b): F0 43 20 7E 4C 4D 20 20 38 43 39 33 6D 00 49 F7
[17:45:48] 🎹 Y→S (21b): F0 43 00 7E 00 0D 4C 4D 20 20 38 43 39 33 6D 00 49 00 00 0A F7
[17:45:48] 💻 S→Y (21b): F0 43 00 7E 00 0D 4C 4D 20 20 38 43 39 33 6D 00 49 00 00 0A F7
[17:45:48] 💻 S→Y (16b): F0 43 20 7E 4C 4D 20 20 38 43 39 33 6D 00 4A F7
[17:45:48] 🎹 Y→S (21b): F0 43 00 7E 00 0D 4C 4D 20 20 38 43 39 33 6D 00 4A 00 00 09 F7
[17:45:48] 💻 S→Y (21b): F0 43 00 7E 00 0D 4C 4D 20 20 38 43 39 33 6D 00 4A 00 00 09 F7
[17:45:48] 💻 S→Y (16b): F0 43 20 7E 4C 4D 20 20 38 43 39 33 6D 00 4B F7
[17:45:48] 🎹 Y→S (21b): F0 43 00 7E 00 0D 4C 4D 20 20 38 43 39 33 6D 00 4B 00 00 08 F7
[17:45:48] 💻 S→Y (21b): F0 43 00 7E 00 0D 4C 4D 20 20 38 43 39 33 6D 00 4B 00 00 08 F7
[17:45:48] 💻 S→Y (16b): F0 43 20 7E 4C 4D 20 20 38 43 39 33 6D 00 4C F7
[17:45:48] 🎹 Y→S (21b): F0 43 00 7E 00 0D 4C 4D 20 20 38 43 39 33 6D 00 4C 00 00 07 F7
[17:45:48] 💻 S→Y (21b): F0 43 00 7E 00 0D 4C 4D 20 20 38 43 39 33 6D 00 4C 00 00 07 F7
[17:45:48] 💻 S→Y (16b): F0 43 20 7E 4C 4D 20 20 38 43 39 33 6D 00 4D F7
[17:45:48] 🎹 Y→S (21b): F0 43 00 7E 00 0D 4C 4D 20 20 38 43 39 33 6D 00 4D 00 00 06 F7
[17:45:48] 💻 S→Y (21b): F0 43 00 7E 00 0D 4C 4D 20 20 38 43 39 33 6D 00 4D 00 00 06 F7
[17:45:48] 💻 S→Y (16b): F0 43 20 7E 4C 4D 20 20 38 43 39 33 6D 00 4E F7
[17:45:48] 🎹 Y→S (21b): F0 43 00 7E 00 0D 4C 4D 20 20 38 43 39 33 6D 00 4E 00 00 05 F7
[17:45:48] 💻 S→Y (21b): F0 43 00 7E 00 0D 4C 4D 20 20 38 43 39 33 6D 00 4E 00 00 05 F7
[17:45:48] 💻 S→Y (16b): F0 43 20 7E 4C 4D 20 20 38 43 39 33 6D 00 4F F7
[17:45:48] 🎹 Y→S (14b): F0 43 10 3E 7F 01 1C 00 06 00 00 01 61 F7
[17:45:48] 💻 S→Y (14b): F0 43 10 3E 7F 01 1C 00 06 00 00 01 61 F7
[17:45:48] 🎹 Y→S (21b): F0 43 00 7E 00 0D 4C 4D 20 20 38 43 39 33 6D 00 4F 00 00 04 F7
[17:45:48] 💻 S→Y (21b): F0 43 00 7E 00 0D 4C 4D 20 20 38 43 39 33 6D 00 4F 00 00 04 F7
[17:45:48] 💻 S→Y (16b): F0 43 20 7E 4C 4D 20 20 38 43 39 33 6D 00 50 F7
[17:45:48] 🎹 Y→S (21b): F0 43 00 7E 00 0D 4C 4D 20 20 38 43 39 33 6D 00 50 00 00 03 F7
[17:45:48] 💻 S→Y (21b): F0 43 00 7E 00 0D 4C 4D 20 20 38 43 39 33 6D 00 50 00 00 03 F7
[17:45:48] 💻 S→Y (16b): F0 43 20 7E 4C 4D 20 20 38 43 39 33 6D 00 51 F7
[17:45:48] 🎹 Y→S (21b): F0 43 00 7E 00 0D 4C 4D 20 20 38 43 39 33 6D 00 51 00 00 02 F7
[17:45:48] 💻 S→Y (21b): F0 43 00 7E 00 0D 4C 4D 20 20 38 43 39 33 6D 00 51 00 00 02 F7
[17:45:48] 💻 S→Y (16b): F0 43 20 7E 4C 4D 20 20 38 43 39 33 6D 00 52 F7
[17:45:48] 🎹 Y→S (21b): F0 43 00 7E 00 0D 4C 4D 20 20 38 43 39 33 6D 00 52 00 00 01 F7
[17:45:48] 💻 S→Y (21b): F0 43 00 7E 00 0D 4C 4D 20 20 38 43 39 33 6D 00 52 00 00 01 F7
[17:45:48] 💻 S→Y (16b): F0 43 20 7E 4C 4D 20 20 38 43 39 33 6D 00 53 F7
[17:45:48] 🎹 Y→S (21b): F0 43 00 7E 00 0D 4C 4D 20 20 38 43 39 33 6D 00 53 00 00 00 F7
[17:45:48] 💻 S→Y (21b): F0 43 00 7E 00 0D 4C 4D 20 20 38 43 39 33 6D 00 53 00 00 00 F7
[17:45:48] 💻 S→Y (16b): F0 43 20 7E 4C 4D 20 20 38 43 39 33 6D 00 54 F7
[17:45:48] 🎹 Y→S (21b): F0 43 00 7E 00 0D 4C 4D 20 20 38 43 39 33 6D 00 54 00 00 7F F7
[17:45:48] 💻 S→Y (21b): F0 43 00 7E 00 0D 4C 4D 20 20 38 43 39 33 6D 00 54 00 00 7F F7
[17:45:48] 💻 S→Y (16b): F0 43 20 7E 4C 4D 20 20 38 43 39 33 6D 00 55 F7
[17:45:48] 🎹 Y→S (21b): F0 43 00 7E 00 0D 4C 4D 20 20 38 43 39 33 6D 00 55 00 00 7E F7
[17:45:48] 💻 S→Y (21b): F0 43 00 7E 00 0D 4C 4D 20 20 38 43 39 33 6D 00 55 00 00 7E F7
[17:45:48] 💻 S→Y (16b): F0 43 20 7E 4C 4D 20 20 38 43 39 33 6D 00 56 F7
[17:45:48] 🎹 Y→S (21b): F0 43 00 7E 00 0D 4C 4D 20 20 38 43 39 33 6D 00 56 00 00 7D F7
[17:45:48] 💻 S→Y (21b): F0 43 00 7E 00 0D 4C 4D 20 20 38 43 39 33 6D 00 56 00 00 7D F7
[17:45:48] 💻 S→Y (16b): F0 43 20 7E 4C 4D 20 20 38 43 39 33 6D 00 57 F7
[17:45:48] 🎹 Y→S (21b): F0 43 00 7E 00 0D 4C 4D 20 20 38 43 39 33 6D 00 57 00 00 7C F7
[17:45:48] 💻 S→Y (21b): F0 43 00 7E 00 0D 4C 4D 20 20 38 43 39 33 6D 00 57 00 00 7C F7
[17:45:48] 💻 S→Y (16b): F0 43 20 7E 4C 4D 20 20 38 43 39 33 6D 00 58 F7
[17:45:48] 🎹 Y→S (21b): F0 43 00 7E 00 0D 4C 4D 20 20 38 43 39 33 6D 00 58 00 00 7B F7
[17:45:48] 💻 S→Y (21b): F0 43 00 7E 00 0D 4C 4D 20 20 38 43 39 33 6D 00 58 00 00 7B F7
[17:45:48] 💻 S→Y (16b): F0 43 20 7E 4C 4D 20 20 38 43 39 33 6D 00 59 F7
[17:45:48] 🎹 Y→S (21b): F0 43 00 7E 00 0D 4C 4D 20 20 38 43 39 33 6D 00 59 00 00 7A F7
[17:45:48] 💻 S→Y (21b): F0 43 00 7E 00 0D 4C 4D 20 20 38 43 39 33 6D 00 59 00 00 7A F7
[17:45:48] 💻 S→Y (16b): F0 43 20 7E 4C 4D 20 20 38 43 39 33 6D 00 5A F7
[17:45:48] 🎹 Y→S (21b): F0 43 00 7E 00 0D 4C 4D 20 20 38 43 39 33 6D 00 5A 00 00 79 F7
[17:45:48] 💻 S→Y (21b): F0 43 00 7E 00 0D 4C 4D 20 20 38 43 39 33 6D 00 5A 00 00 79 F7
[17:45:48] 💻 S→Y (16b): F0 43 20 7E 4C 4D 20 20 38 43 39 33 6D 00 5B F7
[17:45:48] 🎹 Y→S (21b): F0 43 00 7E 00 0D 4C 4D 20 20 38 43 39 33 6D 00 5B 00 00 78 F7
[17:45:48] 💻 S→Y (21b): F0 43 00 7E 00 0D 4C 4D 20 20 38 43 39 33 6D 00 5B 00 00 78 F7
[17:45:48] 💻 S→Y (16b): F0 43 20 7E 4C 4D 20 20 38 43 39 33 6D 00 5C F7
[17:45:48] 🎹 Y→S (21b): F0 43 00 7E 00 0D 4C 4D 20 20 38 43 39 33 6D 00 5C 00 00 77 F7
[17:45:48] 💻 S→Y (21b): F0 43 00 7E 00 0D 4C 4D 20 20 38 43 39 33 6D 00 5C 00 00 77 F7
[17:45:48] 💻 S→Y (16b): F0 43 20 7E 4C 4D 20 20 38 43 39 33 6D 00 5D F7
[17:45:48] 🎹 Y→S (21b): F0 43 00 7E 00 0D 4C 4D 20 20 38 43 39 33 6D 00 5D 00 00 76 F7
[17:45:48] 💻 S→Y (21b): F0 43 00 7E 00 0D 4C 4D 20 20 38 43 39 33 6D 00 5D 00 00 76 F7
[17:45:48] 💻 S→Y (16b): F0 43 20 7E 4C 4D 20 20 38 43 39 33 6D 00 5E F7
[17:45:48] 🎹 Y→S (21b): F0 43 00 7E 00 0D 4C 4D 20 20 38 43 39 33 6D 00 5E 00 00 75 F7
[17:45:48] 💻 S→Y (21b): F0 43 00 7E 00 0D 4C 4D 20 20 38 43 39 33 6D 00 5E 00 00 75 F7
[17:45:48] 💻 S→Y (16b): F0 43 20 7E 4C 4D 20 20 38 43 39 33 6D 00 5F F7
[17:45:48] 🎹 Y→S (21b): F0 43 00 7E 00 0D 4C 4D 20 20 38 43 39 33 6D 00 5F 00 00 74 F7
[17:45:48] 💻 S→Y (21b): F0 43 00 7E 00 0D 4C 4D 20 20 38 43 39 33 6D 00 5F 00 00 74 F7
[17:45:48] 💻 S→Y (16b): F0 43 20 7E 4C 4D 20 20 38 43 39 33 6D 00 60 F7
[17:45:48] 🎹 Y→S (21b): F0 43 00 7E 00 0D 4C 4D 20 20 38 43 39 33 6D 00 60 00 00 73 F7
[17:45:48] 💻 S→Y (21b): F0 43 00 7E 00 0D 4C 4D 20 20 38 43 39 33 6D 00 60 00 00 73 F7
[17:45:48] 💻 S→Y (16b): F0 43 20 7E 4C 4D 20 20 38 43 39 33 6D 00 61 F7
[17:45:48] 🎹 Y→S (21b): F0 43 00 7E 00 0D 4C 4D 20 20 38 43 39 33 6D 00 61 00 00 72 F7
[17:45:48] 💻 S→Y (21b): F0 43 00 7E 00 0D 4C 4D 20 20 38 43 39 33 6D 00 61 00 00 72 F7
[17:45:48] 💻 S→Y (16b): F0 43 20 7E 4C 4D 20 20 38 43 39 33 6D 00 62 F7
[17:45:48] 🎹 Y→S (21b): F0 43 00 7E 00 0D 4C 4D 20 20 38 43 39 33 6D 00 62 00 00 71 F7
[17:45:48] 💻 S→Y (21b): F0 43 00 7E 00 0D 4C 4D 20 20 38 43 39 33 6D 00 62 00 00 71 F7
[17:45:48] 💻 S→Y (16b): F0 43 20 7E 4C 4D 20 20 38 43 39 33 6D 00 63 F7
[17:45:48] 🎹 Y→S (21b): F0 43 00 7E 00 0D 4C 4D 20 20 38 43 39 33 6D 00 63 00 00 70 F7
[17:45:48] 💻 S→Y (21b): F0 43 00 7E 00 0D 4C 4D 20 20 38 43 39 33 6D 00 63 00 00 70 F7
[17:45:48] 💻 S→Y (16b): F0 43 20 7E 4C 4D 20 20 38 43 39 33 6D 00 65 F7
[17:45:48] 🎹 Y→S (21b): F0 43 00 7E 00 0D 4C 4D 20 20 38 43 39 33 6D 00 65 00 00 6E F7
[17:45:48] 💻 S→Y (21b): F0 43 00 7E 00 0D 4C 4D 20 20 38 43 39 33 6D 00 65 00 00 6E F7
[17:45:48] 💻 S→Y (16b): F0 43 20 7E 4C 4D 20 20 38 43 39 33 6D 00 66 F7
[17:45:48] 🎹 Y→S (21b): F0 43 00 7E 00 0D 4C 4D 20 20 38 43 39 33 6D 00 66 00 00 6D F7
[17:45:48] 💻 S→Y (21b): F0 43 00 7E 00 0D 4C 4D 20 20 38 43 39 33 6D 00 66 00 00 6D F7
[17:45:48] 💻 S→Y (16b): F0 43 20 7E 4C 4D 20 20 38 43 39 33 6D 00 67 F7
[17:45:48] 🎹 Y→S (21b): F0 43 00 7E 00 0D 4C 4D 20 20 38 43 39 33 6D 00 67 00 00 6C F7
[17:45:48] 💻 S→Y (21b): F0 43 00 7E 00 0D 4C 4D 20 20 38 43 39 33 6D 00 67 00 00 6C F7
[17:45:48] 💻 S→Y (16b): F0 43 20 7E 4C 4D 20 20 38 43 39 33 6D 00 68 F7
[17:45:48] 🎹 Y→S (21b): F0 43 00 7E 00 0D 4C 4D 20 20 38 43 39 33 6D 00 68 00 00 6B F7
[17:45:48] 💻 S→Y (21b): F0 43 00 7E 00 0D 4C 4D 20 20 38 43 39 33 6D 00 68 00 00 6B F7
[17:45:48] 💻 S→Y (16b): F0 43 20 7E 4C 4D 20 20 38 43 39 33 6D 00 69 F7
[17:45:48] 🎹 Y→S (21b): F0 43 00 7E 00 0D 4C 4D 20 20 38 43 39 33 6D 00 69 00 00 6A F7
[17:45:48] 💻 S→Y (21b): F0 43 00 7E 00 0D 4C 4D 20 20 38 43 39 33 6D 00 69 00 00 6A F7
[17:45:48] 💻 S→Y (16b): F0 43 20 7E 4C 4D 20 20 38 43 39 33 6D 00 6A F7
[17:45:48] 🎹 Y→S (21b): F0 43 00 7E 00 0D 4C 4D 20 20 38 43 39 33 6D 00 6A 00 00 69 F7
[17:45:48] 💻 S→Y (21b): F0 43 00 7E 00 0D 4C 4D 20 20 38 43 39 33 6D 00 6A 00 00 69 F7
[17:45:48] 💻 S→Y (16b): F0 43 20 7E 4C 4D 20 20 38 43 39 33 6D 00 6B F7
[17:45:48] 🎹 Y→S (21b): F0 43 00 7E 00 0D 4C 4D 20 20 38 43 39 33 6D 00 6B 00 00 68 F7
[17:45:48] 💻 S→Y (21b): F0 43 00 7E 00 0D 4C 4D 20 20 38 43 39 33 6D 00 6B 00 00 68 F7
[17:45:48] 💻 S→Y (16b): F0 43 20 7E 4C 4D 20 20 38 43 39 33 6D 00 6C F7
[17:45:48] 🎹 Y→S (21b): F0 43 00 7E 00 0D 4C 4D 20 20 38 43 39 33 6D 00 6C 00 00 67 F7
[17:45:48] 💻 S→Y (21b): F0 43 00 7E 00 0D 4C 4D 20 20 38 43 39 33 6D 00 6C 00 00 67 F7
[17:45:48] 💻 S→Y (16b): F0 43 20 7E 4C 4D 20 20 38 43 39 33 6D 00 6D F7
[17:45:48] 🎹 Y→S (21b): F0 43 00 7E 00 0D 4C 4D 20 20 38 43 39 33 6D 00 6D 00 00 66 F7
[17:45:48] 💻 S→Y (21b): F0 43 00 7E 00 0D 4C 4D 20 20 38 43 39 33 6D 00 6D 00 00 66 F7
[17:45:48] 💻 S→Y (16b): F0 43 20 7E 4C 4D 20 20 38 43 39 33 6D 00 6E F7
[17:45:48] 🎹 Y→S (14b): F0 43 10 3E 7F 01 1C 00 06 00 00 01 64 F7
[17:45:48] 💻 S→Y (14b): F0 43 10 3E 7F 01 1C 00 06 00 00 01 64 F7
[17:45:48] 🎹 Y→S (21b): F0 43 00 7E 00 0D 4C 4D 20 20 38 43 39 33 6D 00 6E 00 00 65 F7
[17:45:48] 💻 S→Y (21b): F0 43 00 7E 00 0D 4C 4D 20 20 38 43 39 33 6D 00 6E 00 00 65 F7
[17:45:48] 💻 S→Y (16b): F0 43 20 7E 4C 4D 20 20 38 43 39 33 6D 00 6F F7
[17:45:48] 🎹 Y→S (21b): F0 43 00 7E 00 0D 4C 4D 20 20 38 43 39 33 6D 00 6F 00 00 64 F7
[17:45:48] 💻 S→Y (21b): F0 43 00 7E 00 0D 4C 4D 20 20 38 43 39 33 6D 00 6F 00 00 64 F7
[17:45:48] 💻 S→Y (16b): F0 43 20 7E 4C 4D 20 20 38 43 39 33 6D 00 70 F7
[17:45:48] 🎹 Y→S (21b): F0 43 00 7E 00 0D 4C 4D 20 20 38 43 39 33 6D 00 70 00 00 63 F7
[17:45:48] 💻 S→Y (21b): F0 43 00 7E 00 0D 4C 4D 20 20 38 43 39 33 6D 00 70 00 00 63 F7
[17:45:48] 💻 S→Y (16b): F0 43 20 7E 4C 4D 20 20 38 43 39 33 6D 00 71 F7
[17:45:48] 🎹 Y→S (21b): F0 43 00 7E 00 0D 4C 4D 20 20 38 43 39 33 6D 00 71 00 00 62 F7
[17:45:48] 💻 S→Y (21b): F0 43 00 7E 00 0D 4C 4D 20 20 38 43 39 33 6D 00 71 00 00 62 F7
[17:45:48] 💻 S→Y (16b): F0 43 20 7E 4C 4D 20 20 38 43 39 33 6D 00 72 F7
[17:45:48] 🎹 Y→S (21b): F0 43 00 7E 00 0D 4C 4D 20 20 38 43 39 33 6D 00 72 00 00 61 F7
[17:45:48] 💻 S→Y (21b): F0 43 00 7E 00 0D 4C 4D 20 20 38 43 39 33 6D 00 72 00 00 61 F7
[17:45:48] 💻 S→Y (16b): F0 43 20 7E 4C 4D 20 20 38 43 39 33 6D 00 73 F7
[17:45:48] 🎹 Y→S (21b): F0 43 00 7E 00 0D 4C 4D 20 20 38 43 39 33 6D 00 73 00 00 60 F7
[17:45:48] 💻 S→Y (21b): F0 43 00 7E 00 0D 4C 4D 20 20 38 43 39 33 6D 00 73 00 00 60 F7
[17:45:48] 💻 S→Y (16b): F0 43 20 7E 4C 4D 20 20 38 43 39 33 6D 00 74 F7
[17:45:48] 🎹 Y→S (21b): F0 43 00 7E 00 0D 4C 4D 20 20 38 43 39 33 6D 00 74 00 00 5F F7
[17:45:48] 💻 S→Y (21b): F0 43 00 7E 00 0D 4C 4D 20 20 38 43 39 33 6D 00 74 00 00 5F F7
[17:45:48] 💻 S→Y (16b): F0 43 20 7E 4C 4D 20 20 38 43 39 33 6D 00 75 F7
[17:45:48] 🎹 Y→S (21b): F0 43 00 7E 00 0D 4C 4D 20 20 38 43 39 33 6D 00 75 00 00 5E F7
[17:45:48] 💻 S→Y (21b): F0 43 00 7E 00 0D 4C 4D 20 20 38 43 39 33 6D 00 75 00 00 5E F7
[17:45:48] 💻 S→Y (16b): F0 43 20 7E 4C 4D 20 20 38 43 39 33 6D 00 76 F7
[17:45:48] 🎹 Y→S (21b): F0 43 00 7E 00 0D 4C 4D 20 20 38 43 39 33 6D 00 76 00 00 5D F7
[17:45:48] 💻 S→Y (21b): F0 43 00 7E 00 0D 4C 4D 20 20 38 43 39 33 6D 00 76 00 00 5D F7
[17:45:48] 💻 S→Y (16b): F0 43 20 7E 4C 4D 20 20 38 43 39 33 6D 00 77 F7
[17:45:48] 🎹 Y→S (21b): F0 43 00 7E 00 0D 4C 4D 20 20 38 43 39 33 6D 00 77 00 00 5C F7
[17:45:48] 💻 S→Y (21b): F0 43 00 7E 00 0D 4C 4D 20 20 38 43 39 33 6D 00 77 00 00 5C F7
[17:45:48] 💻 S→Y (16b): F0 43 20 7E 4C 4D 20 20 38 43 39 33 6D 00 78 F7
[17:45:48] 🎹 Y→S (21b): F0 43 00 7E 00 0D 4C 4D 20 20 38 43 39 33 6D 00 78 00 00 5B F7
[17:45:48] 💻 S→Y (21b): F0 43 00 7E 00 0D 4C 4D 20 20 38 43 39 33 6D 00 78 00 00 5B F7
[17:45:48] 💻 S→Y (16b): F0 43 20 7E 4C 4D 20 20 38 43 39 33 6D 00 79 F7
[17:45:48] 🎹 Y→S (21b): F0 43 00 7E 00 0D 4C 4D 20 20 38 43 39 33 6D 00 79 00 00 5A F7
[17:45:48] 💻 S→Y (21b): F0 43 00 7E 00 0D 4C 4D 20 20 38 43 39 33 6D 00 79 00 00 5A F7
[17:45:48] 💻 S→Y (16b): F0 43 20 7E 4C 4D 20 20 38 43 39 33 6D 00 7A F7
[17:45:48] 🎹 Y→S (21b): F0 43 00 7E 00 0D 4C 4D 20 20 38 43 39 33 6D 00 7A 00 00 59 F7
[17:45:48] 💻 S→Y (21b): F0 43 00 7E 00 0D 4C 4D 20 20 38 43 39 33 6D 00 7A 00 00 59 F7
[17:45:48] 💻 S→Y (16b): F0 43 20 7E 4C 4D 20 20 38 43 39 33 6D 00 7B F7
[17:45:48] 🎹 Y→S (21b): F0 43 00 7E 00 0D 4C 4D 20 20 38 43 39 33 6D 00 7B 00 00 58 F7
[17:45:48] 💻 S→Y (21b): F0 43 00 7E 00 0D 4C 4D 20 20 38 43 39 33 6D 00 7B 00 00 58 F7
[17:45:48] 💻 S→Y (16b): F0 43 20 7E 4C 4D 20 20 38 43 39 33 6D 00 7C F7
[17:45:48] 🎹 Y→S (14b): F0 43 10 3E 7F 01 1C 00 06 00 00 01 61 F7
[17:45:48] 💻 S→Y (14b): F0 43 10 3E 7F 01 1C 00 06 00 00 01 61 F7
[17:45:48] 🎹 Y→S (21b): F0 43 00 7E 00 0D 4C 4D 20 20 38 43 39 33 6D 00 7C 00 00 57 F7
[17:45:48] 💻 S→Y (21b): F0 43 00 7E 00 0D 4C 4D 20 20 38 43 39 33 6D 00 7C 00 00 57 F7
[17:45:48] 💻 S→Y (16b): F0 43 20 7E 4C 4D 20 20 38 43 39 33 6D 00 7D F7
[17:45:48] 🎹 Y→S (21b): F0 43 00 7E 00 0D 4C 4D 20 20 38 43 39 33 6D 00 7D 00 00 56 F7
[17:45:48] 💻 S→Y (21b): F0 43 00 7E 00 0D 4C 4D 20 20 38 43 39 33 6D 00 7D 00 00 56 F7
[17:45:48] 💻 S→Y (16b): F0 43 20 7E 4C 4D 20 20 38 43 39 33 6D 00 7E F7
[17:45:48] 🎹 Y→S (21b): F0 43 00 7E 00 0D 4C 4D 20 20 38 43 39 33 6D 00 7E 00 00 55 F7
[17:45:48] 💻 S→Y (21b): F0 43 00 7E 00 0D 4C 4D 20 20 38 43 39 33 6D 00 7E 00 00 55 F7
[17:45:48] 💻 S→Y (16b): F0 43 20 7E 4C 4D 20 20 38 43 39 33 6D 00 7F F7
[17:45:48] 🎹 Y→S (21b): F0 43 00 7E 00 0D 4C 4D 20 20 38 43 39 33 6D 00 7F 00 00 54 F7
[17:45:48] 💻 S→Y (21b): F0 43 00 7E 00 0D 4C 4D 20 20 38 43 39 33 6D 00 7F 00 00 54 F7
[17:45:48] 💻 S→Y (16b): F0 43 20 7E 4C 4D 20 20 38 43 39 33 6D 01 00 F7
[17:45:48] 🎹 Y→S (21b): F0 43 00 7E 00 0D 4C 4D 20 20 38 43 39 33 6D 01 00 00 00 52 F7
[17:45:48] 💻 S→Y (21b): F0 43 00 7E 00 0D 4C 4D 20 20 38 43 39 33 6D 01 00 00 00 52 F7
[17:45:48] 💻 S→Y (16b): F0 43 20 7E 4C 4D 20 20 38 43 39 33 6D 01 01 F7
[17:45:48] 🎹 Y→S (21b): F0 43 00 7E 00 0D 4C 4D 20 20 38 43 39 33 6D 01 01 00 00 51 F7
[17:45:48] 💻 S→Y (21b): F0 43 00 7E 00 0D 4C 4D 20 20 38 43 39 33 6D 01 01 00 00 51 F7
[17:45:48] 💻 S→Y (16b): F0 43 20 7E 4C 4D 20 20 38 43 39 33 6D 01 02 F7
[17:45:48] 🎹 Y→S (21b): F0 43 00 7E 00 0D 4C 4D 20 20 38 43 39 33 6D 01 02 00 00 50 F7
[17:45:48] 💻 S→Y (21b): F0 43 00 7E 00 0D 4C 4D 20 20 38 43 39 33 6D 01 02 00 00 50 F7
[17:45:48] 💻 S→Y (16b): F0 43 20 7E 4C 4D 20 20 38 43 39 33 6D 01 03 F7
[17:45:48] 🎹 Y→S (21b): F0 43 00 7E 00 0D 4C 4D 20 20 38 43 39 33 6D 01 03 00 00 4F F7
[17:45:48] 💻 S→Y (21b): F0 43 00 7E 00 0D 4C 4D 20 20 38 43 39 33 6D 01 03 00 00 4F F7
[17:45:48] 💻 S→Y (16b): F0 43 20 7E 4C 4D 20 20 38 43 39 33 6D 01 04 F7
[17:45:48] 🎹 Y→S (21b): F0 43 00 7E 00 0D 4C 4D 20 20 38 43 39 33 6D 01 04 00 00 4E F7
[17:45:48] 💻 S→Y (21b): F0 43 00 7E 00 0D 4C 4D 20 20 38 43 39 33 6D 01 04 00 00 4E F7
[17:45:48] 💻 S→Y (16b): F0 43 20 7E 4C 4D 20 20 38 43 39 33 6D 01 05 F7
[17:45:48] 🎹 Y→S (21b): F0 43 00 7E 00 0D 4C 4D 20 20 38 43 39 33 6D 01 05 00 00 4D F7
[17:45:48] 💻 S→Y (21b): F0 43 00 7E 00 0D 4C 4D 20 20 38 43 39 33 6D 01 05 00 00 4D F7
[17:45:48] 💻 S→Y (16b): F0 43 20 7E 4C 4D 20 20 38 43 39 33 6D 01 06 F7
[17:45:48] 🎹 Y→S (21b): F0 43 00 7E 00 0D 4C 4D 20 20 38 43 39 33 6D 01 06 00 00 4C F7
[17:45:48] 💻 S→Y (21b): F0 43 00 7E 00 0D 4C 4D 20 20 38 43 39 33 6D 01 06 00 00 4C F7
[17:45:48] 💻 S→Y (16b): F0 43 20 7E 4C 4D 20 20 38 43 39 33 6D 01 07 F7
[17:45:48] 🎹 Y→S (21b): F0 43 00 7E 00 0D 4C 4D 20 20 38 43 39 33 6D 01 07 00 00 4B F7
[17:45:48] 💻 S→Y (21b): F0 43 00 7E 00 0D 4C 4D 20 20 38 43 39 33 6D 01 07 00 00 4B F7
[17:45:48] 💻 S→Y (16b): F0 43 20 7E 4C 4D 20 20 38 43 39 33 6D 01 08 F7
[17:45:48] 🎹 Y→S (21b): F0 43 00 7E 00 0D 4C 4D 20 20 38 43 39 33 6D 01 08 00 00 4A F7
[17:45:48] 💻 S→Y (21b): F0 43 00 7E 00 0D 4C 4D 20 20 38 43 39 33 6D 01 08 00 00 4A F7
[17:45:48] 💻 S→Y (16b): F0 43 20 7E 4C 4D 20 20 38 43 39 33 6D 01 09 F7
[17:45:48] 🎹 Y→S (21b): F0 43 00 7E 00 0D 4C 4D 20 20 38 43 39 33 6D 01 09 00 00 49 F7
[17:45:48] 💻 S→Y (21b): F0 43 00 7E 00 0D 4C 4D 20 20 38 43 39 33 6D 01 09 00 00 49 F7
[17:45:48] 💻 S→Y (16b): F0 43 20 7E 4C 4D 20 20 38 43 39 33 6D 01 0A F7
[17:45:48] 🎹 Y→S (21b): F0 43 00 7E 00 0D 4C 4D 20 20 38 43 39 33 6D 01 0A 00 00 48 F7
[17:45:48] 💻 S→Y (21b): F0 43 00 7E 00 0D 4C 4D 20 20 38 43 39 33 6D 01 0A 00 00 48 F7
[17:45:48] 💻 S→Y (16b): F0 43 20 7E 4C 4D 20 20 38 43 39 33 6D 01 0B F7
[17:45:48] 🎹 Y→S (21b): F0 43 00 7E 00 0D 4C 4D 20 20 38 43 39 33 6D 01 0B 00 00 47 F7
[17:45:48] 💻 S→Y (21b): F0 43 00 7E 00 0D 4C 4D 20 20 38 43 39 33 6D 01 0B 00 00 47 F7
[17:45:48] 💻 S→Y (16b): F0 43 20 7E 4C 4D 20 20 38 43 39 33 6D 01 0C F7
[17:45:48] 🎹 Y→S (21b): F0 43 00 7E 00 0D 4C 4D 20 20 38 43 39 33 6D 01 0C 00 00 46 F7
[17:45:48] 💻 S→Y (21b): F0 43 00 7E 00 0D 4C 4D 20 20 38 43 39 33 6D 01 0C 00 00 46 F7
[17:45:48] 💻 S→Y (16b): F0 43 20 7E 4C 4D 20 20 38 43 39 33 6D 01 0D F7
[17:45:48] 🎹 Y→S (21b): F0 43 00 7E 00 0D 4C 4D 20 20 38 43 39 33 6D 01 0D 00 00 45 F7
[17:45:48] 💻 S→Y (21b): F0 43 00 7E 00 0D 4C 4D 20 20 38 43 39 33 6D 01 0D 00 00 45 F7
[17:45:48] 💻 S→Y (16b): F0 43 20 7E 4C 4D 20 20 38 43 39 33 6D 01 0E F7
[17:45:48] 🎹 Y→S (21b): F0 43 00 7E 00 0D 4C 4D 20 20 38 43 39 33 6D 01 0E 00 00 44 F7
[17:45:48] 💻 S→Y (21b): F0 43 00 7E 00 0D 4C 4D 20 20 38 43 39 33 6D 01 0E 00 00 44 F7
[17:45:48] 💻 S→Y (16b): F0 43 20 7E 4C 4D 20 20 38 43 39 33 6D 01 0F F7
[17:45:48] 🎹 Y→S (21b): F0 43 00 7E 00 0D 4C 4D 20 20 38 43 39 33 6D 01 0F 00 00 43 F7
[17:45:48] 💻 S→Y (21b): F0 43 00 7E 00 0D 4C 4D 20 20 38 43 39 33 6D 01 0F 00 00 43 F7
[17:45:48] 💻 S→Y (16b): F0 43 20 7E 4C 4D 20 20 38 43 39 33 6D 01 10 F7
[17:45:48] 🎹 Y→S (21b): F0 43 00 7E 00 0D 4C 4D 20 20 38 43 39 33 6D 01 10 00 00 42 F7
[17:45:48] 💻 S→Y (21b): F0 43 00 7E 00 0D 4C 4D 20 20 38 43 39 33 6D 01 10 00 00 42 F7
[17:45:48] 💻 S→Y (16b): F0 43 20 7E 4C 4D 20 20 38 43 39 33 6D 01 11 F7
[17:45:48] 🎹 Y→S (21b): F0 43 00 7E 00 0D 4C 4D 20 20 38 43 39 33 6D 01 11 00 00 41 F7
[17:45:48] 💻 S→Y (21b): F0 43 00 7E 00 0D 4C 4D 20 20 38 43 39 33 6D 01 11 00 00 41 F7
[17:45:48] 💻 S→Y (16b): F0 43 20 7E 4C 4D 20 20 38 43 39 33 6D 01 12 F7
[17:45:48] 🎹 Y→S (21b): F0 43 00 7E 00 0D 4C 4D 20 20 38 43 39 33 6D 01 12 00 00 40 F7
[17:45:48] 💻 S→Y (21b): F0 43 00 7E 00 0D 4C 4D 20 20 38 43 39 33 6D 01 12 00 00 40 F7
[17:45:48] 💻 S→Y (16b): F0 43 20 7E 4C 4D 20 20 38 43 39 33 6D 01 13 F7
[17:45:48] 🎹 Y→S (21b): F0 43 00 7E 00 0D 4C 4D 20 20 38 43 39 33 6D 01 13 00 00 3F F7
[17:45:48] 💻 S→Y (21b): F0 43 00 7E 00 0D 4C 4D 20 20 38 43 39 33 6D 01 13 00 00 3F F7
[17:45:48] 💻 S→Y (16b): F0 43 20 7E 4C 4D 20 20 38 43 39 33 6D 01 14 F7
[17:45:48] 🎹 Y→S (21b): F0 43 00 7E 00 0D 4C 4D 20 20 38 43 39 33 6D 01 14 00 00 3E F7
[17:45:48] 💻 S→Y (21b): F0 43 00 7E 00 0D 4C 4D 20 20 38 43 39 33 6D 01 14 00 00 3E F7
[17:45:48] 💻 S→Y (16b): F0 43 20 7E 4C 4D 20 20 38 43 39 33 6D 01 15 F7
[17:45:48] 🎹 Y→S (21b): F0 43 00 7E 00 0D 4C 4D 20 20 38 43 39 33 6D 01 15 00 00 3D F7
[17:45:48] 💻 S→Y (21b): F0 43 00 7E 00 0D 4C 4D 20 20 38 43 39 33 6D 01 15 00 00 3D F7
[17:45:48] 💻 S→Y (16b): F0 43 20 7E 4C 4D 20 20 38 43 39 33 6D 01 16 F7
[17:45:48] 🎹 Y→S (21b): F0 43 00 7E 00 0D 4C 4D 20 20 38 43 39 33 6D 01 16 00 00 3C F7
[17:45:48] 💻 S→Y (21b): F0 43 00 7E 00 0D 4C 4D 20 20 38 43 39 33 6D 01 16 00 00 3C F7
[17:45:48] 💻 S→Y (16b): F0 43 20 7E 4C 4D 20 20 38 43 39 33 6D 01 17 F7
[17:45:48] 🎹 Y→S (21b): F0 43 00 7E 00 0D 4C 4D 20 20 38 43 39 33 6D 01 17 00 00 3B F7
[17:45:48] 💻 S→Y (21b): F0 43 00 7E 00 0D 4C 4D 20 20 38 43 39 33 6D 01 17 00 00 3B F7
[17:45:48] 💻 S→Y (16b): F0 43 20 7E 4C 4D 20 20 38 43 39 33 6D 01 18 F7
[17:45:48] 🎹 Y→S (21b): F0 43 00 7E 00 0D 4C 4D 20 20 38 43 39 33 6D 01 18 00 00 3A F7
[17:45:48] 💻 S→Y (21b): F0 43 00 7E 00 0D 4C 4D 20 20 38 43 39 33 6D 01 18 00 00 3A F7
[17:45:48] 💻 S→Y (16b): F0 43 20 7E 4C 4D 20 20 38 43 39 33 6D 01 19 F7
[17:45:48] 🎹 Y→S (21b): F0 43 00 7E 00 0D 4C 4D 20 20 38 43 39 33 6D 01 19 00 00 39 F7
[17:45:48] 💻 S→Y (21b): F0 43 00 7E 00 0D 4C 4D 20 20 38 43 39 33 6D 01 19 00 00 39 F7
[17:45:48] 💻 S→Y (16b): F0 43 20 7E 4C 4D 20 20 38 43 39 33 6D 01 1A F7
[17:45:48] 🎹 Y→S (21b): F0 43 00 7E 00 0D 4C 4D 20 20 38 43 39 33 6D 01 1A 00 00 38 F7
[17:45:48] 💻 S→Y (21b): F0 43 00 7E 00 0D 4C 4D 20 20 38 43 39 33 6D 01 1A 00 00 38 F7
[17:45:48] 💻 S→Y (16b): F0 43 20 7E 4C 4D 20 20 38 43 39 33 6D 01 1B F7
[17:45:48] 🎹 Y→S (21b): F0 43 00 7E 00 0D 4C 4D 20 20 38 43 39 33 6D 01 1B 00 00 37 F7
[17:45:48] 💻 S→Y (21b): F0 43 00 7E 00 0D 4C 4D 20 20 38 43 39 33 6D 01 1B 00 00 37 F7
[17:45:48] 💻 S→Y (16b): F0 43 20 7E 4C 4D 20 20 38 43 39 33 6D 01 1C F7
[17:45:48] 🎹 Y→S (21b): F0 43 00 7E 00 0D 4C 4D 20 20 38 43 39 33 6D 01 1C 00 00 36 F7
[17:45:48] 💻 S→Y (21b): F0 43 00 7E 00 0D 4C 4D 20 20 38 43 39 33 6D 01 1C 00 00 36 F7
[17:45:48] 💻 S→Y (16b): F0 43 20 7E 4C 4D 20 20 38 43 39 33 6D 01 1D F7
[17:45:48] 🎹 Y→S (21b): F0 43 00 7E 00 0D 4C 4D 20 20 38 43 39 33 6D 01 1D 00 00 35 F7
[17:45:48] 💻 S→Y (21b): F0 43 00 7E 00 0D 4C 4D 20 20 38 43 39 33 6D 01 1D 00 00 35 F7
[17:45:48] 💻 S→Y (16b): F0 43 20 7E 4C 4D 20 20 38 43 39 33 6D 01 1E F7
[17:45:48] 🎹 Y→S (21b): F0 43 00 7E 00 0D 4C 4D 20 20 38 43 39 33 6D 01 1E 00 00 34 F7
[17:45:48] 💻 S→Y (21b): F0 43 00 7E 00 0D 4C 4D 20 20 38 43 39 33 6D 01 1E 00 00 34 F7
[17:45:48] 💻 S→Y (16b): F0 43 20 7E 4C 4D 20 20 38 43 39 33 6D 01 1F F7
[17:45:48] 🎹 Y→S (21b): F0 43 00 7E 00 0D 4C 4D 20 20 38 43 39 33 6D 01 1F 00 00 33 F7
[17:45:48] 💻 S→Y (21b): F0 43 00 7E 00 0D 4C 4D 20 20 38 43 39 33 6D 01 1F 00 00 33 F7
[17:45:48] 💻 S→Y (16b): F0 43 20 7E 4C 4D 20 20 38 43 39 33 6D 01 20 F7
[17:45:48] 🎹 Y→S (21b): F0 43 00 7E 00 0D 4C 4D 20 20 38 43 39 33 6D 01 20 00 00 32 F7
[17:45:48] 💻 S→Y (21b): F0 43 00 7E 00 0D 4C 4D 20 20 38 43 39 33 6D 01 20 00 00 32 F7
[17:45:48] 💻 S→Y (16b): F0 43 20 7E 4C 4D 20 20 38 43 39 33 6D 01 21 F7
[17:45:48] 🎹 Y→S (21b): F0 43 00 7E 00 0D 4C 4D 20 20 38 43 39 33 6D 01 21 00 00 31 F7
[17:45:48] 💻 S→Y (21b): F0 43 00 7E 00 0D 4C 4D 20 20 38 43 39 33 6D 01 21 00 00 31 F7
[17:45:48] 💻 S→Y (16b): F0 43 20 7E 4C 4D 20 20 38 43 39 33 6D 01 22 F7
[17:45:48] 🎹 Y→S (21b): F0 43 00 7E 00 0D 4C 4D 20 20 38 43 39 33 6D 01 22 00 00 30 F7
[17:45:48] 💻 S→Y (21b): F0 43 00 7E 00 0D 4C 4D 20 20 38 43 39 33 6D 01 22 00 00 30 F7
[17:45:48] 💻 S→Y (16b): F0 43 20 7E 4C 4D 20 20 38 43 39 33 6D 01 23 F7
[17:45:48] 🎹 Y→S (21b): F0 43 00 7E 00 0D 4C 4D 20 20 38 43 39 33 6D 01 23 00 00 2F F7
[17:45:48] 💻 S→Y (21b): F0 43 00 7E 00 0D 4C 4D 20 20 38 43 39 33 6D 01 23 00 00 2F F7
[17:45:48] 💻 S→Y (16b): F0 43 20 7E 4C 4D 20 20 38 43 39 33 6D 01 24 F7
[17:45:48] 🎹 Y→S (21b): F0 43 00 7E 00 0D 4C 4D 20 20 38 43 39 33 6D 01 24 00 00 2E F7
[17:45:48] 💻 S→Y (21b): F0 43 00 7E 00 0D 4C 4D 20 20 38 43 39 33 6D 01 24 00 00 2E F7
[17:45:48] 💻 S→Y (16b): F0 43 20 7E 4C 4D 20 20 38 43 39 33 6D 01 25 F7
[17:45:48] 🎹 Y→S (21b): F0 43 00 7E 00 0D 4C 4D 20 20 38 43 39 33 6D 01 25 00 00 2D F7
[17:45:48] 💻 S→Y (21b): F0 43 00 7E 00 0D 4C 4D 20 20 38 43 39 33 6D 01 25 00 00 2D F7
[17:45:48] 💻 S→Y (16b): F0 43 20 7E 4C 4D 20 20 38 43 39 33 6D 01 26 F7
[17:45:48] 🎹 Y→S (21b): F0 43 00 7E 00 0D 4C 4D 20 20 38 43 39 33 6D 01 26 00 00 2C F7
[17:45:48] 💻 S→Y (21b): F0 43 00 7E 00 0D 4C 4D 20 20 38 43 39 33 6D 01 26 00 00 2C F7
[17:45:48] 💻 S→Y (16b): F0 43 20 7E 4C 4D 20 20 38 43 39 33 6D 01 27 F7
[17:45:48] 🎹 Y→S (21b): F0 43 00 7E 00 0D 4C 4D 20 20 38 43 39 33 6D 01 27 00 00 2B F7
[17:45:48] 💻 S→Y (21b): F0 43 00 7E 00 0D 4C 4D 20 20 38 43 39 33 6D 01 27 00 00 2B F7
[17:45:48] 💻 S→Y (16b): F0 43 20 7E 4C 4D 20 20 38 43 39 33 6D 01 28 F7
[17:45:48] 🎹 Y→S (21b): F0 43 00 7E 00 0D 4C 4D 20 20 38 43 39 33 6D 01 28 00 00 2A F7
[17:45:48] 💻 S→Y (21b): F0 43 00 7E 00 0D 4C 4D 20 20 38 43 39 33 6D 01 28 00 00 2A F7
[17:45:48] 💻 S→Y (16b): F0 43 20 7E 4C 4D 20 20 38 43 39 33 6D 01 29 F7
[17:45:48] 🎹 Y→S (21b): F0 43 00 7E 00 0D 4C 4D 20 20 38 43 39 33 6D 01 29 00 00 29 F7
[17:45:48] 💻 S→Y (21b): F0 43 00 7E 00 0D 4C 4D 20 20 38 43 39 33 6D 01 29 00 00 29 F7
[17:45:48] 💻 S→Y (16b): F0 43 20 7E 4C 4D 20 20 38 43 39 33 6D 01 2A F7
[17:45:48] 🎹 Y→S (21b): F0 43 00 7E 00 0D 4C 4D 20 20 38 43 39 33 6D 01 2A 00 00 28 F7
[17:45:48] 💻 S→Y (21b): F0 43 00 7E 00 0D 4C 4D 20 20 38 43 39 33 6D 01 2A 00 00 28 F7
[17:45:48] 💻 S→Y (16b): F0 43 20 7E 4C 4D 20 20 38 43 39 33 6D 01 2B F7
[17:45:48] 🎹 Y→S (21b): F0 43 00 7E 00 0D 4C 4D 20 20 38 43 39 33 6D 01 2B 00 00 27 F7
[17:45:48] 💻 S→Y (21b): F0 43 00 7E 00 0D 4C 4D 20 20 38 43 39 33 6D 01 2B 00 00 27 F7
[17:45:48] 💻 S→Y (16b): F0 43 20 7E 4C 4D 20 20 38 43 39 33 6D 01 2C F7
[17:45:48] 🎹 Y→S (21b): F0 43 00 7E 00 0D 4C 4D 20 20 38 43 39 33 6D 01 2C 00 00 26 F7
[17:45:48] 💻 S→Y (21b): F0 43 00 7E 00 0D 4C 4D 20 20 38 43 39 33 6D 01 2C 00 00 26 F7
[17:45:48] 💻 S→Y (16b): F0 43 20 7E 4C 4D 20 20 38 43 39 33 6D 01 2D F7
[17:45:48] 🎹 Y→S (21b): F0 43 00 7E 00 0D 4C 4D 20 20 38 43 39 33 6D 01 2D 00 00 25 F7
[17:45:48] 💻 S→Y (21b): F0 43 00 7E 00 0D 4C 4D 20 20 38 43 39 33 6D 01 2D 00 00 25 F7
[17:45:48] 💻 S→Y (16b): F0 43 20 7E 4C 4D 20 20 38 43 39 33 6D 01 2E F7
[17:45:48] 🎹 Y→S (21b): F0 43 00 7E 00 0D 4C 4D 20 20 38 43 39 33 6D 01 2E 00 00 24 F7
[17:45:48] 💻 S→Y (21b): F0 43 00 7E 00 0D 4C 4D 20 20 38 43 39 33 6D 01 2E 00 00 24 F7
[17:45:48] 💻 S→Y (16b): F0 43 20 7E 4C 4D 20 20 38 43 39 33 6D 01 2F F7
[17:45:48] 🎹 Y→S (21b): F0 43 00 7E 00 0D 4C 4D 20 20 38 43 39 33 6D 01 2F 00 00 23 F7
[17:45:48] 💻 S→Y (21b): F0 43 00 7E 00 0D 4C 4D 20 20 38 43 39 33 6D 01 2F 00 00 23 F7
[17:45:48] 💻 S→Y (16b): F0 43 20 7E 4C 4D 20 20 38 43 39 33 6D 01 30 F7
[17:45:48] 🎹 Y→S (21b): F0 43 00 7E 00 0D 4C 4D 20 20 38 43 39 33 6D 01 30 00 00 22 F7
[17:45:48] 💻 S→Y (21b): F0 43 00 7E 00 0D 4C 4D 20 20 38 43 39 33 6D 01 30 00 00 22 F7
[17:45:48] 💻 S→Y (16b): F0 43 20 7E 4C 4D 20 20 38 43 39 33 6D 01 31 F7
[17:45:48] 🎹 Y→S (21b): F0 43 00 7E 00 0D 4C 4D 20 20 38 43 39 33 6D 01 31 00 00 21 F7
[17:45:48] 💻 S→Y (21b): F0 43 00 7E 00 0D 4C 4D 20 20 38 43 39 33 6D 01 31 00 00 21 F7
[17:45:48] 💻 S→Y (16b): F0 43 20 7E 4C 4D 20 20 38 43 39 33 6D 01 32 F7
[17:45:48] 🎹 Y→S (21b): F0 43 00 7E 00 0D 4C 4D 20 20 38 43 39 33 6D 01 32 00 00 20 F7
[17:45:48] 💻 S→Y (21b): F0 43 00 7E 00 0D 4C 4D 20 20 38 43 39 33 6D 01 32 00 00 20 F7
[17:45:48] 💻 S→Y (16b): F0 43 20 7E 4C 4D 20 20 38 43 39 33 6D 01 33 F7
[17:45:48] 🎹 Y→S (21b): F0 43 00 7E 00 0D 4C 4D 20 20 38 43 39 33 6D 01 33 00 00 1F F7
[17:45:48] 💻 S→Y (21b): F0 43 00 7E 00 0D 4C 4D 20 20 38 43 39 33 6D 01 33 00 00 1F F7
[17:45:48] 💻 S→Y (16b): F0 43 20 7E 4C 4D 20 20 38 43 39 33 6D 01 34 F7
[17:45:48] 🎹 Y→S (21b): F0 43 00 7E 00 0D 4C 4D 20 20 38 43 39 33 6D 01 34 00 00 1E F7
[17:45:48] 💻 S→Y (21b): F0 43 00 7E 00 0D 4C 4D 20 20 38 43 39 33 6D 01 34 00 00 1E F7
[17:45:48] 💻 S→Y (16b): F0 43 20 7E 4C 4D 20 20 38 43 39 33 6D 01 35 F7
[17:45:48] 🎹 Y→S (21b): F0 43 00 7E 00 0D 4C 4D 20 20 38 43 39 33 6D 01 35 00 00 1D F7
[17:45:48] 💻 S→Y (21b): F0 43 00 7E 00 0D 4C 4D 20 20 38 43 39 33 6D 01 35 00 00 1D F7
[17:45:48] 💻 S→Y (16b): F0 43 20 7E 4C 4D 20 20 38 43 39 33 6D 01 36 F7
[17:45:48] 🎹 Y→S (21b): F0 43 00 7E 00 0D 4C 4D 20 20 38 43 39 33 6D 01 36 00 00 1C F7
[17:45:48] 💻 S→Y (21b): F0 43 00 7E 00 0D 4C 4D 20 20 38 43 39 33 6D 01 36 00 00 1C F7
[17:45:48] 💻 S→Y (16b): F0 43 20 7E 4C 4D 20 20 38 43 39 33 6D 01 37 F7
[17:45:48] 🎹 Y→S (21b): F0 43 00 7E 00 0D 4C 4D 20 20 38 43 39 33 6D 01 37 00 00 1B F7
[17:45:48] 💻 S→Y (21b): F0 43 00 7E 00 0D 4C 4D 20 20 38 43 39 33 6D 01 37 00 00 1B F7
[17:45:48] 💻 S→Y (16b): F0 43 20 7E 4C 4D 20 20 38 43 39 33 6D 01 38 F7
[17:45:48] 🎹 Y→S (21b): F0 43 00 7E 00 0D 4C 4D 20 20 38 43 39 33 6D 01 38 00 00 1A F7
[17:45:48] 💻 S→Y (21b): F0 43 00 7E 00 0D 4C 4D 20 20 38 43 39 33 6D 01 38 00 00 1A F7
[17:45:48] 💻 S→Y (16b): F0 43 20 7E 4C 4D 20 20 38 43 39 33 6D 01 39 F7
[17:45:48] 🎹 Y→S (21b): F0 43 00 7E 00 0D 4C 4D 20 20 38 43 39 33 6D 01 39 00 00 19 F7
[17:45:48] 💻 S→Y (21b): F0 43 00 7E 00 0D 4C 4D 20 20 38 43 39 33 6D 01 39 00 00 19 F7
[17:45:48] 💻 S→Y (16b): F0 43 20 7E 4C 4D 20 20 38 43 39 33 6D 01 3A F7
[17:45:48] 🎹 Y→S (21b): F0 43 00 7E 00 0D 4C 4D 20 20 38 43 39 33 6D 01 3A 00 00 18 F7
[17:45:48] 💻 S→Y (21b): F0 43 00 7E 00 0D 4C 4D 20 20 38 43 39 33 6D 01 3A 00 00 18 F7
[17:45:48] 💻 S→Y (16b): F0 43 20 7E 4C 4D 20 20 38 43 39 33 6D 01 3B F7
[17:45:48] 🎹 Y→S (21b): F0 43 00 7E 00 0D 4C 4D 20 20 38 43 39 33 6D 01 3B 00 00 17 F7
[17:45:48] 💻 S→Y (21b): F0 43 00 7E 00 0D 4C 4D 20 20 38 43 39 33 6D 01 3B 00 00 17 F7
[17:45:48] 💻 S→Y (16b): F0 43 20 7E 4C 4D 20 20 38 43 39 33 6D 01 3C F7
[17:45:48] 🎹 Y→S (21b): F0 43 00 7E 00 0D 4C 4D 20 20 38 43 39 33 6D 01 3C 00 00 16 F7
[17:45:48] 💻 S→Y (21b): F0 43 00 7E 00 0D 4C 4D 20 20 38 43 39 33 6D 01 3C 00 00 16 F7
[17:45:48] 💻 S→Y (16b): F0 43 20 7E 4C 4D 20 20 38 43 39 33 6D 01 3D F7
[17:45:48] 🎹 Y→S (21b): F0 43 00 7E 00 0D 4C 4D 20 20 38 43 39 33 6D 01 3D 00 00 15 F7
[17:45:48] 💻 S→Y (21b): F0 43 00 7E 00 0D 4C 4D 20 20 38 43 39 33 6D 01 3D 00 00 15 F7
[17:45:48] 💻 S→Y (16b): F0 43 20 7E 4C 4D 20 20 38 43 39 33 6D 01 3E F7
[17:45:48] 🎹 Y→S (21b): F0 43 00 7E 00 0D 4C 4D 20 20 38 43 39 33 6D 01 3E 00 00 14 F7
[17:45:48] 💻 S→Y (21b): F0 43 00 7E 00 0D 4C 4D 20 20 38 43 39 33 6D 01 3E 00 00 14 F7
[17:45:49] 💻 S→Y (16b): F0 43 20 7E 4C 4D 20 20 38 43 39 33 6D 01 3F F7
[17:45:49] 🎹 Y→S (21b): F0 43 00 7E 00 0D 4C 4D 20 20 38 43 39 33 6D 01 3F 00 00 13 F7
[17:45:49] 💻 S→Y (21b): F0 43 00 7E 00 0D 4C 4D 20 20 38 43 39 33 6D 01 3F 00 00 13 F7
[17:45:49] 💻 S→Y (16b): F0 43 20 7E 4C 4D 20 20 38 43 39 33 6D 01 40 F7
[17:45:49] 🎹 Y→S (21b): F0 43 00 7E 00 0D 4C 4D 20 20 38 43 39 33 6D 01 40 00 00 12 F7
[17:45:49] 💻 S→Y (21b): F0 43 00 7E 00 0D 4C 4D 20 20 38 43 39 33 6D 01 40 00 00 12 F7
[17:45:49] 💻 S→Y (16b): F0 43 20 7E 4C 4D 20 20 38 43 39 33 6D 01 41 F7
[17:45:49] 🎹 Y→S (21b): F0 43 00 7E 00 0D 4C 4D 20 20 38 43 39 33 6D 01 41 00 00 11 F7
[17:45:49] 💻 S→Y (21b): F0 43 00 7E 00 0D 4C 4D 20 20 38 43 39 33 6D 01 41 00 00 11 F7
[17:45:49] 💻 S→Y (16b): F0 43 20 7E 4C 4D 20 20 38 43 39 33 6D 01 42 F7
[17:45:49] 🎹 Y→S (21b): F0 43 00 7E 00 0D 4C 4D 20 20 38 43 39 33 6D 01 42 00 00 10 F7
[17:45:49] 💻 S→Y (21b): F0 43 00 7E 00 0D 4C 4D 20 20 38 43 39 33 6D 01 42 00 00 10 F7
[17:45:49] 💻 S→Y (16b): F0 43 20 7E 4C 4D 20 20 38 43 39 33 6D 01 43 F7
[17:45:49] 🎹 Y→S (21b): F0 43 00 7E 00 0D 4C 4D 20 20 38 43 39 33 6D 01 43 00 00 0F F7
[17:45:49] 💻 S→Y (21b): F0 43 00 7E 00 0D 4C 4D 20 20 38 43 39 33 6D 01 43 00 00 0F F7
[17:45:49] 💻 S→Y (16b): F0 43 20 7E 4C 4D 20 20 38 43 39 33 6D 01 44 F7
[17:45:49] 🎹 Y→S (21b): F0 43 00 7E 00 0D 4C 4D 20 20 38 43 39 33 6D 01 44 00 00 0E F7
[17:45:49] 💻 S→Y (21b): F0 43 00 7E 00 0D 4C 4D 20 20 38 43 39 33 6D 01 44 00 00 0E F7
[17:45:49] 💻 S→Y (16b): F0 43 20 7E 4C 4D 20 20 38 43 39 33 6D 01 45 F7
[17:45:49] 🎹 Y→S (21b): F0 43 00 7E 00 0D 4C 4D 20 20 38 43 39 33 6D 01 45 00 00 0D F7
[17:45:49] 💻 S→Y (21b): F0 43 00 7E 00 0D 4C 4D 20 20 38 43 39 33 6D 01 45 00 00 0D F7
[17:45:49] 💻 S→Y (16b): F0 43 20 7E 4C 4D 20 20 38 43 39 33 6D 01 46 F7
[17:45:49] 🎹 Y→S (21b): F0 43 00 7E 00 0D 4C 4D 20 20 38 43 39 33 6D 01 46 00 00 0C F7
[17:45:49] 💻 S→Y (21b): F0 43 00 7E 00 0D 4C 4D 20 20 38 43 39 33 6D 01 46 00 00 0C F7
[17:45:49] 💻 S→Y (16b): F0 43 20 7E 4C 4D 20 20 38 43 39 33 6D 01 47 F7
[17:45:49] 🎹 Y→S (21b): F0 43 00 7E 00 0D 4C 4D 20 20 38 43 39 33 6D 01 47 00 00 0B F7
[17:45:49] 💻 S→Y (21b): F0 43 00 7E 00 0D 4C 4D 20 20 38 43 39 33 6D 01 47 00 00 0B F7
[17:45:49] 💻 S→Y (16b): F0 43 20 7E 4C 4D 20 20 38 43 39 33 6D 02 00 F7
📊 Y→S: 546 | S→Y: 533 | 📶 Meters: 272 | 🔁 Loopback filtrado: 272 | 🔧 Remontados: 1
[17:45:49] 🎹 Y→S (659b): F0 43 00 7E 05 0B 4C 4D 20 20 38 43 39 33 6D 02 00 00 00 00 54 45 53 54 45 34 20 00 20 20 20 20 20 20 20 00 20 20 00 07 00 00 00 14 00 15 12 01 04 62 7A 7F 6E 31 35 7D 7D 7F 3A 44 17 65 75 29 01 0A 22 33 29 42 6C 6D 69 20 64 18 11 11 21 1D 03 27 30 11 11 5C 18 34 1C 16 53 66 2E 5A 05 4B 04 42 31 40 18 6C 36 13 13 2A 0C 06 14 18 18 11 10 0C 14 00 46 23 25 06 7B 05 2F 78 3F 7B 5D 6E 2E 2F 5B 1D 76 2E 50 7B 36 10 3D 49 0D 03 4A 52 34 2C 20 45 0C 26 03 15 78 00 47 24 60 22 30 1F 06 2A 4F 20 65 5B 4F 6B 23 6E 0C 02 11 76 68 06 0F 6C 60 3A 46 1D 73 2C 10 34 1E 46 37 58 77 3A 38 4A 07 48 5C 2C 62 43 2E 61 62 4E 17 2C 7A 07 30 1A 2B 56 53 4D 17 3C 30 4F 2F 4A 0E 5C 31 78 2A 52 74 3C 19 2F 2D 68 54 3D 27 0A 1A 1D 27 17 11 55 5A 75 01 7A 55 40 6F 3F 14 27 0F 7A 66 43 1F 6D 73 59 40 78 66 40 76 70 20 3C 11 61 29 6E 5C 45 09 5E 33 41 72 61 11 7B 57 49 70 12 23 40 68 42 7F 64 0C 44 05 4D 7A 34 77 3B 12 1C 12 62 38 37 56 58 40 1C 5E 64 6A 12 4A 79 08 64 36 5E 33 7E 70 38 23 4C 26 67 6F 76 25 4C 13 14 41 50 1D 6C 19 21 1B 55 16 64 45 3C 6B 16 62 3C 1F 2B 4A 21 3E 4D 2E 42 0F 28 7C 1B 37 60 36 7A 42 37 1B 37 1B 0F 37 1B 3F 66 4F 7C 0F 22 11 73 7E 39 11 71 7B 48 62 7C 0F 4D 1C 65 0F 5C 2D 4E 1E 12 44 6D 6C 51 75 47 19 15 70 66 2C 4C 3F 59 63 07 6C 2C 46 62 0B 68 4B 59 7C 33 4E 3C 35 14 31 35 16 74 2F 0C 68 27 2C 31 1F 31 66 23 72 4B 2E 1B 53 3E 4D 3D 1B 58 53 69 57 6B 15 54 5E 0A 6F 5C 74 1A 4D 13 31 0C 11 33 57 5D 6A 04 1E 79 01 33 6A 67 17 17 66 50 19 4D 5A 4A 18 4D 6D 71 4B 30 6A 60 35 3A 64 32 6E 7F 1C 4A 26 2A 75 4C 4F 7F 58 4A 06 0B 34 63 78 7D 4E 14 7A 35 79 74 29 53 1F 3E 17 0E 57 33 3D 26 28 51 6A 5B 38 59 23 38 5E 12 70 13 0E 20 3A 12 44 20 41 7A 41 71 4F 76 40 60 1E 2D 0E 78 5D 1A 0E 69 41 16 40 62 0E 71 3C 38 4A 0C 7C 64 0C 11 14 3A 63 5C 02 26 0E 40 6F 0C 21 4D 48 18 07 75 62 32 57 4F 08 68 0E 68 6F 0B 45 2C 62 49 1F 21 43 01 30 6D 49 48 6E 27 39 49 25 63 51 60 4A 5F 63 1B 2C 05 30 70 57 29 75 67 11 6D 62 46 4F 6E 38 2B 1E 44 20 00 00 04 6E 00 F7
[17:45:49] 💻 S→Y (659b): F0 43 00 7E 05 0B 4C 4D 20 20 38 43 39 33 6D 02 00 00 00 00 54 45 53 54 45 34 20 00 20 20 20 20 20 20 20 00 20 20 00 07 00 00 00 14 00 15 12 01 04 62 7A 7F 6E 31 35 7D 7D 7F 3A 44 17 65 75 29 01 0A 22 33 29 42 6C 6D 69 20 64 18 11 11 21 1D 03 27 30 11 11 5C 18 34 1C 16 53 66 2E 5A 05 4B 04 42 31 40 18 6C 36 13 13 2A 0C 06 14 18 18 11 10 0C 14 00 46 23 25 06 7B 05 2F 78 3F 7B 5D 6E 2E 2F 5B 1D 76 2E 50 7B 36 10 3D 49 0D 03 4A 52 34 2C 20 45 0C 26 03 15 78 00 47 24 60 22 30 1F 06 2A 4F 20 65 5B 4F 6B 23 6E 0C 02 11 76 68 06 0F 6C 60 3A 46 1D 73 2C 10 34 1E 46 37 58 77 3A 38 4A 07 48 5C 2C 62 43 2E 61 62 4E 17 2C 7A 07 30 1A 2B 56 53 4D 17 3C 30 4F 2F 4A 0E 5C 31 78 2A 52 74 3C 19 2F 2D 68 54 3D 27 0A 1A 1D 27 17 11 55 5A 75 01 7A 55 40 6F 3F 14 27 0F 7A 66 43 1F 6D 73 59 40 78 66 40 76 70 20 3C 11 61 29 6E 5C 45 09 5E 33 41 72 61 11 7B 57 49 70 12 23 40 68 42 7F 64 0C 44 05 4D 7A 34 77 3B 12 1C 12 62 38 37 56 58 40 1C 5E 64 6A 12 4A 79 08 64 36 5E 33 7E 70 38 23 4C 26 67 6F 76 25 4C 13 14 41 50 1D 6C 19 21 1B 55 16 64 45 3C 6B 16 62 3C 1F 2B 4A 21 3E 4D 2E 42 0F 28 7C 1B 37 60 36 7A 42 37 1B 37 1B 0F 37 1B 3F 66 4F 7C 0F 22 11 73 7E 39 11 71 7B 48 62 7C 0F 4D 1C 65 0F 5C 2D 4E 1E 12 44 6D 6C 51 75 47 19 15 70 66 2C 4C 3F 59 63 07 6C 2C 46 62 0B 68 4B 59 7C 33 4E 3C 35 14 31 35 16 74 2F 0C 68 27 2C 31 1F 31 66 23 72 4B 2E 1B 53 3E 4D 3D 1B 58 53 69 57 6B 15 54 5E 0A 6F 5C 74 1A 4D 13 31 0C 11 33 57 5D 6A 04 1E 79 01 33 6A 67 17 17 66 50 19 4D 5A 4A 18 4D 6D 71 4B 30 6A 60 35 3A 64 32 6E 7F 1C 4A 26 2A 75 4C 4F 7F 58 4A 06 0B 34 63 78 7D 4E 14 7A 35 79 74 29 53 1F 3E 17 0E 57 33 3D 26 28 51 6A 5B 38 59 23 38 5E 12 70 13 0E 20 3A 12 44 20 41 7A 41 71 4F 76 40 60 1E 2D 0E 78 5D 1A 0E 69 41 16 40 62 0E 71 3C 38 4A 0C 7C 64 0C 11 14 3A 63 5C 02 26 0E 40 6F 0C 21 4D 48 18 07 75 62 32 57 4F 08 68 0E 68 6F 0B 45 2C 62 49 1F 21 43 01 30 6D 49 48 6E 27 39 49 25 63 51 60 4A 5F 63 1B 2C 05 30 70 57 29 75 67 11 6D 62 46 4F 6E 38 2B 1E 44 20 00 00 04 6E 00 F7
[17:45:49] 💻 S→Y (16b): F0 43 20 7E 4C 4D 20 20 38 43 39 33 51 00 28 F7
[17:45:49] 🎹 Y→S (16b): F0 43 10 3E 7F 5E 01 6D 02 00 00 00 00 00 00 F7
[17:45:49] 💻 S→Y (16b): F0 43 10 3E 7F 5E 01 6D 02 00 00 00 00 00 00 F7
[17:45:49] 🎹 Y→S (21b): F0 43 00 7E 00 0D 4C 4D 20 20 38 43 39 33 51 00 28 00 00 47 F7
[17:45:49] 💻 S→Y (21b): F0 43 00 7E 00 0D 4C 4D 20 20 38 43 39 33 51 00 28 00 00 47 F7
[17:45:49] 💻 S→Y (16b): F0 43 20 7E 4C 4D 20 20 38 43 39 33 51 00 29 F7
[17:45:49] 🎹 Y→S (21b): F0 43 00 7E 00 0D 4C 4D 20 20 38 43 39 33 51 00 29 00 00 46 F7
[17:45:49] 💻 S→Y (21b): F0 43 00 7E 00 0D 4C 4D 20 20 38 43 39 33 51 00 29 00 00 46 F7
[17:45:49] 💻 S→Y (16b): F0 43 20 7E 4C 4D 20 20 38 43 39 33 51 00 2A F7
[17:45:49] 🎹 Y→S (21b): F0 43 00 7E 00 0D 4C 4D 20 20 38 43 39 33 51 00 2A 00 00 45 F7
[17:45:49] 💻 S→Y (21b): F0 43 00 7E 00 0D 4C 4D 20 20 38 43 39 33 51 00 2A 00 00 45 F7
[17:45:49] 💻 S→Y (16b): F0 43 20 7E 4C 4D 20 20 38 43 39 33 51 00 2B F7
[17:45:49] 🎹 Y→S (21b): F0 43 00 7E 00 0D 4C 4D 20 20 38 43 39 33 51 00 2B 00 00 44 F7
[17:45:49] 💻 S→Y (21b): F0 43 00 7E 00 0D 4C 4D 20 20 38 43 39 33 51 00 2B 00 00 44 F7
[17:45:49] 💻 S→Y (16b): F0 43 20 7E 4C 4D 20 20 38 43 39 33 51 00 2C F7
[17:45:49] 🎹 Y→S (21b): F0 43 00 7E 00 0D 4C 4D 20 20 38 43 39 33 51 00 2C 00 00 43 F7
[17:45:49] 💻 S→Y (21b): F0 43 00 7E 00 0D 4C 4D 20 20 38 43 39 33 51 00 2C 00 00 43 F7
[17:45:49] 💻 S→Y (16b): F0 43 20 7E 4C 4D 20 20 38 43 39 33 51 00 2D F7
[17:45:49] 🎹 Y→S (21b): F0 43 00 7E 00 0D 4C 4D 20 20 38 43 39 33 51 00 2D 00 00 42 F7
[17:45:49] 💻 S→Y (21b): F0 43 00 7E 00 0D 4C 4D 20 20 38 43 39 33 51 00 2D 00 00 42 F7
[17:45:49] 💻 S→Y (16b): F0 43 20 7E 4C 4D 20 20 38 43 39 33 51 00 2E F7
[17:45:49] 🎹 Y→S (21b): F0 43 00 7E 00 0D 4C 4D 20 20 38 43 39 33 51 00 2E 00 00 41 F7
[17:45:49] 💻 S→Y (21b): F0 43 00 7E 00 0D 4C 4D 20 20 38 43 39 33 51 00 2E 00 00 41 F7
[17:45:49] 💻 S→Y (16b): F0 43 20 7E 4C 4D 20 20 38 43 39 33 51 00 2F F7
[17:45:49] 🎹 Y→S (21b): F0 43 00 7E 00 0D 4C 4D 20 20 38 43 39 33 51 00 2F 00 00 40 F7
[17:45:49] 💻 S→Y (21b): F0 43 00 7E 00 0D 4C 4D 20 20 38 43 39 33 51 00 2F 00 00 40 F7
[17:45:49] 💻 S→Y (16b): F0 43 20 7E 4C 4D 20 20 38 43 39 33 51 00 30 F7
[17:45:49] 🎹 Y→S (21b): F0 43 00 7E 00 0D 4C 4D 20 20 38 43 39 33 51 00 30 00 00 3F F7
[17:45:49] 💻 S→Y (21b): F0 43 00 7E 00 0D 4C 4D 20 20 38 43 39 33 51 00 30 00 00 3F F7
[17:45:49] 💻 S→Y (16b): F0 43 20 7E 4C 4D 20 20 38 43 39 33 51 00 31 F7
[17:45:49] 🎹 Y→S (21b): F0 43 00 7E 00 0D 4C 4D 20 20 38 43 39 33 51 00 31 00 00 3E F7
[17:45:49] 💻 S→Y (21b): F0 43 00 7E 00 0D 4C 4D 20 20 38 43 39 33 51 00 31 00 00 3E F7
[17:45:49] 💻 S→Y (16b): F0 43 20 7E 4C 4D 20 20 38 43 39 33 51 00 32 F7
[17:45:49] 🎹 Y→S (21b): F0 43 00 7E 00 0D 4C 4D 20 20 38 43 39 33 51 00 32 00 00 3D F7
[17:45:49] 💻 S→Y (21b): F0 43 00 7E 00 0D 4C 4D 20 20 38 43 39 33 51 00 32 00 00 3D F7
[17:45:49] 💻 S→Y (16b): F0 43 20 7E 4C 4D 20 20 38 43 39 33 51 00 33 F7
[17:45:49] 🎹 Y→S (21b): F0 43 00 7E 00 0D 4C 4D 20 20 38 43 39 33 51 00 33 00 00 3C F7
[17:45:49] 💻 S→Y (21b): F0 43 00 7E 00 0D 4C 4D 20 20 38 43 39 33 51 00 33 00 00 3C F7
[17:45:49] 💻 S→Y (16b): F0 43 20 7E 4C 4D 20 20 38 43 39 33 51 00 34 F7
[17:45:49] 🎹 Y→S (21b): F0 43 00 7E 00 0D 4C 4D 20 20 38 43 39 33 51 00 34 00 00 3B F7
[17:45:49] 💻 S→Y (21b): F0 43 00 7E 00 0D 4C 4D 20 20 38 43 39 33 51 00 34 00 00 3B F7
[17:45:49] 💻 S→Y (16b): F0 43 20 7E 4C 4D 20 20 38 43 39 33 51 00 35 F7
[17:45:49] 🎹 Y→S (21b): F0 43 00 7E 00 0D 4C 4D 20 20 38 43 39 33 51 00 35 00 00 3A F7
[17:45:49] 💻 S→Y (21b): F0 43 00 7E 00 0D 4C 4D 20 20 38 43 39 33 51 00 35 00 00 3A F7
[17:45:49] 💻 S→Y (16b): F0 43 20 7E 4C 4D 20 20 38 43 39 33 51 00 36 F7
[17:45:49] 🎹 Y→S (21b): F0 43 00 7E 00 0D 4C 4D 20 20 38 43 39 33 51 00 36 00 00 39 F7
[17:45:49] 💻 S→Y (21b): F0 43 00 7E 00 0D 4C 4D 20 20 38 43 39 33 51 00 36 00 00 39 F7
[17:45:49] 💻 S→Y (16b): F0 43 20 7E 4C 4D 20 20 38 43 39 33 51 00 37 F7
[17:45:49] 🎹 Y→S (21b): F0 43 00 7E 00 0D 4C 4D 20 20 38 43 39 33 51 00 37 00 00 38 F7
[17:45:49] 💻 S→Y (21b): F0 43 00 7E 00 0D 4C 4D 20 20 38 43 39 33 51 00 37 00 00 38 F7
[17:45:49] 💻 S→Y (16b): F0 43 20 7E 4C 4D 20 20 38 43 39 33 51 00 38 F7
[17:45:49] 🎹 Y→S (21b): F0 43 00 7E 00 0D 4C 4D 20 20 38 43 39 33 51 00 38 00 00 37 F7
[17:45:49] 💻 S→Y (21b): F0 43 00 7E 00 0D 4C 4D 20 20 38 43 39 33 51 00 38 00 00 37 F7
[17:45:49] 💻 S→Y (16b): F0 43 20 7E 4C 4D 20 20 38 43 39 33 51 00 39 F7
[17:45:49] 🎹 Y→S (21b): F0 43 00 7E 00 0D 4C 4D 20 20 38 43 39 33 51 00 39 00 00 36 F7
[17:45:49] 💻 S→Y (21b): F0 43 00 7E 00 0D 4C 4D 20 20 38 43 39 33 51 00 39 00 00 36 F7
[17:45:49] 💻 S→Y (16b): F0 43 20 7E 4C 4D 20 20 38 43 39 33 51 00 3A F7
[17:45:49] 🎹 Y→S (21b): F0 43 00 7E 00 0D 4C 4D 20 20 38 43 39 33 51 00 3A 00 00 35 F7
[17:45:49] 💻 S→Y (21b): F0 43 00 7E 00 0D 4C 4D 20 20 38 43 39 33 51 00 3A 00 00 35 F7
[17:45:49] 💻 S→Y (16b): F0 43 20 7E 4C 4D 20 20 38 43 39 33 51 00 3B F7
[17:45:49] 🎹 Y→S (21b): F0 43 00 7E 00 0D 4C 4D 20 20 38 43 39 33 51 00 3B 00 00 34 F7
[17:45:49] 💻 S→Y (21b): F0 43 00 7E 00 0D 4C 4D 20 20 38 43 39 33 51 00 3B 00 00 34 F7
[17:45:49] 💻 S→Y (16b): F0 43 20 7E 4C 4D 20 20 38 43 39 33 51 00 3C F7
[17:45:49] 🎹 Y→S (21b): F0 43 00 7E 00 0D 4C 4D 20 20 38 43 39 33 51 00 3C 00 00 33 F7
[17:45:49] 💻 S→Y (21b): F0 43 00 7E 00 0D 4C 4D 20 20 38 43 39 33 51 00 3C 00 00 33 F7
[17:45:49] 💻 S→Y (16b): F0 43 20 7E 4C 4D 20 20 38 43 39 33 51 00 3D F7
[17:45:49] 🎹 Y→S (21b): F0 43 00 7E 00 0D 4C 4D 20 20 38 43 39 33 51 00 3D 00 00 32 F7
[17:45:49] 💻 S→Y (21b): F0 43 00 7E 00 0D 4C 4D 20 20 38 43 39 33 51 00 3D 00 00 32 F7
[17:45:49] 💻 S→Y (16b): F0 43 20 7E 4C 4D 20 20 38 43 39 33 51 00 3E F7
[17:45:49] 🎹 Y→S (21b): F0 43 00 7E 00 0D 4C 4D 20 20 38 43 39 33 51 00 3E 00 00 31 F7
[17:45:49] 💻 S→Y (21b): F0 43 00 7E 00 0D 4C 4D 20 20 38 43 39 33 51 00 3E 00 00 31 F7
[17:45:49] 💻 S→Y (16b): F0 43 20 7E 4C 4D 20 20 38 43 39 33 51 00 3F F7
[17:45:49] 🎹 Y→S (21b): F0 43 00 7E 00 0D 4C 4D 20 20 38 43 39 33 51 00 3F 00 00 30 F7
[17:45:49] 💻 S→Y (21b): F0 43 00 7E 00 0D 4C 4D 20 20 38 43 39 33 51 00 3F 00 00 30 F7
[17:45:49] 💻 S→Y (16b): F0 43 20 7E 4C 4D 20 20 38 43 39 33 51 00 40 F7
[17:45:49] 🎹 Y→S (21b): F0 43 00 7E 00 0D 4C 4D 20 20 38 43 39 33 51 00 40 00 00 2F F7
[17:45:49] 💻 S→Y (21b): F0 43 00 7E 00 0D 4C 4D 20 20 38 43 39 33 51 00 40 00 00 2F F7
[17:45:49] 💻 S→Y (16b): F0 43 20 7E 4C 4D 20 20 38 43 39 33 51 00 41 F7
[17:45:49] 🎹 Y→S (21b): F0 43 00 7E 00 0D 4C 4D 20 20 38 43 39 33 51 00 41 00 00 2E F7
[17:45:49] 💻 S→Y (21b): F0 43 00 7E 00 0D 4C 4D 20 20 38 43 39 33 51 00 41 00 00 2E F7
[17:45:49] 💻 S→Y (16b): F0 43 20 7E 4C 4D 20 20 38 43 39 33 51 00 42 F7
[17:45:49] 🎹 Y→S (21b): F0 43 00 7E 00 0D 4C 4D 20 20 38 43 39 33 51 00 42 00 00 2D F7
[17:45:49] 💻 S→Y (21b): F0 43 00 7E 00 0D 4C 4D 20 20 38 43 39 33 51 00 42 00 00 2D F7
[17:45:49] 💻 S→Y (16b): F0 43 20 7E 4C 4D 20 20 38 43 39 33 51 00 43 F7
[17:45:49] 🎹 Y→S (21b): F0 43 00 7E 00 0D 4C 4D 20 20 38 43 39 33 51 00 43 00 00 2C F7
[17:45:49] 💻 S→Y (21b): F0 43 00 7E 00 0D 4C 4D 20 20 38 43 39 33 51 00 43 00 00 2C F7
[17:45:49] 💻 S→Y (16b): F0 43 20 7E 4C 4D 20 20 38 43 39 33 51 00 44 F7
[17:45:49] 🎹 Y→S (21b): F0 43 00 7E 00 0D 4C 4D 20 20 38 43 39 33 51 00 44 00 00 2B F7
[17:45:49] 💻 S→Y (21b): F0 43 00 7E 00 0D 4C 4D 20 20 38 43 39 33 51 00 44 00 00 2B F7
[17:45:49] 💻 S→Y (16b): F0 43 20 7E 4C 4D 20 20 38 43 39 33 51 00 45 F7
[17:45:49] 🎹 Y→S (21b): F0 43 00 7E 00 0D 4C 4D 20 20 38 43 39 33 51 00 45 00 00 2A F7
[17:45:49] 💻 S→Y (21b): F0 43 00 7E 00 0D 4C 4D 20 20 38 43 39 33 51 00 45 00 00 2A F7
[17:45:49] 💻 S→Y (16b): F0 43 20 7E 4C 4D 20 20 38 43 39 33 51 00 46 F7
[17:45:49] 🎹 Y→S (21b): F0 43 00 7E 00 0D 4C 4D 20 20 38 43 39 33 51 00 46 00 00 29 F7
[17:45:49] 💻 S→Y (21b): F0 43 00 7E 00 0D 4C 4D 20 20 38 43 39 33 51 00 46 00 00 29 F7
[17:45:49] 💻 S→Y (16b): F0 43 20 7E 4C 4D 20 20 38 43 39 33 51 00 47 F7
[17:45:49] 🎹 Y→S (21b): F0 43 00 7E 00 0D 4C 4D 20 20 38 43 39 33 51 00 47 00 00 28 F7
[17:45:49] 💻 S→Y (21b): F0 43 00 7E 00 0D 4C 4D 20 20 38 43 39 33 51 00 47 00 00 28 F7
[17:45:49] 💻 S→Y (16b): F0 43 20 7E 4C 4D 20 20 38 43 39 33 51 00 48 F7
[17:45:49] 🎹 Y→S (21b): F0 43 00 7E 00 0D 4C 4D 20 20 38 43 39 33 51 00 48 00 00 27 F7
[17:45:49] 💻 S→Y (21b): F0 43 00 7E 00 0D 4C 4D 20 20 38 43 39 33 51 00 48 00 00 27 F7
[17:45:49] 💻 S→Y (16b): F0 43 20 7E 4C 4D 20 20 38 43 39 33 51 00 49 F7
[17:45:49] 🎹 Y→S (21b): F0 43 00 7E 00 0D 4C 4D 20 20 38 43 39 33 51 00 49 00 00 26 F7
[17:45:49] 💻 S→Y (21b): F0 43 00 7E 00 0D 4C 4D 20 20 38 43 39 33 51 00 49 00 00 26 F7
[17:45:49] 💻 S→Y (16b): F0 43 20 7E 4C 4D 20 20 38 43 39 33 51 00 4A F7
[17:45:49] 🎹 Y→S (21b): F0 43 00 7E 00 0D 4C 4D 20 20 38 43 39 33 51 00 4A 00 00 25 F7
[17:45:49] 💻 S→Y (21b): F0 43 00 7E 00 0D 4C 4D 20 20 38 43 39 33 51 00 4A 00 00 25 F7
[17:45:49] 💻 S→Y (16b): F0 43 20 7E 4C 4D 20 20 38 43 39 33 51 00 4B F7
[17:45:49] 🎹 Y→S (21b): F0 43 00 7E 00 0D 4C 4D 20 20 38 43 39 33 51 00 4B 00 00 24 F7
[17:45:49] 💻 S→Y (21b): F0 43 00 7E 00 0D 4C 4D 20 20 38 43 39 33 51 00 4B 00 00 24 F7
[17:45:49] 💻 S→Y (16b): F0 43 20 7E 4C 4D 20 20 38 43 39 33 51 00 4C F7
[17:45:49] 🎹 Y→S (21b): F0 43 00 7E 00 0D 4C 4D 20 20 38 43 39 33 51 00 4C 00 00 23 F7
[17:45:49] 💻 S→Y (21b): F0 43 00 7E 00 0D 4C 4D 20 20 38 43 39 33 51 00 4C 00 00 23 F7
[17:45:49] 💻 S→Y (16b): F0 43 20 7E 4C 4D 20 20 38 43 39 33 51 00 4D F7
[17:45:49] 🎹 Y→S (21b): F0 43 00 7E 00 0D 4C 4D 20 20 38 43 39 33 51 00 4D 00 00 22 F7
[17:45:49] 💻 S→Y (21b): F0 43 00 7E 00 0D 4C 4D 20 20 38 43 39 33 51 00 4D 00 00 22 F7
[17:45:49] 💻 S→Y (16b): F0 43 20 7E 4C 4D 20 20 38 43 39 33 51 00 4E F7
[17:45:49] 🎹 Y→S (21b): F0 43 00 7E 00 0D 4C 4D 20 20 38 43 39 33 51 00 4E 00 00 21 F7
[17:45:49] 💻 S→Y (21b): F0 43 00 7E 00 0D 4C 4D 20 20 38 43 39 33 51 00 4E 00 00 21 F7
[17:45:49] 💻 S→Y (16b): F0 43 20 7E 4C 4D 20 20 38 43 39 33 51 00 4F F7
[17:45:49] 🎹 Y→S (21b): F0 43 00 7E 00 0D 4C 4D 20 20 38 43 39 33 51 00 4F 00 00 20 F7
[17:45:49] 💻 S→Y (21b): F0 43 00 7E 00 0D 4C 4D 20 20 38 43 39 33 51 00 4F 00 00 20 F7
[17:45:49] 💻 S→Y (16b): F0 43 20 7E 4C 4D 20 20 38 43 39 33 51 00 50 F7
[17:45:49] 🎹 Y→S (21b): F0 43 00 7E 00 0D 4C 4D 20 20 38 43 39 33 51 00 50 00 00 1F F7
[17:45:49] 💻 S→Y (21b): F0 43 00 7E 00 0D 4C 4D 20 20 38 43 39 33 51 00 50 00 00 1F F7
[17:45:49] 💻 S→Y (16b): F0 43 20 7E 4C 4D 20 20 38 43 39 33 51 00 51 F7
[17:45:49] 🎹 Y→S (21b): F0 43 00 7E 00 0D 4C 4D 20 20 38 43 39 33 51 00 51 00 00 1E F7
[17:45:49] 💻 S→Y (21b): F0 43 00 7E 00 0D 4C 4D 20 20 38 43 39 33 51 00 51 00 00 1E F7
[17:45:49] 💻 S→Y (16b): F0 43 20 7E 4C 4D 20 20 38 43 39 33 51 00 52 F7
[17:45:49] 🎹 Y→S (21b): F0 43 00 7E 00 0D 4C 4D 20 20 38 43 39 33 51 00 52 00 00 1D F7
[17:45:49] 💻 S→Y (21b): F0 43 00 7E 00 0D 4C 4D 20 20 38 43 39 33 51 00 52 00 00 1D F7
[17:45:49] 💻 S→Y (16b): F0 43 20 7E 4C 4D 20 20 38 43 39 33 51 00 53 F7
[17:45:49] 🎹 Y→S (21b): F0 43 00 7E 00 0D 4C 4D 20 20 38 43 39 33 51 00 53 00 00 1C F7
[17:45:49] 💻 S→Y (21b): F0 43 00 7E 00 0D 4C 4D 20 20 38 43 39 33 51 00 53 00 00 1C F7
[17:45:49] 💻 S→Y (16b): F0 43 20 7E 4C 4D 20 20 38 43 39 33 51 00 54 F7
[17:45:49] 🎹 Y→S (21b): F0 43 00 7E 00 0D 4C 4D 20 20 38 43 39 33 51 00 54 00 00 1B F7
[17:45:49] 💻 S→Y (21b): F0 43 00 7E 00 0D 4C 4D 20 20 38 43 39 33 51 00 54 00 00 1B F7
[17:45:49] 💻 S→Y (16b): F0 43 20 7E 4C 4D 20 20 38 43 39 33 51 00 55 F7
[17:45:49] 🎹 Y→S (21b): F0 43 00 7E 00 0D 4C 4D 20 20 38 43 39 33 51 00 55 00 00 1A F7
[17:45:49] 💻 S→Y (21b): F0 43 00 7E 00 0D 4C 4D 20 20 38 43 39 33 51 00 55 00 00 1A F7
[17:45:49] 💻 S→Y (16b): F0 43 20 7E 4C 4D 20 20 38 43 39 33 51 00 56 F7
[17:45:49] 🎹 Y→S (21b): F0 43 00 7E 00 0D 4C 4D 20 20 38 43 39 33 51 00 56 00 00 19 F7
[17:45:49] 💻 S→Y (21b): F0 43 00 7E 00 0D 4C 4D 20 20 38 43 39 33 51 00 56 00 00 19 F7
[17:45:49] 💻 S→Y (16b): F0 43 20 7E 4C 4D 20 20 38 43 39 33 51 00 57 F7
[17:45:49] 🎹 Y→S (21b): F0 43 00 7E 00 0D 4C 4D 20 20 38 43 39 33 51 00 57 00 00 18 F7
[17:45:49] 💻 S→Y (21b): F0 43 00 7E 00 0D 4C 4D 20 20 38 43 39 33 51 00 57 00 00 18 F7
[17:45:49] 💻 S→Y (16b): F0 43 20 7E 4C 4D 20 20 38 43 39 33 51 00 58 F7
[17:45:49] 🎹 Y→S (21b): F0 43 00 7E 00 0D 4C 4D 20 20 38 43 39 33 51 00 58 00 00 17 F7
[17:45:49] 💻 S→Y (21b): F0 43 00 7E 00 0D 4C 4D 20 20 38 43 39 33 51 00 58 00 00 17 F7
[17:45:49] 💻 S→Y (16b): F0 43 20 7E 4C 4D 20 20 38 43 39 33 51 00 59 F7
[17:45:49] 🎹 Y→S (21b): F0 43 00 7E 00 0D 4C 4D 20 20 38 43 39 33 51 00 59 00 00 16 F7
[17:45:49] 💻 S→Y (21b): F0 43 00 7E 00 0D 4C 4D 20 20 38 43 39 33 51 00 59 00 00 16 F7
[17:45:49] 💻 S→Y (16b): F0 43 20 7E 4C 4D 20 20 38 43 39 33 51 00 5A F7
[17:45:49] 🎹 Y→S (21b): F0 43 00 7E 00 0D 4C 4D 20 20 38 43 39 33 51 00 5A 00 00 15 F7
[17:45:49] 💻 S→Y (21b): F0 43 00 7E 00 0D 4C 4D 20 20 38 43 39 33 51 00 5A 00 00 15 F7
[17:45:49] 💻 S→Y (16b): F0 43 20 7E 4C 4D 20 20 38 43 39 33 51 00 5B F7
[17:45:49] 🎹 Y→S (21b): F0 43 00 7E 00 0D 4C 4D 20 20 38 43 39 33 51 00 5B 00 00 14 F7
[17:45:49] 💻 S→Y (21b): F0 43 00 7E 00 0D 4C 4D 20 20 38 43 39 33 51 00 5B 00 00 14 F7
[17:45:49] 💻 S→Y (16b): F0 43 20 7E 4C 4D 20 20 38 43 39 33 51 00 5C F7
[17:45:49] 🎹 Y→S (21b): F0 43 00 7E 00 0D 4C 4D 20 20 38 43 39 33 51 00 5C 00 00 13 F7
[17:45:49] 💻 S→Y (21b): F0 43 00 7E 00 0D 4C 4D 20 20 38 43 39 33 51 00 5C 00 00 13 F7
[17:45:49] 💻 S→Y (16b): F0 43 20 7E 4C 4D 20 20 38 43 39 33 51 00 5D F7
[17:45:49] 🎹 Y→S (21b): F0 43 00 7E 00 0D 4C 4D 20 20 38 43 39 33 51 00 5D 00 00 12 F7
[17:45:49] 💻 S→Y (21b): F0 43 00 7E 00 0D 4C 4D 20 20 38 43 39 33 51 00 5D 00 00 12 F7
[17:45:49] 💻 S→Y (16b): F0 43 20 7E 4C 4D 20 20 38 43 39 33 51 00 5E F7
[17:45:49] 🎹 Y→S (21b): F0 43 00 7E 00 0D 4C 4D 20 20 38 43 39 33 51 00 5E 00 00 11 F7
[17:45:49] 💻 S→Y (21b): F0 43 00 7E 00 0D 4C 4D 20 20 38 43 39 33 51 00 5E 00 00 11 F7
[17:45:49] 💻 S→Y (16b): F0 43 20 7E 4C 4D 20 20 38 43 39 33 51 00 5F F7
[17:45:49] 🎹 Y→S (21b): F0 43 00 7E 00 0D 4C 4D 20 20 38 43 39 33 51 00 5F 00 00 10 F7
[17:45:49] 💻 S→Y (21b): F0 43 00 7E 00 0D 4C 4D 20 20 38 43 39 33 51 00 5F 00 00 10 F7
[17:45:49] 💻 S→Y (16b): F0 43 20 7E 4C 4D 20 20 38 43 39 33 51 00 60 F7
[17:45:49] 🎹 Y→S (21b): F0 43 00 7E 00 0D 4C 4D 20 20 38 43 39 33 51 00 60 00 00 0F F7
[17:45:49] 💻 S→Y (21b): F0 43 00 7E 00 0D 4C 4D 20 20 38 43 39 33 51 00 60 00 00 0F F7
[17:45:49] 💻 S→Y (16b): F0 43 20 7E 4C 4D 20 20 38 43 39 33 51 00 61 F7
[17:45:49] 🎹 Y→S (21b): F0 43 00 7E 00 0D 4C 4D 20 20 38 43 39 33 51 00 61 00 00 0E F7
[17:45:49] 💻 S→Y (21b): F0 43 00 7E 00 0D 4C 4D 20 20 38 43 39 33 51 00 61 00 00 0E F7
[17:45:49] 💻 S→Y (16b): F0 43 20 7E 4C 4D 20 20 38 43 39 33 51 00 62 F7
[17:45:49] 🎹 Y→S (21b): F0 43 00 7E 00 0D 4C 4D 20 20 38 43 39 33 51 00 62 00 00 0D F7
[17:45:49] 💻 S→Y (21b): F0 43 00 7E 00 0D 4C 4D 20 20 38 43 39 33 51 00 62 00 00 0D F7
[17:45:49] 💻 S→Y (16b): F0 43 20 7E 4C 4D 20 20 38 43 39 33 51 00 63 F7
[17:45:49] 🎹 Y→S (21b): F0 43 00 7E 00 0D 4C 4D 20 20 38 43 39 33 51 00 63 00 00 0C F7
[17:45:49] 💻 S→Y (21b): F0 43 00 7E 00 0D 4C 4D 20 20 38 43 39 33 51 00 63 00 00 0C F7
[17:45:49] 💻 S→Y (16b): F0 43 20 7E 4C 4D 20 20 38 43 39 33 51 00 64 F7
[17:45:49] 🎹 Y→S (21b): F0 43 00 7E 00 0D 4C 4D 20 20 38 43 39 33 51 00 64 00 00 0B F7
[17:45:49] 💻 S→Y (21b): F0 43 00 7E 00 0D 4C 4D 20 20 38 43 39 33 51 00 64 00 00 0B F7
[17:45:49] 💻 S→Y (16b): F0 43 20 7E 4C 4D 20 20 38 43 39 33 51 00 65 F7
[17:45:49] 🎹 Y→S (21b): F0 43 00 7E 00 0D 4C 4D 20 20 38 43 39 33 51 00 65 00 00 0A F7
[17:45:49] 💻 S→Y (21b): F0 43 00 7E 00 0D 4C 4D 20 20 38 43 39 33 51 00 65 00 00 0A F7
[17:45:49] 💻 S→Y (16b): F0 43 20 7E 4C 4D 20 20 38 43 39 33 51 00 66 F7
[17:45:49] 🎹 Y→S (21b): F0 43 00 7E 00 0D 4C 4D 20 20 38 43 39 33 51 00 66 00 00 09 F7
[17:45:49] 💻 S→Y (21b): F0 43 00 7E 00 0D 4C 4D 20 20 38 43 39 33 51 00 66 00 00 09 F7
[17:45:49] 💻 S→Y (16b): F0 43 20 7E 4C 4D 20 20 38 43 39 33 51 00 67 F7
[17:45:49] 🎹 Y→S (21b): F0 43 00 7E 00 0D 4C 4D 20 20 38 43 39 33 51 00 67 00 00 08 F7
[17:45:49] 💻 S→Y (21b): F0 43 00 7E 00 0D 4C 4D 20 20 38 43 39 33 51 00 67 00 00 08 F7
[17:45:49] 💻 S→Y (16b): F0 43 20 7E 4C 4D 20 20 38 43 39 33 51 00 68 F7
[17:45:49] 🎹 Y→S (21b): F0 43 00 7E 00 0D 4C 4D 20 20 38 43 39 33 51 00 68 00 00 07 F7
[17:45:49] 💻 S→Y (21b): F0 43 00 7E 00 0D 4C 4D 20 20 38 43 39 33 51 00 68 00 00 07 F7
[17:45:49] 💻 S→Y (16b): F0 43 20 7E 4C 4D 20 20 38 43 39 33 51 00 69 F7
[17:45:49] 🎹 Y→S (21b): F0 43 00 7E 00 0D 4C 4D 20 20 38 43 39 33 51 00 69 00 00 06 F7
[17:45:49] 💻 S→Y (21b): F0 43 00 7E 00 0D 4C 4D 20 20 38 43 39 33 51 00 69 00 00 06 F7
[17:45:49] 💻 S→Y (16b): F0 43 20 7E 4C 4D 20 20 38 43 39 33 51 00 6A F7
[17:45:49] 🎹 Y→S (21b): F0 43 00 7E 00 0D 4C 4D 20 20 38 43 39 33 51 00 6A 00 00 05 F7
[17:45:49] 💻 S→Y (21b): F0 43 00 7E 00 0D 4C 4D 20 20 38 43 39 33 51 00 6A 00 00 05 F7
[17:45:49] 💻 S→Y (16b): F0 43 20 7E 4C 4D 20 20 38 43 39 33 51 00 6B F7
[17:45:49] 🎹 Y→S (21b): F0 43 00 7E 00 0D 4C 4D 20 20 38 43 39 33 51 00 6B 00 00 04 F7
[17:45:49] 💻 S→Y (21b): F0 43 00 7E 00 0D 4C 4D 20 20 38 43 39 33 51 00 6B 00 00 04 F7
[17:45:49] 💻 S→Y (16b): F0 43 20 7E 4C 4D 20 20 38 43 39 33 51 00 6C F7
[17:45:49] 🎹 Y→S (21b): F0 43 00 7E 00 0D 4C 4D 20 20 38 43 39 33 51 00 6C 00 00 03 F7
[17:45:49] 💻 S→Y (21b): F0 43 00 7E 00 0D 4C 4D 20 20 38 43 39 33 51 00 6C 00 00 03 F7
[17:45:49] 💻 S→Y (16b): F0 43 20 7E 4C 4D 20 20 38 43 39 33 51 00 6D F7
[17:45:49] 🎹 Y→S (21b): F0 43 00 7E 00 0D 4C 4D 20 20 38 43 39 33 51 00 6D 00 00 02 F7
[17:45:49] 💻 S→Y (21b): F0 43 00 7E 00 0D 4C 4D 20 20 38 43 39 33 51 00 6D 00 00 02 F7
[17:45:49] 💻 S→Y (16b): F0 43 20 7E 4C 4D 20 20 38 43 39 33 51 00 6E F7
[17:45:49] 🎹 Y→S (21b): F0 43 00 7E 00 0D 4C 4D 20 20 38 43 39 33 51 00 6E 00 00 01 F7
[17:45:49] 💻 S→Y (21b): F0 43 00 7E 00 0D 4C 4D 20 20 38 43 39 33 51 00 6E 00 00 01 F7
[17:45:49] 💻 S→Y (16b): F0 43 20 7E 4C 4D 20 20 38 43 39 33 51 00 6F F7
[17:45:49] 🎹 Y→S (21b): F0 43 00 7E 00 0D 4C 4D 20 20 38 43 39 33 51 00 6F 00 00 00 F7
[17:45:49] 💻 S→Y (21b): F0 43 00 7E 00 0D 4C 4D 20 20 38 43 39 33 51 00 6F 00 00 00 F7
[17:45:49] 💻 S→Y (16b): F0 43 20 7E 4C 4D 20 20 38 43 39 33 51 00 70 F7
[17:45:49] 🎹 Y→S (21b): F0 43 00 7E 00 0D 4C 4D 20 20 38 43 39 33 51 00 70 00 00 7F F7
[17:45:49] 💻 S→Y (21b): F0 43 00 7E 00 0D 4C 4D 20 20 38 43 39 33 51 00 70 00 00 7F F7
[17:45:49] 💻 S→Y (16b): F0 43 20 7E 4C 4D 20 20 38 43 39 33 51 00 71 F7
[17:45:49] 🎹 Y→S (21b): F0 43 00 7E 00 0D 4C 4D 20 20 38 43 39 33 51 00 71 00 00 7E F7
[17:45:49] 💻 S→Y (21b): F0 43 00 7E 00 0D 4C 4D 20 20 38 43 39 33 51 00 71 00 00 7E F7
[17:45:49] 💻 S→Y (16b): F0 43 20 7E 4C 4D 20 20 38 43 39 33 51 00 72 F7
[17:45:49] 🎹 Y→S (21b): F0 43 00 7E 00 0D 4C 4D 20 20 38 43 39 33 51 00 72 00 00 7D F7
[17:45:49] 💻 S→Y (21b): F0 43 00 7E 00 0D 4C 4D 20 20 38 43 39 33 51 00 72 00 00 7D F7
[17:45:49] 💻 S→Y (16b): F0 43 20 7E 4C 4D 20 20 38 43 39 33 51 00 73 F7
[17:45:49] 🎹 Y→S (21b): F0 43 00 7E 00 0D 4C 4D 20 20 38 43 39 33 51 00 73 00 00 7C F7
[17:45:49] 💻 S→Y (21b): F0 43 00 7E 00 0D 4C 4D 20 20 38 43 39 33 51 00 73 00 00 7C F7
[17:45:49] 💻 S→Y (16b): F0 43 20 7E 4C 4D 20 20 38 43 39 33 51 00 74 F7
[17:45:49] 🎹 Y→S (14b): F0 43 10 3E 7F 01 1C 00 05 00 00 01 55 F7
[17:45:49] 💻 S→Y (14b): F0 43 10 3E 7F 01 1C 00 05 00 00 01 55 F7
[17:45:49] 🎹 Y→S (21b): F0 43 00 7E 00 0D 4C 4D 20 20 38 43 39 33 51 00 74 00 00 7B F7
[17:45:49] 💻 S→Y (21b): F0 43 00 7E 00 0D 4C 4D 20 20 38 43 39 33 51 00 74 00 00 7B F7
[17:45:49] 💻 S→Y (16b): F0 43 20 7E 4C 4D 20 20 38 43 39 33 51 00 75 F7
[17:45:49] 🎹 Y→S (21b): F0 43 00 7E 00 0D 4C 4D 20 20 38 43 39 33 51 00 75 00 00 7A F7
[17:45:49] 💻 S→Y (21b): F0 43 00 7E 00 0D 4C 4D 20 20 38 43 39 33 51 00 75 00 00 7A F7
[17:45:49] 💻 S→Y (16b): F0 43 20 7E 4C 4D 20 20 38 43 39 33 51 00 76 F7
[17:45:49] 🎹 Y→S (21b): F0 43 00 7E 00 0D 4C 4D 20 20 38 43 39 33 51 00 76 00 00 79 F7
[17:45:49] 💻 S→Y (21b): F0 43 00 7E 00 0D 4C 4D 20 20 38 43 39 33 51 00 76 00 00 79 F7
[17:45:49] 💻 S→Y (16b): F0 43 20 7E 4C 4D 20 20 38 43 39 33 51 00 77 F7
[17:45:49] 🎹 Y→S (21b): F0 43 00 7E 00 0D 4C 4D 20 20 38 43 39 33 51 00 77 00 00 78 F7
[17:45:49] 💻 S→Y (21b): F0 43 00 7E 00 0D 4C 4D 20 20 38 43 39 33 51 00 77 00 00 78 F7
[17:45:49] 💻 S→Y (16b): F0 43 20 7E 4C 4D 20 20 38 43 39 33 51 00 78 F7
[17:45:49] 🎹 Y→S (21b): F0 43 00 7E 00 0D 4C 4D 20 20 38 43 39 33 51 00 78 00 00 77 F7
[17:45:49] 💻 S→Y (21b): F0 43 00 7E 00 0D 4C 4D 20 20 38 43 39 33 51 00 78 00 00 77 F7
[17:45:49] 💻 S→Y (16b): F0 43 20 7E 4C 4D 20 20 38 43 39 33 51 00 79 F7
[17:45:49] 🎹 Y→S (21b): F0 43 00 7E 00 0D 4C 4D 20 20 38 43 39 33 51 00 79 00 00 76 F7
[17:45:49] 💻 S→Y (21b): F0 43 00 7E 00 0D 4C 4D 20 20 38 43 39 33 51 00 79 00 00 76 F7
[17:45:49] 💻 S→Y (16b): F0 43 20 7E 4C 4D 20 20 38 43 39 33 51 00 7A F7
[17:45:49] 🎹 Y→S (21b): F0 43 00 7E 00 0D 4C 4D 20 20 38 43 39 33 51 00 7A 00 00 75 F7
[17:45:49] 💻 S→Y (21b): F0 43 00 7E 00 0D 4C 4D 20 20 38 43 39 33 51 00 7A 00 00 75 F7
[17:45:49] 💻 S→Y (16b): F0 43 20 7E 4C 4D 20 20 38 43 39 33 51 00 7B F7
[17:45:49] 🎹 Y→S (21b): F0 43 00 7E 00 0D 4C 4D 20 20 38 43 39 33 51 00 7B 00 00 74 F7
[17:45:49] 💻 S→Y (21b): F0 43 00 7E 00 0D 4C 4D 20 20 38 43 39 33 51 00 7B 00 00 74 F7
[17:45:49] 💻 S→Y (16b): F0 43 20 7E 4C 4D 20 20 38 43 39 33 51 00 7C F7
[17:45:49] 🎹 Y→S (21b): F0 43 00 7E 00 0D 4C 4D 20 20 38 43 39 33 51 00 7C 00 00 73 F7
[17:45:49] 💻 S→Y (21b): F0 43 00 7E 00 0D 4C 4D 20 20 38 43 39 33 51 00 7C 00 00 73 F7
[17:45:49] 💻 S→Y (16b): F0 43 20 7E 4C 4D 20 20 38 43 39 33 51 00 7D F7
[17:45:49] 🎹 Y→S (21b): F0 43 00 7E 00 0D 4C 4D 20 20 38 43 39 33 51 00 7D 00 00 72 F7
[17:45:49] 💻 S→Y (21b): F0 43 00 7E 00 0D 4C 4D 20 20 38 43 39 33 51 00 7D 00 00 72 F7
[17:45:49] 💻 S→Y (16b): F0 43 20 7E 4C 4D 20 20 38 43 39 33 51 00 7E F7
[17:45:49] 🎹 Y→S (21b): F0 43 00 7E 00 0D 4C 4D 20 20 38 43 39 33 51 00 7E 00 00 71 F7
[17:45:49] 💻 S→Y (21b): F0 43 00 7E 00 0D 4C 4D 20 20 38 43 39 33 51 00 7E 00 00 71 F7
[17:45:49] 💻 S→Y (16b): F0 43 20 7E 4C 4D 20 20 38 43 39 33 51 00 7F F7
[17:45:49] 🎹 Y→S (21b): F0 43 00 7E 00 0D 4C 4D 20 20 38 43 39 33 51 00 7F 00 00 70 F7
[17:45:49] 💻 S→Y (21b): F0 43 00 7E 00 0D 4C 4D 20 20 38 43 39 33 51 00 7F 00 00 70 F7
[17:45:49] 💻 S→Y (16b): F0 43 20 7E 4C 4D 20 20 38 43 39 33 51 01 00 F7
[17:45:49] 🎹 Y→S (21b): F0 43 00 7E 00 0D 4C 4D 20 20 38 43 39 33 51 01 00 00 00 6E F7
[17:45:49] 💻 S→Y (21b): F0 43 00 7E 00 0D 4C 4D 20 20 38 43 39 33 51 01 00 00 00 6E F7
[17:45:49] 💻 S→Y (16b): F0 43 20 7E 4C 4D 20 20 38 43 39 33 51 01 01 F7
[17:45:49] 🎹 Y→S (21b): F0 43 00 7E 00 0D 4C 4D 20 20 38 43 39 33 51 01 01 00 00 6D F7
[17:45:49] 💻 S→Y (21b): F0 43 00 7E 00 0D 4C 4D 20 20 38 43 39 33 51 01 01 00 00 6D F7
[17:45:49] 💻 S→Y (16b): F0 43 20 7E 4C 4D 20 20 38 43 39 33 51 01 02 F7
[17:45:49] 🎹 Y→S (21b): F0 43 00 7E 00 0D 4C 4D 20 20 38 43 39 33 51 01 02 00 00 6C F7
[17:45:49] 💻 S→Y (21b): F0 43 00 7E 00 0D 4C 4D 20 20 38 43 39 33 51 01 02 00 00 6C F7
[17:45:49] 💻 S→Y (16b): F0 43 20 7E 4C 4D 20 20 38 43 39 33 51 01 03 F7
[17:45:49] 🎹 Y→S (21b): F0 43 00 7E 00 0D 4C 4D 20 20 38 43 39 33 51 01 03 00 00 6B F7
[17:45:49] 💻 S→Y (21b): F0 43 00 7E 00 0D 4C 4D 20 20 38 43 39 33 51 01 03 00 00 6B F7
[17:45:49] 💻 S→Y (16b): F0 43 20 7E 4C 4D 20 20 38 43 39 33 51 01 04 F7
[17:45:49] 🎹 Y→S (21b): F0 43 00 7E 00 0D 4C 4D 20 20 38 43 39 33 51 01 04 00 00 6A F7
[17:45:49] 💻 S→Y (21b): F0 43 00 7E 00 0D 4C 4D 20 20 38 43 39 33 51 01 04 00 00 6A F7
[17:45:49] 💻 S→Y (16b): F0 43 20 7E 4C 4D 20 20 38 43 39 33 51 01 05 F7
[17:45:49] 🎹 Y→S (21b): F0 43 00 7E 00 0D 4C 4D 20 20 38 43 39 33 51 01 05 00 00 69 F7
[17:45:49] 💻 S→Y (21b): F0 43 00 7E 00 0D 4C 4D 20 20 38 43 39 33 51 01 05 00 00 69 F7
[17:45:49] 💻 S→Y (16b): F0 43 20 7E 4C 4D 20 20 38 43 39 33 51 01 06 F7
[17:45:49] 🎹 Y→S (21b): F0 43 00 7E 00 0D 4C 4D 20 20 38 43 39 33 51 01 06 00 00 68 F7
[17:45:49] 💻 S→Y (21b): F0 43 00 7E 00 0D 4C 4D 20 20 38 43 39 33 51 01 06 00 00 68 F7
[17:45:49] 💻 S→Y (16b): F0 43 20 7E 4C 4D 20 20 38 43 39 33 51 01 07 F7
[17:45:49] 🎹 Y→S (21b): F0 43 00 7E 00 0D 4C 4D 20 20 38 43 39 33 51 01 07 00 00 67 F7
[17:45:49] 💻 S→Y (21b): F0 43 00 7E 00 0D 4C 4D 20 20 38 43 39 33 51 01 07 00 00 67 F7
[17:45:49] 💻 S→Y (16b): F0 43 20 7E 4C 4D 20 20 38 43 39 33 51 01 08 F7
[17:45:49] 🎹 Y→S (21b): F0 43 00 7E 00 0D 4C 4D 20 20 38 43 39 33 51 01 08 00 00 66 F7
[17:45:49] 💻 S→Y (21b): F0 43 00 7E 00 0D 4C 4D 20 20 38 43 39 33 51 01 08 00 00 66 F7
[17:45:49] 💻 S→Y (16b): F0 43 20 7E 4C 4D 20 20 38 43 39 33 51 01 09 F7
[17:45:49] 🎹 Y→S (21b): F0 43 00 7E 00 0D 4C 4D 20 20 38 43 39 33 51 01 09 00 00 65 F7
[17:45:49] 💻 S→Y (21b): F0 43 00 7E 00 0D 4C 4D 20 20 38 43 39 33 51 01 09 00 00 65 F7
[17:45:49] 💻 S→Y (16b): F0 43 20 7E 4C 4D 20 20 38 43 39 33 51 01 0A F7
[17:45:49] 🎹 Y→S (21b): F0 43 00 7E 00 0D 4C 4D 20 20 38 43 39 33 51 01 0A 00 00 64 F7
[17:45:49] 💻 S→Y (21b): F0 43 00 7E 00 0D 4C 4D 20 20 38 43 39 33 51 01 0A 00 00 64 F7
[17:45:49] 💻 S→Y (16b): F0 43 20 7E 4C 4D 20 20 38 43 39 33 51 01 0B F7
[17:45:49] 🎹 Y→S (21b): F0 43 00 7E 00 0D 4C 4D 20 20 38 43 39 33 51 01 0B 00 00 63 F7
[17:45:49] 💻 S→Y (21b): F0 43 00 7E 00 0D 4C 4D 20 20 38 43 39 33 51 01 0B 00 00 63 F7
[17:45:49] 💻 S→Y (16b): F0 43 20 7E 4C 4D 20 20 38 43 39 33 51 01 0C F7
[17:45:49] 🎹 Y→S (21b): F0 43 00 7E 00 0D 4C 4D 20 20 38 43 39 33 51 01 0C 00 00 62 F7
[17:45:49] 💻 S→Y (21b): F0 43 00 7E 00 0D 4C 4D 20 20 38 43 39 33 51 01 0C 00 00 62 F7
[17:45:49] 💻 S→Y (16b): F0 43 20 7E 4C 4D 20 20 38 43 39 33 51 01 0D F7
[17:45:49] 🎹 Y→S (21b): F0 43 00 7E 00 0D 4C 4D 20 20 38 43 39 33 51 01 0D 00 00 61 F7
[17:45:49] 💻 S→Y (21b): F0 43 00 7E 00 0D 4C 4D 20 20 38 43 39 33 51 01 0D 00 00 61 F7
[17:45:49] 💻 S→Y (16b): F0 43 20 7E 4C 4D 20 20 38 43 39 33 51 01 0E F7
[17:45:49] 🎹 Y→S (21b): F0 43 00 7E 00 0D 4C 4D 20 20 38 43 39 33 51 01 0E 00 00 60 F7
[17:45:49] 💻 S→Y (21b): F0 43 00 7E 00 0D 4C 4D 20 20 38 43 39 33 51 01 0E 00 00 60 F7
[17:45:49] 💻 S→Y (16b): F0 43 20 7E 4C 4D 20 20 38 43 39 33 51 01 0F F7
[17:45:49] 🎹 Y→S (21b): F0 43 00 7E 00 0D 4C 4D 20 20 38 43 39 33 51 01 0F 00 00 5F F7
[17:45:49] 💻 S→Y (21b): F0 43 00 7E 00 0D 4C 4D 20 20 38 43 39 33 51 01 0F 00 00 5F F7
[17:45:49] 💻 S→Y (16b): F0 43 20 7E 4C 4D 20 20 38 43 39 33 51 01 10 F7
[17:45:49] 🎹 Y→S (21b): F0 43 00 7E 00 0D 4C 4D 20 20 38 43 39 33 51 01 10 00 00 5E F7
[17:45:49] 💻 S→Y (21b): F0 43 00 7E 00 0D 4C 4D 20 20 38 43 39 33 51 01 10 00 00 5E F7
[17:45:49] 💻 S→Y (16b): F0 43 20 7E 4C 4D 20 20 38 43 39 33 51 01 11 F7
[17:45:49] 🎹 Y→S (21b): F0 43 00 7E 00 0D 4C 4D 20 20 38 43 39 33 51 01 11 00 00 5D F7
[17:45:49] 💻 S→Y (21b): F0 43 00 7E 00 0D 4C 4D 20 20 38 43 39 33 51 01 11 00 00 5D F7
[17:45:49] 💻 S→Y (16b): F0 43 20 7E 4C 4D 20 20 38 43 39 33 51 01 12 F7
[17:45:49] 🎹 Y→S (21b): F0 43 00 7E 00 0D 4C 4D 20 20 38 43 39 33 51 01 12 00 00 5C F7
[17:45:49] 💻 S→Y (21b): F0 43 00 7E 00 0D 4C 4D 20 20 38 43 39 33 51 01 12 00 00 5C F7
[17:45:49] 💻 S→Y (16b): F0 43 20 7E 4C 4D 20 20 38 43 39 33 51 01 13 F7
[17:45:49] 🎹 Y→S (21b): F0 43 00 7E 00 0D 4C 4D 20 20 38 43 39 33 51 01 13 00 00 5B F7
[17:45:49] 💻 S→Y (21b): F0 43 00 7E 00 0D 4C 4D 20 20 38 43 39 33 51 01 13 00 00 5B F7
[17:45:49] 💻 S→Y (16b): F0 43 20 7E 4C 4D 20 20 38 43 39 33 51 01 14 F7
[17:45:49] 🎹 Y→S (21b): F0 43 00 7E 00 0D 4C 4D 20 20 38 43 39 33 51 01 14 00 00 5A F7
[17:45:49] 💻 S→Y (21b): F0 43 00 7E 00 0D 4C 4D 20 20 38 43 39 33 51 01 14 00 00 5A F7
[17:45:49] 💻 S→Y (16b): F0 43 20 7E 4C 4D 20 20 38 43 39 33 51 01 15 F7
[17:45:49] 🎹 Y→S (21b): F0 43 00 7E 00 0D 4C 4D 20 20 38 43 39 33 51 01 15 00 00 59 F7
[17:45:49] 💻 S→Y (21b): F0 43 00 7E 00 0D 4C 4D 20 20 38 43 39 33 51 01 15 00 00 59 F7
[17:45:49] 💻 S→Y (16b): F0 43 20 7E 4C 4D 20 20 38 43 39 33 51 01 16 F7
[17:45:49] 🎹 Y→S (21b): F0 43 00 7E 00 0D 4C 4D 20 20 38 43 39 33 51 01 16 00 00 58 F7
[17:45:49] 💻 S→Y (21b): F0 43 00 7E 00 0D 4C 4D 20 20 38 43 39 33 51 01 16 00 00 58 F7
[17:45:49] 💻 S→Y (16b): F0 43 20 7E 4C 4D 20 20 38 43 39 33 51 01 17 F7
[17:45:49] 🎹 Y→S (21b): F0 43 00 7E 00 0D 4C 4D 20 20 38 43 39 33 51 01 17 00 00 57 F7
[17:45:49] 💻 S→Y (21b): F0 43 00 7E 00 0D 4C 4D 20 20 38 43 39 33 51 01 17 00 00 57 F7
[17:45:49] 💻 S→Y (16b): F0 43 20 7E 4C 4D 20 20 38 43 39 33 51 01 18 F7
[17:45:49] 🎹 Y→S (21b): F0 43 00 7E 00 0D 4C 4D 20 20 38 43 39 33 51 01 18 00 00 56 F7
[17:45:49] 💻 S→Y (21b): F0 43 00 7E 00 0D 4C 4D 20 20 38 43 39 33 51 01 18 00 00 56 F7
[17:45:49] 💻 S→Y (16b): F0 43 20 7E 4C 4D 20 20 38 43 39 33 51 01 19 F7
[17:45:49] 🎹 Y→S (21b): F0 43 00 7E 00 0D 4C 4D 20 20 38 43 39 33 51 01 19 00 00 55 F7
[17:45:49] 💻 S→Y (21b): F0 43 00 7E 00 0D 4C 4D 20 20 38 43 39 33 51 01 19 00 00 55 F7
[17:45:49] 💻 S→Y (16b): F0 43 20 7E 4C 4D 20 20 38 43 39 33 51 01 1A F7
[17:45:49] 🎹 Y→S (21b): F0 43 00 7E 00 0D 4C 4D 20 20 38 43 39 33 51 01 1A 00 00 54 F7
[17:45:49] 💻 S→Y (21b): F0 43 00 7E 00 0D 4C 4D 20 20 38 43 39 33 51 01 1A 00 00 54 F7
[17:45:49] 💻 S→Y (16b): F0 43 20 7E 4C 4D 20 20 38 43 39 33 51 01 1B F7
[17:45:49] 🎹 Y→S (21b): F0 43 00 7E 00 0D 4C 4D 20 20 38 43 39 33 51 01 1B 00 00 53 F7
[17:45:49] 💻 S→Y (21b): F0 43 00 7E 00 0D 4C 4D 20 20 38 43 39 33 51 01 1B 00 00 53 F7
[17:45:49] 💻 S→Y (16b): F0 43 20 7E 4C 4D 20 20 38 43 39 33 51 01 1C F7
[17:45:49] 🎹 Y→S (21b): F0 43 00 7E 00 0D 4C 4D 20 20 38 43 39 33 51 01 1C 00 00 52 F7
[17:45:49] 💻 S→Y (21b): F0 43 00 7E 00 0D 4C 4D 20 20 38 43 39 33 51 01 1C 00 00 52 F7
[17:45:49] 💻 S→Y (16b): F0 43 20 7E 4C 4D 20 20 38 43 39 33 51 01 1D F7
[17:45:49] 🎹 Y→S (21b): F0 43 00 7E 00 0D 4C 4D 20 20 38 43 39 33 51 01 1D 00 00 51 F7
[17:45:49] 💻 S→Y (21b): F0 43 00 7E 00 0D 4C 4D 20 20 38 43 39 33 51 01 1D 00 00 51 F7
[17:45:49] 💻 S→Y (16b): F0 43 20 7E 4C 4D 20 20 38 43 39 33 51 01 1E F7
[17:45:49] 🎹 Y→S (21b): F0 43 00 7E 00 0D 4C 4D 20 20 38 43 39 33 51 01 1E 00 00 50 F7
[17:45:49] 💻 S→Y (21b): F0 43 00 7E 00 0D 4C 4D 20 20 38 43 39 33 51 01 1E 00 00 50 F7
[17:45:49] 💻 S→Y (16b): F0 43 20 7E 4C 4D 20 20 38 43 39 33 51 01 1F F7
[17:45:49] 🎹 Y→S (21b): F0 43 00 7E 00 0D 4C 4D 20 20 38 43 39 33 51 01 1F 00 00 4F F7
[17:45:49] 💻 S→Y (21b): F0 43 00 7E 00 0D 4C 4D 20 20 38 43 39 33 51 01 1F 00 00 4F F7
[17:45:49] 💻 S→Y (16b): F0 43 20 7E 4C 4D 20 20 38 43 39 33 51 01 20 F7
[17:45:50] 🎹 Y→S (21b): F0 43 00 7E 00 0D 4C 4D 20 20 38 43 39 33 51 01 20 00 00 4E F7
[17:45:50] 💻 S→Y (21b): F0 43 00 7E 00 0D 4C 4D 20 20 38 43 39 33 51 01 20 00 00 4E F7
[17:45:50] 💻 S→Y (16b): F0 43 20 7E 4C 4D 20 20 38 43 39 33 51 01 21 F7
[17:45:50] 🎹 Y→S (21b): F0 43 00 7E 00 0D 4C 4D 20 20 38 43 39 33 51 01 21 00 00 4D F7
[17:45:50] 💻 S→Y (21b): F0 43 00 7E 00 0D 4C 4D 20 20 38 43 39 33 51 01 21 00 00 4D F7
[17:45:50] 💻 S→Y (16b): F0 43 20 7E 4C 4D 20 20 38 43 39 33 51 01 22 F7
[17:45:50] 🎹 Y→S (21b): F0 43 00 7E 00 0D 4C 4D 20 20 38 43 39 33 51 01 22 00 00 4C F7
[17:45:50] 💻 S→Y (21b): F0 43 00 7E 00 0D 4C 4D 20 20 38 43 39 33 51 01 22 00 00 4C F7
[17:45:50] 💻 S→Y (16b): F0 43 20 7E 4C 4D 20 20 38 43 39 33 51 01 23 F7
[17:45:50] 🎹 Y→S (21b): F0 43 00 7E 00 0D 4C 4D 20 20 38 43 39 33 51 01 23 00 00 4B F7
[17:45:50] 💻 S→Y (21b): F0 43 00 7E 00 0D 4C 4D 20 20 38 43 39 33 51 01 23 00 00 4B F7
[17:45:50] 💻 S→Y (16b): F0 43 20 7E 4C 4D 20 20 38 43 39 33 51 01 24 F7
[17:45:50] 🎹 Y→S (21b): F0 43 00 7E 00 0D 4C 4D 20 20 38 43 39 33 51 01 24 00 00 4A F7
[17:45:50] 💻 S→Y (21b): F0 43 00 7E 00 0D 4C 4D 20 20 38 43 39 33 51 01 24 00 00 4A F7
[17:45:50] 💻 S→Y (16b): F0 43 20 7E 4C 4D 20 20 38 43 39 33 51 01 25 F7
[17:45:50] 🎹 Y→S (21b): F0 43 00 7E 00 0D 4C 4D 20 20 38 43 39 33 51 01 25 00 00 49 F7
[17:45:50] 💻 S→Y (21b): F0 43 00 7E 00 0D 4C 4D 20 20 38 43 39 33 51 01 25 00 00 49 F7
[17:45:50] 💻 S→Y (16b): F0 43 20 7E 4C 4D 20 20 38 43 39 33 51 01 26 F7
[17:45:50] 🎹 Y→S (21b): F0 43 00 7E 00 0D 4C 4D 20 20 38 43 39 33 51 01 26 00 00 48 F7
[17:45:50] 💻 S→Y (21b): F0 43 00 7E 00 0D 4C 4D 20 20 38 43 39 33 51 01 26 00 00 48 F7
[17:45:50] 💻 S→Y (16b): F0 43 20 7E 4C 4D 20 20 38 43 39 33 51 01 27 F7
[17:45:50] 🎹 Y→S (21b): F0 43 00 7E 00 0D 4C 4D 20 20 38 43 39 33 51 01 27 00 00 47 F7
[17:45:50] 💻 S→Y (21b): F0 43 00 7E 00 0D 4C 4D 20 20 38 43 39 33 51 01 27 00 00 47 F7
[17:45:50] 💻 S→Y (16b): F0 43 20 7E 4C 4D 20 20 38 43 39 33 51 01 28 F7
[17:45:50] 🎹 Y→S (21b): F0 43 00 7E 00 0D 4C 4D 20 20 38 43 39 33 51 01 28 00 00 46 F7
[17:45:50] 💻 S→Y (21b): F0 43 00 7E 00 0D 4C 4D 20 20 38 43 39 33 51 01 28 00 00 46 F7
[17:45:50] 💻 S→Y (16b): F0 43 20 7E 4C 4D 20 20 38 43 39 33 51 01 29 F7
[17:45:50] 🎹 Y→S (21b): F0 43 00 7E 00 0D 4C 4D 20 20 38 43 39 33 51 01 29 00 00 45 F7
[17:45:50] 💻 S→Y (21b): F0 43 00 7E 00 0D 4C 4D 20 20 38 43 39 33 51 01 29 00 00 45 F7
[17:45:50] 💻 S→Y (16b): F0 43 20 7E 4C 4D 20 20 38 43 39 33 51 01 2A F7
[17:45:50] 🎹 Y→S (21b): F0 43 00 7E 00 0D 4C 4D 20 20 38 43 39 33 51 01 2A 00 00 44 F7
[17:45:50] 💻 S→Y (21b): F0 43 00 7E 00 0D 4C 4D 20 20 38 43 39 33 51 01 2A 00 00 44 F7
[17:45:50] 💻 S→Y (16b): F0 43 20 7E 4C 4D 20 20 38 43 39 33 51 01 2B F7
[17:45:50] 🎹 Y→S (21b): F0 43 00 7E 00 0D 4C 4D 20 20 38 43 39 33 51 01 2B 00 00 43 F7
[17:45:50] 💻 S→Y (21b): F0 43 00 7E 00 0D 4C 4D 20 20 38 43 39 33 51 01 2B 00 00 43 F7
[17:45:50] 💻 S→Y (16b): F0 43 20 7E 4C 4D 20 20 38 43 39 33 51 01 2C F7
[17:45:50] 🎹 Y→S (21b): F0 43 00 7E 00 0D 4C 4D 20 20 38 43 39 33 51 01 2C 00 00 42 F7
[17:45:50] 💻 S→Y (21b): F0 43 00 7E 00 0D 4C 4D 20 20 38 43 39 33 51 01 2C 00 00 42 F7
[17:45:50] 💻 S→Y (16b): F0 43 20 7E 4C 4D 20 20 38 43 39 33 51 01 2D F7
[17:45:50] 🎹 Y→S (21b): F0 43 00 7E 00 0D 4C 4D 20 20 38 43 39 33 51 01 2D 00 00 41 F7
[17:45:50] 💻 S→Y (21b): F0 43 00 7E 00 0D 4C 4D 20 20 38 43 39 33 51 01 2D 00 00 41 F7
[17:45:50] 💻 S→Y (16b): F0 43 20 7E 4C 4D 20 20 38 43 39 33 51 01 2E F7
[17:45:50] 🎹 Y→S (21b): F0 43 00 7E 00 0D 4C 4D 20 20 38 43 39 33 51 01 2E 00 00 40 F7
[17:45:50] 💻 S→Y (21b): F0 43 00 7E 00 0D 4C 4D 20 20 38 43 39 33 51 01 2E 00 00 40 F7
[17:45:50] 💻 S→Y (16b): F0 43 20 7E 4C 4D 20 20 38 43 39 33 51 01 2F F7
[17:45:50] 🎹 Y→S (21b): F0 43 00 7E 00 0D 4C 4D 20 20 38 43 39 33 51 01 2F 00 00 3F F7
[17:45:50] 💻 S→Y (21b): F0 43 00 7E 00 0D 4C 4D 20 20 38 43 39 33 51 01 2F 00 00 3F F7
[17:45:50] 💻 S→Y (16b): F0 43 20 7E 4C 4D 20 20 38 43 39 33 51 01 30 F7
[17:45:50] 🎹 Y→S (14b): F0 43 10 3E 7F 01 1C 00 05 00 00 01 54 F7
[17:45:50] 💻 S→Y (14b): F0 43 10 3E 7F 01 1C 00 05 00 00 01 54 F7
[17:45:50] 🎹 Y→S (21b): F0 43 00 7E 00 0D 4C 4D 20 20 38 43 39 33 51 01 30 00 00 3E F7
[17:45:50] 💻 S→Y (21b): F0 43 00 7E 00 0D 4C 4D 20 20 38 43 39 33 51 01 30 00 00 3E F7
[17:45:50] 💻 S→Y (16b): F0 43 20 7E 4C 4D 20 20 38 43 39 33 51 01 31 F7
[17:45:50] 🎹 Y→S (21b): F0 43 00 7E 00 0D 4C 4D 20 20 38 43 39 33 51 01 31 00 00 3D F7
[17:45:50] 💻 S→Y (21b): F0 43 00 7E 00 0D 4C 4D 20 20 38 43 39 33 51 01 31 00 00 3D F7
[17:45:50] 💻 S→Y (16b): F0 43 20 7E 4C 4D 20 20 38 43 39 33 51 01 32 F7
[17:45:50] 🎹 Y→S (21b): F0 43 00 7E 00 0D 4C 4D 20 20 38 43 39 33 51 01 32 00 00 3C F7
[17:45:50] 💻 S→Y (21b): F0 43 00 7E 00 0D 4C 4D 20 20 38 43 39 33 51 01 32 00 00 3C F7
[17:45:50] 💻 S→Y (16b): F0 43 20 7E 4C 4D 20 20 38 43 39 33 51 01 33 F7
[17:45:50] 🎹 Y→S (21b): F0 43 00 7E 00 0D 4C 4D 20 20 38 43 39 33 51 01 33 00 00 3B F7
[17:45:50] 💻 S→Y (21b): F0 43 00 7E 00 0D 4C 4D 20 20 38 43 39 33 51 01 33 00 00 3B F7
[17:45:50] 💻 S→Y (16b): F0 43 20 7E 4C 4D 20 20 38 43 39 33 51 01 34 F7
[17:45:50] 🎹 Y→S (21b): F0 43 00 7E 00 0D 4C 4D 20 20 38 43 39 33 51 01 34 00 00 3A F7
[17:45:50] 💻 S→Y (21b): F0 43 00 7E 00 0D 4C 4D 20 20 38 43 39 33 51 01 34 00 00 3A F7
[17:45:50] 💻 S→Y (16b): F0 43 20 7E 4C 4D 20 20 38 43 39 33 51 01 35 F7
[17:45:50] 🎹 Y→S (21b): F0 43 00 7E 00 0D 4C 4D 20 20 38 43 39 33 51 01 35 00 00 39 F7
[17:45:50] 💻 S→Y (21b): F0 43 00 7E 00 0D 4C 4D 20 20 38 43 39 33 51 01 35 00 00 39 F7
[17:45:50] 💻 S→Y (16b): F0 43 20 7E 4C 4D 20 20 38 43 39 33 51 01 36 F7
[17:45:50] 🎹 Y→S (21b): F0 43 00 7E 00 0D 4C 4D 20 20 38 43 39 33 51 01 36 00 00 38 F7
[17:45:50] 💻 S→Y (21b): F0 43 00 7E 00 0D 4C 4D 20 20 38 43 39 33 51 01 36 00 00 38 F7
[17:45:50] 💻 S→Y (16b): F0 43 20 7E 4C 4D 20 20 38 43 39 33 51 01 37 F7
[17:45:50] 🎹 Y→S (21b): F0 43 00 7E 00 0D 4C 4D 20 20 38 43 39 33 51 01 37 00 00 37 F7
[17:45:50] 💻 S→Y (21b): F0 43 00 7E 00 0D 4C 4D 20 20 38 43 39 33 51 01 37 00 00 37 F7
[17:45:50] 💻 S→Y (16b): F0 43 20 7E 4C 4D 20 20 38 43 39 33 51 01 38 F7
[17:45:50] 🎹 Y→S (21b): F0 43 00 7E 00 0D 4C 4D 20 20 38 43 39 33 51 01 38 00 00 36 F7
[17:45:50] 💻 S→Y (21b): F0 43 00 7E 00 0D 4C 4D 20 20 38 43 39 33 51 01 38 00 00 36 F7
[17:45:50] 💻 S→Y (16b): F0 43 20 7E 4C 4D 20 20 38 43 39 33 51 01 39 F7
[17:45:50] 🎹 Y→S (21b): F0 43 00 7E 00 0D 4C 4D 20 20 38 43 39 33 51 01 39 00 00 35 F7
[17:45:50] 💻 S→Y (21b): F0 43 00 7E 00 0D 4C 4D 20 20 38 43 39 33 51 01 39 00 00 35 F7
[17:45:50] 💻 S→Y (16b): F0 43 20 7E 4C 4D 20 20 38 43 39 33 51 01 3A F7
[17:45:50] 🎹 Y→S (21b): F0 43 00 7E 00 0D 4C 4D 20 20 38 43 39 33 51 01 3A 00 00 34 F7
[17:45:50] 💻 S→Y (21b): F0 43 00 7E 00 0D 4C 4D 20 20 38 43 39 33 51 01 3A 00 00 34 F7
[17:45:50] 💻 S→Y (16b): F0 43 20 7E 4C 4D 20 20 38 43 39 33 51 01 3B F7
[17:45:50] 🎹 Y→S (21b): F0 43 00 7E 00 0D 4C 4D 20 20 38 43 39 33 51 01 3B 00 00 33 F7
[17:45:50] 💻 S→Y (21b): F0 43 00 7E 00 0D 4C 4D 20 20 38 43 39 33 51 01 3B 00 00 33 F7
[17:45:50] 💻 S→Y (16b): F0 43 20 7E 4C 4D 20 20 38 43 39 33 51 01 3C F7
[17:45:50] 🎹 Y→S (21b): F0 43 00 7E 00 0D 4C 4D 20 20 38 43 39 33 51 01 3C 00 00 32 F7
[17:45:50] 💻 S→Y (21b): F0 43 00 7E 00 0D 4C 4D 20 20 38 43 39 33 51 01 3C 00 00 32 F7
[17:45:50] 💻 S→Y (16b): F0 43 20 7E 4C 4D 20 20 38 43 39 33 51 01 3D F7
[17:45:50] 🎹 Y→S (21b): F0 43 00 7E 00 0D 4C 4D 20 20 38 43 39 33 51 01 3D 00 00 31 F7
[17:45:50] 💻 S→Y (21b): F0 43 00 7E 00 0D 4C 4D 20 20 38 43 39 33 51 01 3D 00 00 31 F7
[17:45:50] 💻 S→Y (16b): F0 43 20 7E 4C 4D 20 20 38 43 39 33 51 01 3E F7
[17:45:50] 🎹 Y→S (21b): F0 43 00 7E 00 0D 4C 4D 20 20 38 43 39 33 51 01 3E 00 00 30 F7
[17:45:50] 💻 S→Y (21b): F0 43 00 7E 00 0D 4C 4D 20 20 38 43 39 33 51 01 3E 00 00 30 F7
[17:45:50] 💻 S→Y (16b): F0 43 20 7E 4C 4D 20 20 38 43 39 33 51 01 3F F7
[17:45:50] 🎹 Y→S (21b): F0 43 00 7E 00 0D 4C 4D 20 20 38 43 39 33 51 01 3F 00 00 2F F7
[17:45:50] 💻 S→Y (21b): F0 43 00 7E 00 0D 4C 4D 20 20 38 43 39 33 51 01 3F 00 00 2F F7
[17:45:50] 💻 S→Y (16b): F0 43 20 7E 4C 4D 20 20 38 43 39 33 51 01 40 F7
[17:45:50] 🎹 Y→S (21b): F0 43 00 7E 00 0D 4C 4D 20 20 38 43 39 33 51 01 40 00 00 2E F7
[17:45:50] 💻 S→Y (21b): F0 43 00 7E 00 0D 4C 4D 20 20 38 43 39 33 51 01 40 00 00 2E F7
[17:45:50] 💻 S→Y (16b): F0 43 20 7E 4C 4D 20 20 38 43 39 33 51 01 41 F7
[17:45:50] 🎹 Y→S (21b): F0 43 00 7E 00 0D 4C 4D 20 20 38 43 39 33 51 01 41 00 00 2D F7
[17:45:50] 💻 S→Y (21b): F0 43 00 7E 00 0D 4C 4D 20 20 38 43 39 33 51 01 41 00 00 2D F7
[17:45:50] 💻 S→Y (16b): F0 43 20 7E 4C 4D 20 20 38 43 39 33 51 01 42 F7
[17:45:50] 🎹 Y→S (21b): F0 43 00 7E 00 0D 4C 4D 20 20 38 43 39 33 51 01 42 00 00 2C F7
[17:45:50] 💻 S→Y (21b): F0 43 00 7E 00 0D 4C 4D 20 20 38 43 39 33 51 01 42 00 00 2C F7
[17:45:50] 💻 S→Y (16b): F0 43 20 7E 4C 4D 20 20 38 43 39 33 51 01 43 F7
[17:45:50] 🎹 Y→S (21b): F0 43 00 7E 00 0D 4C 4D 20 20 38 43 39 33 51 01 43 00 00 2B F7
[17:45:50] 💻 S→Y (21b): F0 43 00 7E 00 0D 4C 4D 20 20 38 43 39 33 51 01 43 00 00 2B F7
[17:45:50] 💻 S→Y (16b): F0 43 20 7E 4C 4D 20 20 38 43 39 33 51 01 44 F7
[17:45:50] 🎹 Y→S (21b): F0 43 00 7E 00 0D 4C 4D 20 20 38 43 39 33 51 01 44 00 00 2A F7
[17:45:50] 💻 S→Y (21b): F0 43 00 7E 00 0D 4C 4D 20 20 38 43 39 33 51 01 44 00 00 2A F7
[17:45:50] 💻 S→Y (16b): F0 43 20 7E 4C 4D 20 20 38 43 39 33 51 01 45 F7
[17:45:50] 🎹 Y→S (21b): F0 43 00 7E 00 0D 4C 4D 20 20 38 43 39 33 51 01 45 00 00 29 F7
[17:45:50] 💻 S→Y (21b): F0 43 00 7E 00 0D 4C 4D 20 20 38 43 39 33 51 01 45 00 00 29 F7
[17:45:50] 💻 S→Y (16b): F0 43 20 7E 4C 4D 20 20 38 43 39 33 51 01 46 F7
[17:45:50] 🎹 Y→S (21b): F0 43 00 7E 00 0D 4C 4D 20 20 38 43 39 33 51 01 46 00 00 28 F7
[17:45:50] 💻 S→Y (21b): F0 43 00 7E 00 0D 4C 4D 20 20 38 43 39 33 51 01 46 00 00 28 F7
[17:45:50] 💻 S→Y (16b): F0 43 20 7E 4C 4D 20 20 38 43 39 33 51 01 47 F7
[17:45:50] 🎹 Y→S (21b): F0 43 00 7E 00 0D 4C 4D 20 20 38 43 39 33 51 01 47 00 00 27 F7
[17:45:50] 💻 S→Y (21b): F0 43 00 7E 00 0D 4C 4D 20 20 38 43 39 33 51 01 47 00 00 27 F7
[17:45:50] 💻 S→Y (16b): F0 43 20 7E 4C 4D 20 20 38 43 39 33 47 00 04 F7
[17:45:50] 🎹 Y→S (21b): F0 43 00 7E 00 0D 4C 4D 20 20 38 43 39 33 47 00 04 00 00 75 F7
[17:45:50] 💻 S→Y (21b): F0 43 00 7E 00 0D 4C 4D 20 20 38 43 39 33 47 00 04 00 00 75 F7
[17:45:50] 💻 S→Y (16b): F0 43 20 7E 4C 4D 20 20 38 43 39 33 47 00 05 F7
[17:45:50] 🎹 Y→S (21b): F0 43 00 7E 00 0D 4C 4D 20 20 38 43 39 33 47 00 05 00 00 74 F7
[17:45:50] 💻 S→Y (21b): F0 43 00 7E 00 0D 4C 4D 20 20 38 43 39 33 47 00 05 00 00 74 F7
[17:45:50] 💻 S→Y (16b): F0 43 20 7E 4C 4D 20 20 38 43 39 33 47 00 06 F7
[17:45:50] 🎹 Y→S (21b): F0 43 00 7E 00 0D 4C 4D 20 20 38 43 39 33 47 00 06 00 00 73 F7
[17:45:50] 💻 S→Y (21b): F0 43 00 7E 00 0D 4C 4D 20 20 38 43 39 33 47 00 06 00 00 73 F7
[17:45:50] 💻 S→Y (16b): F0 43 20 7E 4C 4D 20 20 38 43 39 33 47 00 07 F7
[17:45:50] 🎹 Y→S (21b): F0 43 00 7E 00 0D 4C 4D 20 20 38 43 39 33 47 00 07 00 00 72 F7
[17:45:50] 💻 S→Y (21b): F0 43 00 7E 00 0D 4C 4D 20 20 38 43 39 33 47 00 07 00 00 72 F7
[17:45:50] 💻 S→Y (16b): F0 43 20 7E 4C 4D 20 20 38 43 39 33 47 00 08 F7
[17:45:50] 🎹 Y→S (21b): F0 43 00 7E 00 0D 4C 4D 20 20 38 43 39 33 47 00 08 00 00 71 F7
[17:45:50] 💻 S→Y (21b): F0 43 00 7E 00 0D 4C 4D 20 20 38 43 39 33 47 00 08 00 00 71 F7
[17:45:50] 💻 S→Y (16b): F0 43 20 7E 4C 4D 20 20 38 43 39 33 47 00 09 F7
[17:45:50] 🎹 Y→S (21b): F0 43 00 7E 00 0D 4C 4D 20 20 38 43 39 33 47 00 09 00 00 70 F7
[17:45:50] 💻 S→Y (21b): F0 43 00 7E 00 0D 4C 4D 20 20 38 43 39 33 47 00 09 00 00 70 F7
[17:45:50] 💻 S→Y (16b): F0 43 20 7E 4C 4D 20 20 38 43 39 33 47 00 0A F7
[17:45:50] 🎹 Y→S (21b): F0 43 00 7E 00 0D 4C 4D 20 20 38 43 39 33 47 00 0A 00 00 6F F7
[17:45:50] 💻 S→Y (21b): F0 43 00 7E 00 0D 4C 4D 20 20 38 43 39 33 47 00 0A 00 00 6F F7
[17:45:50] 💻 S→Y (16b): F0 43 20 7E 4C 4D 20 20 38 43 39 33 47 00 0B F7
[17:45:50] 🎹 Y→S (21b): F0 43 00 7E 00 0D 4C 4D 20 20 38 43 39 33 47 00 0B 00 00 6E F7
[17:45:50] 💻 S→Y (21b): F0 43 00 7E 00 0D 4C 4D 20 20 38 43 39 33 47 00 0B 00 00 6E F7
[17:45:50] 💻 S→Y (16b): F0 43 20 7E 4C 4D 20 20 38 43 39 33 47 00 0C F7
[17:45:50] 🎹 Y→S (21b): F0 43 00 7E 00 0D 4C 4D 20 20 38 43 39 33 47 00 0C 00 00 6D F7
[17:45:50] 💻 S→Y (21b): F0 43 00 7E 00 0D 4C 4D 20 20 38 43 39 33 47 00 0C 00 00 6D F7
[17:45:50] 💻 S→Y (16b): F0 43 20 7E 4C 4D 20 20 38 43 39 33 47 00 0D F7
[17:45:50] 🎹 Y→S (21b): F0 43 00 7E 00 0D 4C 4D 20 20 38 43 39 33 47 00 0D 00 00 6C F7
[17:45:50] 💻 S→Y (21b): F0 43 00 7E 00 0D 4C 4D 20 20 38 43 39 33 47 00 0D 00 00 6C F7
[17:45:50] 💻 S→Y (16b): F0 43 20 7E 4C 4D 20 20 38 43 39 33 47 00 0E F7
[17:45:50] 🎹 Y→S (21b): F0 43 00 7E 00 0D 4C 4D 20 20 38 43 39 33 47 00 0E 00 00 6B F7
[17:45:50] 💻 S→Y (21b): F0 43 00 7E 00 0D 4C 4D 20 20 38 43 39 33 47 00 0E 00 00 6B F7
[17:45:50] 💻 S→Y (16b): F0 43 20 7E 4C 4D 20 20 38 43 39 33 47 00 0F F7
[17:45:50] 🎹 Y→S (21b): F0 43 00 7E 00 0D 4C 4D 20 20 38 43 39 33 47 00 0F 00 00 6A F7
[17:45:50] 💻 S→Y (21b): F0 43 00 7E 00 0D 4C 4D 20 20 38 43 39 33 47 00 0F 00 00 6A F7
[17:45:50] 💻 S→Y (16b): F0 43 20 7E 4C 4D 20 20 38 43 39 33 47 00 10 F7
[17:45:50] 🎹 Y→S (21b): F0 43 00 7E 00 0D 4C 4D 20 20 38 43 39 33 47 00 10 00 00 69 F7
[17:45:50] 💻 S→Y (21b): F0 43 00 7E 00 0D 4C 4D 20 20 38 43 39 33 47 00 10 00 00 69 F7
[17:45:50] 💻 S→Y (16b): F0 43 20 7E 4C 4D 20 20 38 43 39 33 47 00 11 F7
[17:45:50] 🎹 Y→S (14b): F0 43 10 3E 7F 01 1C 00 06 00 00 01 64 F7
[17:45:50] 💻 S→Y (14b): F0 43 10 3E 7F 01 1C 00 06 00 00 01 64 F7
[17:45:50] 🎹 Y→S (21b): F0 43 00 7E 00 0D 4C 4D 20 20 38 43 39 33 47 00 11 00 00 68 F7
[17:45:50] 💻 S→Y (21b): F0 43 00 7E 00 0D 4C 4D 20 20 38 43 39 33 47 00 11 00 00 68 F7
[17:45:50] 💻 S→Y (16b): F0 43 20 7E 4C 4D 20 20 38 43 39 33 47 00 12 F7
[17:45:50] 🎹 Y→S (21b): F0 43 00 7E 00 0D 4C 4D 20 20 38 43 39 33 47 00 12 00 00 67 F7
[17:45:50] 💻 S→Y (21b): F0 43 00 7E 00 0D 4C 4D 20 20 38 43 39 33 47 00 12 00 00 67 F7
[17:45:50] 💻 S→Y (16b): F0 43 20 7E 4C 4D 20 20 38 43 39 33 47 00 13 F7
[17:45:50] 🎹 Y→S (21b): F0 43 00 7E 00 0D 4C 4D 20 20 38 43 39 33 47 00 13 00 00 66 F7
[17:45:50] 💻 S→Y (21b): F0 43 00 7E 00 0D 4C 4D 20 20 38 43 39 33 47 00 13 00 00 66 F7
[17:45:50] 💻 S→Y (16b): F0 43 20 7E 4C 4D 20 20 38 43 39 33 47 00 14 F7
[17:45:50] 🎹 Y→S (21b): F0 43 00 7E 00 0D 4C 4D 20 20 38 43 39 33 47 00 14 00 00 65 F7
[17:45:50] 💻 S→Y (21b): F0 43 00 7E 00 0D 4C 4D 20 20 38 43 39 33 47 00 14 00 00 65 F7
[17:45:50] 💻 S→Y (16b): F0 43 20 7E 4C 4D 20 20 38 43 39 33 47 00 15 F7
[17:45:50] 🎹 Y→S (21b): F0 43 00 7E 00 0D 4C 4D 20 20 38 43 39 33 47 00 15 00 00 64 F7
[17:45:50] 💻 S→Y (21b): F0 43 00 7E 00 0D 4C 4D 20 20 38 43 39 33 47 00 15 00 00 64 F7
[17:45:50] 💻 S→Y (16b): F0 43 20 7E 4C 4D 20 20 38 43 39 33 47 00 16 F7
[17:45:50] 🎹 Y→S (21b): F0 43 00 7E 00 0D 4C 4D 20 20 38 43 39 33 47 00 16 00 00 63 F7
[17:45:50] 💻 S→Y (21b): F0 43 00 7E 00 0D 4C 4D 20 20 38 43 39 33 47 00 16 00 00 63 F7
[17:45:50] 💻 S→Y (16b): F0 43 20 7E 4C 4D 20 20 38 43 39 33 47 00 17 F7
[17:45:50] 🎹 Y→S (21b): F0 43 00 7E 00 0D 4C 4D 20 20 38 43 39 33 47 00 17 00 00 62 F7
[17:45:50] 💻 S→Y (21b): F0 43 00 7E 00 0D 4C 4D 20 20 38 43 39 33 47 00 17 00 00 62 F7
[17:45:50] 💻 S→Y (16b): F0 43 20 7E 4C 4D 20 20 38 43 39 33 47 00 18 F7
[17:45:50] 🎹 Y→S (21b): F0 43 00 7E 00 0D 4C 4D 20 20 38 43 39 33 47 00 18 00 00 61 F7
[17:45:50] 💻 S→Y (21b): F0 43 00 7E 00 0D 4C 4D 20 20 38 43 39 33 47 00 18 00 00 61 F7
[17:45:50] 💻 S→Y (16b): F0 43 20 7E 4C 4D 20 20 38 43 39 33 47 00 19 F7
[17:45:50] 🎹 Y→S (21b): F0 43 00 7E 00 0D 4C 4D 20 20 38 43 39 33 47 00 19 00 00 60 F7
[17:45:50] 💻 S→Y (21b): F0 43 00 7E 00 0D 4C 4D 20 20 38 43 39 33 47 00 19 00 00 60 F7
[17:45:50] 💻 S→Y (16b): F0 43 20 7E 4C 4D 20 20 38 43 39 33 47 00 1A F7
[17:45:50] 🎹 Y→S (21b): F0 43 00 7E 00 0D 4C 4D 20 20 38 43 39 33 47 00 1A 00 00 5F F7
[17:45:50] 💻 S→Y (21b): F0 43 00 7E 00 0D 4C 4D 20 20 38 43 39 33 47 00 1A 00 00 5F F7
[17:45:50] 💻 S→Y (16b): F0 43 20 7E 4C 4D 20 20 38 43 39 33 47 00 1B F7
[17:45:50] 🎹 Y→S (21b): F0 43 00 7E 00 0D 4C 4D 20 20 38 43 39 33 47 00 1B 00 00 5E F7
[17:45:50] 💻 S→Y (21b): F0 43 00 7E 00 0D 4C 4D 20 20 38 43 39 33 47 00 1B 00 00 5E F7
[17:45:50] 💻 S→Y (16b): F0 43 20 7E 4C 4D 20 20 38 43 39 33 47 00 1C F7
[17:45:50] 🎹 Y→S (21b): F0 43 00 7E 00 0D 4C 4D 20 20 38 43 39 33 47 00 1C 00 00 5D F7
[17:45:50] 💻 S→Y (21b): F0 43 00 7E 00 0D 4C 4D 20 20 38 43 39 33 47 00 1C 00 00 5D F7
[17:45:50] 💻 S→Y (16b): F0 43 20 7E 4C 4D 20 20 38 43 39 33 47 00 1D F7
[17:45:50] 🎹 Y→S (21b): F0 43 00 7E 00 0D 4C 4D 20 20 38 43 39 33 47 00 1D 00 00 5C F7
[17:45:50] 💻 S→Y (21b): F0 43 00 7E 00 0D 4C 4D 20 20 38 43 39 33 47 00 1D 00 00 5C F7
[17:45:50] 💻 S→Y (16b): F0 43 20 7E 4C 4D 20 20 38 43 39 33 47 00 1E F7
[17:45:50] 🎹 Y→S (21b): F0 43 00 7E 00 0D 4C 4D 20 20 38 43 39 33 47 00 1E 00 00 5B F7
[17:45:50] 💻 S→Y (21b): F0 43 00 7E 00 0D 4C 4D 20 20 38 43 39 33 47 00 1E 00 00 5B F7
[17:45:50] 💻 S→Y (16b): F0 43 20 7E 4C 4D 20 20 38 43 39 33 47 00 1F F7
[17:45:50] 🎹 Y→S (21b): F0 43 00 7E 00 0D 4C 4D 20 20 38 43 39 33 47 00 1F 00 00 5A F7
[17:45:50] 💻 S→Y (21b): F0 43 00 7E 00 0D 4C 4D 20 20 38 43 39 33 47 00 1F 00 00 5A F7
[17:45:50] 💻 S→Y (16b): F0 43 20 7E 4C 4D 20 20 38 43 39 33 47 00 20 F7
[17:45:50] 🎹 Y→S (21b): F0 43 00 7E 00 0D 4C 4D 20 20 38 43 39 33 47 00 20 00 00 59 F7
[17:45:50] 💻 S→Y (21b): F0 43 00 7E 00 0D 4C 4D 20 20 38 43 39 33 47 00 20 00 00 59 F7
[17:45:50] 💻 S→Y (16b): F0 43 20 7E 4C 4D 20 20 38 43 39 33 47 00 21 F7
[17:45:50] 🎹 Y→S (21b): F0 43 00 7E 00 0D 4C 4D 20 20 38 43 39 33 47 00 21 00 00 58 F7
[17:45:50] 💻 S→Y (21b): F0 43 00 7E 00 0D 4C 4D 20 20 38 43 39 33 47 00 21 00 00 58 F7
[17:45:50] 💻 S→Y (16b): F0 43 20 7E 4C 4D 20 20 38 43 39 33 47 00 22 F7
[17:45:50] 🎹 Y→S (21b): F0 43 00 7E 00 0D 4C 4D 20 20 38 43 39 33 47 00 22 00 00 57 F7
[17:45:50] 💻 S→Y (21b): F0 43 00 7E 00 0D 4C 4D 20 20 38 43 39 33 47 00 22 00 00 57 F7
[17:45:50] 💻 S→Y (16b): F0 43 20 7E 4C 4D 20 20 38 43 39 33 47 00 23 F7
[17:45:50] 🎹 Y→S (21b): F0 43 00 7E 00 0D 4C 4D 20 20 38 43 39 33 47 00 23 00 00 56 F7
[17:45:50] 💻 S→Y (21b): F0 43 00 7E 00 0D 4C 4D 20 20 38 43 39 33 47 00 23 00 00 56 F7
[17:45:50] 💻 S→Y (16b): F0 43 20 7E 4C 4D 20 20 38 43 39 33 47 00 24 F7
[17:45:50] 🎹 Y→S (21b): F0 43 00 7E 00 0D 4C 4D 20 20 38 43 39 33 47 00 24 00 00 55 F7
[17:45:50] 💻 S→Y (21b): F0 43 00 7E 00 0D 4C 4D 20 20 38 43 39 33 47 00 24 00 00 55 F7
[17:45:50] 💻 S→Y (16b): F0 43 20 7E 4C 4D 20 20 38 43 39 33 47 00 25 F7
[17:45:50] 🎹 Y→S (21b): F0 43 00 7E 00 0D 4C 4D 20 20 38 43 39 33 47 00 25 00 00 54 F7
[17:45:50] 💻 S→Y (21b): F0 43 00 7E 00 0D 4C 4D 20 20 38 43 39 33 47 00 25 00 00 54 F7
[17:45:50] 💻 S→Y (16b): F0 43 20 7E 4C 4D 20 20 38 43 39 33 47 00 26 F7
[17:45:50] 🎹 Y→S (21b): F0 43 00 7E 00 0D 4C 4D 20 20 38 43 39 33 47 00 26 00 00 53 F7
[17:45:50] 💻 S→Y (21b): F0 43 00 7E 00 0D 4C 4D 20 20 38 43 39 33 47 00 26 00 00 53 F7
[17:45:50] 💻 S→Y (16b): F0 43 20 7E 4C 4D 20 20 38 43 39 33 47 00 27 F7
[17:45:50] 🎹 Y→S (21b): F0 43 00 7E 00 0D 4C 4D 20 20 38 43 39 33 47 00 27 00 00 52 F7
[17:45:50] 💻 S→Y (21b): F0 43 00 7E 00 0D 4C 4D 20 20 38 43 39 33 47 00 27 00 00 52 F7
[17:45:50] 💻 S→Y (16b): F0 43 20 7E 4C 4D 20 20 38 43 39 33 47 00 28 F7
[17:45:50] 🎹 Y→S (21b): F0 43 00 7E 00 0D 4C 4D 20 20 38 43 39 33 47 00 28 00 00 51 F7
[17:45:50] 💻 S→Y (21b): F0 43 00 7E 00 0D 4C 4D 20 20 38 43 39 33 47 00 28 00 00 51 F7
[17:45:50] 💻 S→Y (16b): F0 43 20 7E 4C 4D 20 20 38 43 39 33 47 00 29 F7
[17:45:50] 🎹 Y→S (21b): F0 43 00 7E 00 0D 4C 4D 20 20 38 43 39 33 47 00 29 00 00 50 F7
[17:45:50] 💻 S→Y (21b): F0 43 00 7E 00 0D 4C 4D 20 20 38 43 39 33 47 00 29 00 00 50 F7
[17:45:50] 💻 S→Y (16b): F0 43 20 7E 4C 4D 20 20 38 43 39 33 47 00 2A F7
[17:45:50] 🎹 Y→S (21b): F0 43 00 7E 00 0D 4C 4D 20 20 38 43 39 33 47 00 2A 00 00 4F F7
[17:45:50] 💻 S→Y (21b): F0 43 00 7E 00 0D 4C 4D 20 20 38 43 39 33 47 00 2A 00 00 4F F7
[17:45:50] 💻 S→Y (16b): F0 43 20 7E 4C 4D 20 20 38 43 39 33 47 00 2B F7
[17:45:50] 🎹 Y→S (21b): F0 43 00 7E 00 0D 4C 4D 20 20 38 43 39 33 47 00 2B 00 00 4E F7
[17:45:50] 💻 S→Y (21b): F0 43 00 7E 00 0D 4C 4D 20 20 38 43 39 33 47 00 2B 00 00 4E F7
[17:45:50] 💻 S→Y (16b): F0 43 20 7E 4C 4D 20 20 38 43 39 33 47 00 2C F7
[17:45:50] 🎹 Y→S (21b): F0 43 00 7E 00 0D 4C 4D 20 20 38 43 39 33 47 00 2C 00 00 4D F7
[17:45:50] 💻 S→Y (21b): F0 43 00 7E 00 0D 4C 4D 20 20 38 43 39 33 47 00 2C 00 00 4D F7
[17:45:50] 💻 S→Y (16b): F0 43 20 7E 4C 4D 20 20 38 43 39 33 47 00 2D F7
[17:45:50] 🎹 Y→S (21b): F0 43 00 7E 00 0D 4C 4D 20 20 38 43 39 33 47 00 2D 00 00 4C F7
[17:45:50] 💻 S→Y (21b): F0 43 00 7E 00 0D 4C 4D 20 20 38 43 39 33 47 00 2D 00 00 4C F7
[17:45:50] 💻 S→Y (16b): F0 43 20 7E 4C 4D 20 20 38 43 39 33 47 00 2E F7
[17:45:50] 🎹 Y→S (21b): F0 43 00 7E 00 0D 4C 4D 20 20 38 43 39 33 47 00 2E 00 00 4B F7
[17:45:50] 💻 S→Y (21b): F0 43 00 7E 00 0D 4C 4D 20 20 38 43 39 33 47 00 2E 00 00 4B F7
[17:45:50] 💻 S→Y (16b): F0 43 20 7E 4C 4D 20 20 38 43 39 33 47 00 2F F7
[17:45:50] 🎹 Y→S (21b): F0 43 00 7E 00 0D 4C 4D 20 20 38 43 39 33 47 00 2F 00 00 4A F7
[17:45:50] 💻 S→Y (21b): F0 43 00 7E 00 0D 4C 4D 20 20 38 43 39 33 47 00 2F 00 00 4A F7
[17:45:50] 💻 S→Y (16b): F0 43 20 7E 4C 4D 20 20 38 43 39 33 47 00 30 F7
[17:45:50] 🎹 Y→S (21b): F0 43 00 7E 00 0D 4C 4D 20 20 38 43 39 33 47 00 30 00 00 49 F7
[17:45:50] 💻 S→Y (21b): F0 43 00 7E 00 0D 4C 4D 20 20 38 43 39 33 47 00 30 00 00 49 F7
[17:45:50] 💻 S→Y (16b): F0 43 20 7E 4C 4D 20 20 38 43 39 33 47 00 31 F7
[17:45:50] 🎹 Y→S (21b): F0 43 00 7E 00 0D 4C 4D 20 20 38 43 39 33 47 00 31 00 00 48 F7
[17:45:50] 💻 S→Y (21b): F0 43 00 7E 00 0D 4C 4D 20 20 38 43 39 33 47 00 31 00 00 48 F7
[17:45:50] 💻 S→Y (16b): F0 43 20 7E 4C 4D 20 20 38 43 39 33 47 00 32 F7
[17:45:50] 🎹 Y→S (21b): F0 43 00 7E 00 0D 4C 4D 20 20 38 43 39 33 47 00 32 00 00 47 F7
[17:45:50] 💻 S→Y (21b): F0 43 00 7E 00 0D 4C 4D 20 20 38 43 39 33 47 00 32 00 00 47 F7
[17:45:50] 💻 S→Y (16b): F0 43 20 7E 4C 4D 20 20 38 43 39 33 47 00 33 F7
[17:45:50] 🎹 Y→S (21b): F0 43 00 7E 00 0D 4C 4D 20 20 38 43 39 33 47 00 33 00 00 46 F7
[17:45:50] 💻 S→Y (21b): F0 43 00 7E 00 0D 4C 4D 20 20 38 43 39 33 47 00 33 00 00 46 F7
[17:45:50] 💻 S→Y (16b): F0 43 20 7E 4C 4D 20 20 38 43 39 33 47 00 34 F7
[17:45:50] 🎹 Y→S (21b): F0 43 00 7E 00 0D 4C 4D 20 20 38 43 39 33 47 00 34 00 00 45 F7
[17:45:50] 💻 S→Y (21b): F0 43 00 7E 00 0D 4C 4D 20 20 38 43 39 33 47 00 34 00 00 45 F7
[17:45:50] 💻 S→Y (16b): F0 43 20 7E 4C 4D 20 20 38 43 39 33 47 00 35 F7
[17:45:50] 🎹 Y→S (21b): F0 43 00 7E 00 0D 4C 4D 20 20 38 43 39 33 47 00 35 00 00 44 F7
[17:45:50] 💻 S→Y (21b): F0 43 00 7E 00 0D 4C 4D 20 20 38 43 39 33 47 00 35 00 00 44 F7
[17:45:50] 💻 S→Y (16b): F0 43 20 7E 4C 4D 20 20 38 43 39 33 47 00 36 F7
[17:45:50] 🎹 Y→S (21b): F0 43 00 7E 00 0D 4C 4D 20 20 38 43 39 33 47 00 36 00 00 43 F7
[17:45:50] 💻 S→Y (21b): F0 43 00 7E 00 0D 4C 4D 20 20 38 43 39 33 47 00 36 00 00 43 F7
[17:45:50] 💻 S→Y (16b): F0 43 20 7E 4C 4D 20 20 38 43 39 33 47 00 37 F7
[17:45:50] 🎹 Y→S (21b): F0 43 00 7E 00 0D 4C 4D 20 20 38 43 39 33 47 00 37 00 00 42 F7
[17:45:50] 💻 S→Y (21b): F0 43 00 7E 00 0D 4C 4D 20 20 38 43 39 33 47 00 37 00 00 42 F7
[17:45:50] 💻 S→Y (16b): F0 43 20 7E 4C 4D 20 20 38 43 39 33 47 00 38 F7
[17:45:50] 🎹 Y→S (14b): F0 43 10 3E 7F 01 1C 00 06 00 00 01 61 F7
[17:45:50] 💻 S→Y (14b): F0 43 10 3E 7F 01 1C 00 06 00 00 01 61 F7
[17:45:50] 🎹 Y→S (21b): F0 43 00 7E 00 0D 4C 4D 20 20 38 43 39 33 47 00 38 00 00 41 F7
[17:45:50] 💻 S→Y (21b): F0 43 00 7E 00 0D 4C 4D 20 20 38 43 39 33 47 00 38 00 00 41 F7
[17:45:50] 💻 S→Y (16b): F0 43 20 7E 4C 4D 20 20 38 43 39 33 47 00 39 F7
[17:45:50] 🎹 Y→S (21b): F0 43 00 7E 00 0D 4C 4D 20 20 38 43 39 33 47 00 39 00 00 40 F7
[17:45:50] 💻 S→Y (21b): F0 43 00 7E 00 0D 4C 4D 20 20 38 43 39 33 47 00 39 00 00 40 F7
[17:45:50] 💻 S→Y (16b): F0 43 20 7E 4C 4D 20 20 38 43 39 33 47 00 3A F7
[17:45:50] 🎹 Y→S (21b): F0 43 00 7E 00 0D 4C 4D 20 20 38 43 39 33 47 00 3A 00 00 3F F7
[17:45:50] 💻 S→Y (21b): F0 43 00 7E 00 0D 4C 4D 20 20 38 43 39 33 47 00 3A 00 00 3F F7
[17:45:50] 💻 S→Y (16b): F0 43 20 7E 4C 4D 20 20 38 43 39 33 47 00 3B F7
[17:45:50] 🎹 Y→S (21b): F0 43 00 7E 00 0D 4C 4D 20 20 38 43 39 33 47 00 3B 00 00 3E F7
[17:45:50] 💻 S→Y (21b): F0 43 00 7E 00 0D 4C 4D 20 20 38 43 39 33 47 00 3B 00 00 3E F7
[17:45:50] 💻 S→Y (16b): F0 43 20 7E 4C 4D 20 20 38 43 39 33 47 00 3C F7
[17:45:50] 🎹 Y→S (21b): F0 43 00 7E 00 0D 4C 4D 20 20 38 43 39 33 47 00 3C 00 00 3D F7
[17:45:50] 💻 S→Y (21b): F0 43 00 7E 00 0D 4C 4D 20 20 38 43 39 33 47 00 3C 00 00 3D F7
[17:45:50] 💻 S→Y (16b): F0 43 20 7E 4C 4D 20 20 38 43 39 33 47 00 3D F7
[17:45:50] 🎹 Y→S (21b): F0 43 00 7E 00 0D 4C 4D 20 20 38 43 39 33 47 00 3D 00 00 3C F7
[17:45:50] 💻 S→Y (21b): F0 43 00 7E 00 0D 4C 4D 20 20 38 43 39 33 47 00 3D 00 00 3C F7
[17:45:50] 💻 S→Y (16b): F0 43 20 7E 4C 4D 20 20 38 43 39 33 47 00 3E F7
[17:45:50] 🎹 Y→S (21b): F0 43 00 7E 00 0D 4C 4D 20 20 38 43 39 33 47 00 3E 00 00 3B F7
[17:45:50] 💻 S→Y (21b): F0 43 00 7E 00 0D 4C 4D 20 20 38 43 39 33 47 00 3E 00 00 3B F7
[17:45:50] 💻 S→Y (16b): F0 43 20 7E 4C 4D 20 20 38 43 39 33 47 00 3F F7
[17:45:50] 🎹 Y→S (21b): F0 43 00 7E 00 0D 4C 4D 20 20 38 43 39 33 47 00 3F 00 00 3A F7
[17:45:50] 💻 S→Y (21b): F0 43 00 7E 00 0D 4C 4D 20 20 38 43 39 33 47 00 3F 00 00 3A F7
[17:45:50] 💻 S→Y (16b): F0 43 20 7E 4C 4D 20 20 38 43 39 33 47 00 40 F7
[17:45:50] 🎹 Y→S (21b): F0 43 00 7E 00 0D 4C 4D 20 20 38 43 39 33 47 00 40 00 00 39 F7
[17:45:50] 💻 S→Y (21b): F0 43 00 7E 00 0D 4C 4D 20 20 38 43 39 33 47 00 40 00 00 39 F7
[17:45:50] 💻 S→Y (16b): F0 43 20 7E 4C 4D 20 20 38 43 39 33 47 00 41 F7
[17:45:50] 🎹 Y→S (21b): F0 43 00 7E 00 0D 4C 4D 20 20 38 43 39 33 47 00 41 00 00 38 F7
[17:45:50] 💻 S→Y (21b): F0 43 00 7E 00 0D 4C 4D 20 20 38 43 39 33 47 00 41 00 00 38 F7
[17:45:50] 💻 S→Y (16b): F0 43 20 7E 4C 4D 20 20 38 43 39 33 47 00 42 F7
[17:45:50] 🎹 Y→S (21b): F0 43 00 7E 00 0D 4C 4D 20 20 38 43 39 33 47 00 42 00 00 37 F7
[17:45:50] 💻 S→Y (21b): F0 43 00 7E 00 0D 4C 4D 20 20 38 43 39 33 47 00 42 00 00 37 F7
[17:45:50] 💻 S→Y (16b): F0 43 20 7E 4C 4D 20 20 38 43 39 33 47 00 43 F7
[17:45:50] 🎹 Y→S (21b): F0 43 00 7E 00 0D 4C 4D 20 20 38 43 39 33 47 00 43 00 00 36 F7
[17:45:50] 💻 S→Y (21b): F0 43 00 7E 00 0D 4C 4D 20 20 38 43 39 33 47 00 43 00 00 36 F7
[17:45:50] 💻 S→Y (16b): F0 43 20 7E 4C 4D 20 20 38 43 39 33 47 00 44 F7
[17:45:50] 🎹 Y→S (21b): F0 43 00 7E 00 0D 4C 4D 20 20 38 43 39 33 47 00 44 00 00 35 F7
[17:45:50] 💻 S→Y (21b): F0 43 00 7E 00 0D 4C 4D 20 20 38 43 39 33 47 00 44 00 00 35 F7
[17:45:50] 💻 S→Y (16b): F0 43 20 7E 4C 4D 20 20 38 43 39 33 47 00 45 F7
[17:45:50] 🎹 Y→S (21b): F0 43 00 7E 00 0D 4C 4D 20 20 38 43 39 33 47 00 45 00 00 34 F7
[17:45:50] 💻 S→Y (21b): F0 43 00 7E 00 0D 4C 4D 20 20 38 43 39 33 47 00 45 00 00 34 F7
[17:45:50] 💻 S→Y (16b): F0 43 20 7E 4C 4D 20 20 38 43 39 33 47 00 46 F7
[17:45:50] 🎹 Y→S (21b): F0 43 00 7E 00 0D 4C 4D 20 20 38 43 39 33 47 00 46 00 00 33 F7
[17:45:50] 💻 S→Y (21b): F0 43 00 7E 00 0D 4C 4D 20 20 38 43 39 33 47 00 46 00 00 33 F7
[17:45:50] 💻 S→Y (16b): F0 43 20 7E 4C 4D 20 20 38 43 39 33 47 00 47 F7
[17:45:50] 🎹 Y→S (21b): F0 43 00 7E 00 0D 4C 4D 20 20 38 43 39 33 47 00 47 00 00 32 F7
[17:45:50] 💻 S→Y (21b): F0 43 00 7E 00 0D 4C 4D 20 20 38 43 39 33 47 00 47 00 00 32 F7
[17:45:50] 💻 S→Y (16b): F0 43 20 7E 4C 4D 20 20 38 43 39 33 47 00 48 F7
[17:45:50] 🎹 Y→S (21b): F0 43 00 7E 00 0D 4C 4D 20 20 38 43 39 33 47 00 48 00 00 31 F7
[17:45:50] 💻 S→Y (21b): F0 43 00 7E 00 0D 4C 4D 20 20 38 43 39 33 47 00 48 00 00 31 F7
[17:45:50] 💻 S→Y (16b): F0 43 20 7E 4C 4D 20 20 38 43 39 33 47 00 49 F7
[17:45:50] 🎹 Y→S (21b): F0 43 00 7E 00 0D 4C 4D 20 20 38 43 39 33 47 00 49 00 00 30 F7
[17:45:50] 💻 S→Y (21b): F0 43 00 7E 00 0D 4C 4D 20 20 38 43 39 33 47 00 49 00 00 30 F7
[17:45:50] 💻 S→Y (16b): F0 43 20 7E 4C 4D 20 20 38 43 39 33 47 00 4A F7
[17:45:50] 🎹 Y→S (21b): F0 43 00 7E 00 0D 4C 4D 20 20 38 43 39 33 47 00 4A 00 00 2F F7
[17:45:50] 💻 S→Y (21b): F0 43 00 7E 00 0D 4C 4D 20 20 38 43 39 33 47 00 4A 00 00 2F F7
[17:45:50] 💻 S→Y (16b): F0 43 20 7E 4C 4D 20 20 38 43 39 33 47 00 4B F7
[17:45:50] 🎹 Y→S (21b): F0 43 00 7E 00 0D 4C 4D 20 20 38 43 39 33 47 00 4B 00 00 2E F7
[17:45:50] 💻 S→Y (21b): F0 43 00 7E 00 0D 4C 4D 20 20 38 43 39 33 47 00 4B 00 00 2E F7
[17:45:50] 💻 S→Y (16b): F0 43 20 7E 4C 4D 20 20 38 43 39 33 47 00 4C F7
[17:45:50] 🎹 Y→S (21b): F0 43 00 7E 00 0D 4C 4D 20 20 38 43 39 33 47 00 4C 00 00 2D F7
[17:45:50] 💻 S→Y (21b): F0 43 00 7E 00 0D 4C 4D 20 20 38 43 39 33 47 00 4C 00 00 2D F7
[17:45:50] 💻 S→Y (16b): F0 43 20 7E 4C 4D 20 20 38 43 39 33 47 00 4D F7
[17:45:50] 🎹 Y→S (21b): F0 43 00 7E 00 0D 4C 4D 20 20 38 43 39 33 47 00 4D 00 00 2C F7
[17:45:50] 💻 S→Y (21b): F0 43 00 7E 00 0D 4C 4D 20 20 38 43 39 33 47 00 4D 00 00 2C F7
[17:45:50] 💻 S→Y (16b): F0 43 20 7E 4C 4D 20 20 38 43 39 33 47 00 4E F7
[17:45:50] 🎹 Y→S (21b): F0 43 00 7E 00 0D 4C 4D 20 20 38 43 39 33 47 00 4E 00 00 2B F7
[17:45:50] 💻 S→Y (21b): F0 43 00 7E 00 0D 4C 4D 20 20 38 43 39 33 47 00 4E 00 00 2B F7
[17:45:50] 💻 S→Y (16b): F0 43 20 7E 4C 4D 20 20 38 43 39 33 47 00 4F F7
[17:45:50] 🎹 Y→S (21b): F0 43 00 7E 00 0D 4C 4D 20 20 38 43 39 33 47 00 4F 00 00 2A F7
[17:45:50] 💻 S→Y (21b): F0 43 00 7E 00 0D 4C 4D 20 20 38 43 39 33 47 00 4F 00 00 2A F7
[17:45:50] 💻 S→Y (16b): F0 43 20 7E 4C 4D 20 20 38 43 39 33 47 00 50 F7
[17:45:50] 🎹 Y→S (21b): F0 43 00 7E 00 0D 4C 4D 20 20 38 43 39 33 47 00 50 00 00 29 F7
[17:45:50] 💻 S→Y (21b): F0 43 00 7E 00 0D 4C 4D 20 20 38 43 39 33 47 00 50 00 00 29 F7
[17:45:50] 💻 S→Y (16b): F0 43 20 7E 4C 4D 20 20 38 43 39 33 47 00 51 F7
[17:45:50] 🎹 Y→S (21b): F0 43 00 7E 00 0D 4C 4D 20 20 38 43 39 33 47 00 51 00 00 28 F7
[17:45:50] 💻 S→Y (21b): F0 43 00 7E 00 0D 4C 4D 20 20 38 43 39 33 47 00 51 00 00 28 F7
[17:45:50] 💻 S→Y (16b): F0 43 20 7E 4C 4D 20 20 38 43 39 33 47 00 52 F7
[17:45:50] 🎹 Y→S (14b): F0 43 10 3E 7F 01 1C 00 06 00 00 01 64 F7
[17:45:50] 💻 S→Y (14b): F0 43 10 3E 7F 01 1C 00 06 00 00 01 64 F7
[17:45:50] 🎹 Y→S (21b): F0 43 00 7E 00 0D 4C 4D 20 20 38 43 39 33 47 00 52 00 00 27 F7
[17:45:50] 💻 S→Y (21b): F0 43 00 7E 00 0D 4C 4D 20 20 38 43 39 33 47 00 52 00 00 27 F7
[17:45:50] 💻 S→Y (16b): F0 43 20 7E 4C 4D 20 20 38 43 39 33 47 00 53 F7
[17:45:50] 🎹 Y→S (21b): F0 43 00 7E 00 0D 4C 4D 20 20 38 43 39 33 47 00 53 00 00 26 F7
[17:45:50] 💻 S→Y (21b): F0 43 00 7E 00 0D 4C 4D 20 20 38 43 39 33 47 00 53 00 00 26 F7
[17:45:50] 💻 S→Y (16b): F0 43 20 7E 4C 4D 20 20 38 43 39 33 47 00 54 F7
[17:45:50] 🎹 Y→S (21b): F0 43 00 7E 00 0D 4C 4D 20 20 38 43 39 33 47 00 54 00 00 25 F7
[17:45:50] 💻 S→Y (21b): F0 43 00 7E 00 0D 4C 4D 20 20 38 43 39 33 47 00 54 00 00 25 F7
[17:45:50] 💻 S→Y (16b): F0 43 20 7E 4C 4D 20 20 38 43 39 33 47 00 55 F7
[17:45:50] 🎹 Y→S (21b): F0 43 00 7E 00 0D 4C 4D 20 20 38 43 39 33 47 00 55 00 00 24 F7
[17:45:50] 💻 S→Y (21b): F0 43 00 7E 00 0D 4C 4D 20 20 38 43 39 33 47 00 55 00 00 24 F7
[17:45:50] 💻 S→Y (16b): F0 43 20 7E 4C 4D 20 20 38 43 39 33 47 00 56 F7
[17:45:50] 🎹 Y→S (21b): F0 43 00 7E 00 0D 4C 4D 20 20 38 43 39 33 47 00 56 00 00 23 F7
[17:45:50] 💻 S→Y (21b): F0 43 00 7E 00 0D 4C 4D 20 20 38 43 39 33 47 00 56 00 00 23 F7
[17:45:50] 💻 S→Y (16b): F0 43 20 7E 4C 4D 20 20 38 43 39 33 47 00 57 F7
[17:45:50] 🎹 Y→S (21b): F0 43 00 7E 00 0D 4C 4D 20 20 38 43 39 33 47 00 57 00 00 22 F7
[17:45:50] 💻 S→Y (21b): F0 43 00 7E 00 0D 4C 4D 20 20 38 43 39 33 47 00 57 00 00 22 F7
[17:45:50] 💻 S→Y (16b): F0 43 20 7E 4C 4D 20 20 38 43 39 33 47 00 58 F7
[17:45:50] 🎹 Y→S (21b): F0 43 00 7E 00 0D 4C 4D 20 20 38 43 39 33 47 00 58 00 00 21 F7
[17:45:50] 💻 S→Y (21b): F0 43 00 7E 00 0D 4C 4D 20 20 38 43 39 33 47 00 58 00 00 21 F7
[17:45:50] 💻 S→Y (16b): F0 43 20 7E 4C 4D 20 20 38 43 39 33 47 00 59 F7
[17:45:50] 🎹 Y→S (21b): F0 43 00 7E 00 0D 4C 4D 20 20 38 43 39 33 47 00 59 00 00 20 F7
[17:45:50] 💻 S→Y (21b): F0 43 00 7E 00 0D 4C 4D 20 20 38 43 39 33 47 00 59 00 00 20 F7
[17:45:50] 💻 S→Y (16b): F0 43 20 7E 4C 4D 20 20 38 43 39 33 47 00 5A F7
[17:45:50] 🎹 Y→S (21b): F0 43 00 7E 00 0D 4C 4D 20 20 38 43 39 33 47 00 5A 00 00 1F F7
[17:45:50] 💻 S→Y (21b): F0 43 00 7E 00 0D 4C 4D 20 20 38 43 39 33 47 00 5A 00 00 1F F7
[17:45:50] 💻 S→Y (16b): F0 43 20 7E 4C 4D 20 20 38 43 39 33 47 00 5B F7
[17:45:50] 🎹 Y→S (21b): F0 43 00 7E 00 0D 4C 4D 20 20 38 43 39 33 47 00 5B 00 00 1E F7
[17:45:50] 💻 S→Y (21b): F0 43 00 7E 00 0D 4C 4D 20 20 38 43 39 33 47 00 5B 00 00 1E F7
[17:45:50] 💻 S→Y (16b): F0 43 20 7E 4C 4D 20 20 38 43 39 33 47 00 5C F7
[17:45:50] 🎹 Y→S (21b): F0 43 00 7E 00 0D 4C 4D 20 20 38 43 39 33 47 00 5C 00 00 1D F7
[17:45:50] 💻 S→Y (21b): F0 43 00 7E 00 0D 4C 4D 20 20 38 43 39 33 47 00 5C 00 00 1D F7
[17:45:50] 💻 S→Y (16b): F0 43 20 7E 4C 4D 20 20 38 43 39 33 47 00 5D F7
[17:45:50] 🎹 Y→S (14b): F0 43 10 3E 7F 01 1C 00 06 00 00 01 61 F7
[17:45:50] 💻 S→Y (14b): F0 43 10 3E 7F 01 1C 00 06 00 00 01 61 F7
[17:45:50] 🎹 Y→S (21b): F0 43 00 7E 00 0D 4C 4D 20 20 38 43 39 33 47 00 5D 00 00 1C F7
[17:45:50] 💻 S→Y (21b): F0 43 00 7E 00 0D 4C 4D 20 20 38 43 39 33 47 00 5D 00 00 1C F7
[17:45:50] 💻 S→Y (16b): F0 43 20 7E 4C 4D 20 20 38 43 39 33 47 00 5E F7
[17:45:50] 🎹 Y→S (21b): F0 43 00 7E 00 0D 4C 4D 20 20 38 43 39 33 47 00 5E 00 00 1B F7
[17:45:50] 💻 S→Y (21b): F0 43 00 7E 00 0D 4C 4D 20 20 38 43 39 33 47 00 5E 00 00 1B F7
[17:45:50] 💻 S→Y (16b): F0 43 20 7E 4C 4D 20 20 38 43 39 33 47 00 5F F7
[17:45:50] 🎹 Y→S (21b): F0 43 00 7E 00 0D 4C 4D 20 20 38 43 39 33 47 00 5F 00 00 1A F7
[17:45:50] 💻 S→Y (21b): F0 43 00 7E 00 0D 4C 4D 20 20 38 43 39 33 47 00 5F 00 00 1A F7
[17:45:50] 💻 S→Y (16b): F0 43 20 7E 4C 4D 20 20 38 43 39 33 47 00 60 F7
[17:45:50] 🎹 Y→S (21b): F0 43 00 7E 00 0D 4C 4D 20 20 38 43 39 33 47 00 60 00 00 19 F7
[17:45:50] 💻 S→Y (21b): F0 43 00 7E 00 0D 4C 4D 20 20 38 43 39 33 47 00 60 00 00 19 F7
[17:45:50] 💻 S→Y (16b): F0 43 20 7E 4C 4D 20 20 38 43 39 33 47 00 61 F7
[17:45:50] 🎹 Y→S (21b): F0 43 00 7E 00 0D 4C 4D 20 20 38 43 39 33 47 00 61 00 00 18 F7
[17:45:50] 💻 S→Y (21b): F0 43 00 7E 00 0D 4C 4D 20 20 38 43 39 33 47 00 61 00 00 18 F7
[17:45:50] 💻 S→Y (16b): F0 43 20 7E 4C 4D 20 20 38 43 39 33 47 00 62 F7
[17:45:50] 🎹 Y→S (21b): F0 43 00 7E 00 0D 4C 4D 20 20 38 43 39 33 47 00 62 00 00 17 F7
[17:45:50] 💻 S→Y (21b): F0 43 00 7E 00 0D 4C 4D 20 20 38 43 39 33 47 00 62 00 00 17 F7
[17:45:50] 💻 S→Y (16b): F0 43 20 7E 4C 4D 20 20 38 43 39 33 47 00 63 F7
[17:45:50] 🎹 Y→S (21b): F0 43 00 7E 00 0D 4C 4D 20 20 38 43 39 33 47 00 63 00 00 16 F7
[17:45:50] 💻 S→Y (21b): F0 43 00 7E 00 0D 4C 4D 20 20 38 43 39 33 47 00 63 00 00 16 F7
[17:45:50] 💻 S→Y (16b): F0 43 20 7E 4C 4D 20 20 38 43 39 33 47 00 64 F7
[17:45:50] 🎹 Y→S (21b): F0 43 00 7E 00 0D 4C 4D 20 20 38 43 39 33 47 00 64 00 00 15 F7
[17:45:50] 💻 S→Y (21b): F0 43 00 7E 00 0D 4C 4D 20 20 38 43 39 33 47 00 64 00 00 15 F7
[17:45:50] 💻 S→Y (16b): F0 43 20 7E 4C 4D 20 20 38 43 39 33 47 00 65 F7
[17:45:50] 🎹 Y→S (21b): F0 43 00 7E 00 0D 4C 4D 20 20 38 43 39 33 47 00 65 00 00 14 F7
[17:45:50] 💻 S→Y (21b): F0 43 00 7E 00 0D 4C 4D 20 20 38 43 39 33 47 00 65 00 00 14 F7
[17:45:50] 💻 S→Y (16b): F0 43 20 7E 4C 4D 20 20 38 43 39 33 47 00 66 F7
[17:45:50] 🎹 Y→S (21b): F0 43 00 7E 00 0D 4C 4D 20 20 38 43 39 33 47 00 66 00 00 13 F7
[17:45:50] 💻 S→Y (21b): F0 43 00 7E 00 0D 4C 4D 20 20 38 43 39 33 47 00 66 00 00 13 F7
[17:45:50] 💻 S→Y (16b): F0 43 20 7E 4C 4D 20 20 38 43 39 33 47 00 67 F7
[17:45:50] 🎹 Y→S (21b): F0 43 00 7E 00 0D 4C 4D 20 20 38 43 39 33 47 00 67 00 00 12 F7
[17:45:50] 💻 S→Y (21b): F0 43 00 7E 00 0D 4C 4D 20 20 38 43 39 33 47 00 67 00 00 12 F7
[17:45:50] 💻 S→Y (16b): F0 43 20 7E 4C 4D 20 20 38 43 39 33 47 00 68 F7
[17:45:50] 🎹 Y→S (21b): F0 43 00 7E 00 0D 4C 4D 20 20 38 43 39 33 47 00 68 00 00 11 F7
[17:45:50] 💻 S→Y (21b): F0 43 00 7E 00 0D 4C 4D 20 20 38 43 39 33 47 00 68 00 00 11 F7
[17:45:50] 💻 S→Y (16b): F0 43 20 7E 4C 4D 20 20 38 43 39 33 47 00 69 F7
[17:45:50] 🎹 Y→S (21b): F0 43 00 7E 00 0D 4C 4D 20 20 38 43 39 33 47 00 69 00 00 10 F7
[17:45:50] 💻 S→Y (21b): F0 43 00 7E 00 0D 4C 4D 20 20 38 43 39 33 47 00 69 00 00 10 F7
[17:45:50] 💻 S→Y (16b): F0 43 20 7E 4C 4D 20 20 38 43 39 33 47 00 6A F7
[17:45:50] 🎹 Y→S (21b): F0 43 00 7E 00 0D 4C 4D 20 20 38 43 39 33 47 00 6A 00 00 0F F7
[17:45:50] 💻 S→Y (21b): F0 43 00 7E 00 0D 4C 4D 20 20 38 43 39 33 47 00 6A 00 00 0F F7
[17:45:50] 💻 S→Y (16b): F0 43 20 7E 4C 4D 20 20 38 43 39 33 47 00 6B F7
[17:45:50] 🎹 Y→S (21b): F0 43 00 7E 00 0D 4C 4D 20 20 38 43 39 33 47 00 6B 00 00 0E F7
[17:45:50] 💻 S→Y (21b): F0 43 00 7E 00 0D 4C 4D 20 20 38 43 39 33 47 00 6B 00 00 0E F7
[17:45:50] 💻 S→Y (16b): F0 43 20 7E 4C 4D 20 20 38 43 39 33 47 00 6C F7
[17:45:50] 🎹 Y→S (21b): F0 43 00 7E 00 0D 4C 4D 20 20 38 43 39 33 47 00 6C 00 00 0D F7
[17:45:50] 💻 S→Y (21b): F0 43 00 7E 00 0D 4C 4D 20 20 38 43 39 33 47 00 6C 00 00 0D F7
[17:45:50] 💻 S→Y (16b): F0 43 20 7E 4C 4D 20 20 38 43 39 33 47 00 6D F7
[17:45:50] 🎹 Y→S (21b): F0 43 00 7E 00 0D 4C 4D 20 20 38 43 39 33 47 00 6D 00 00 0C F7
[17:45:50] 💻 S→Y (21b): F0 43 00 7E 00 0D 4C 4D 20 20 38 43 39 33 47 00 6D 00 00 0C F7
[17:45:50] 💻 S→Y (16b): F0 43 20 7E 4C 4D 20 20 38 43 39 33 47 00 6E F7
[17:45:50] 🎹 Y→S (21b): F0 43 00 7E 00 0D 4C 4D 20 20 38 43 39 33 47 00 6E 00 00 0B F7
[17:45:50] 💻 S→Y (21b): F0 43 00 7E 00 0D 4C 4D 20 20 38 43 39 33 47 00 6E 00 00 0B F7
[17:45:50] 💻 S→Y (16b): F0 43 20 7E 4C 4D 20 20 38 43 39 33 47 00 6F F7
[17:45:50] 🎹 Y→S (21b): F0 43 00 7E 00 0D 4C 4D 20 20 38 43 39 33 47 00 6F 00 00 0A F7
[17:45:50] 💻 S→Y (21b): F0 43 00 7E 00 0D 4C 4D 20 20 38 43 39 33 47 00 6F 00 00 0A F7
[17:45:50] 💻 S→Y (16b): F0 43 20 7E 4C 4D 20 20 38 43 39 33 47 00 70 F7
[17:45:50] 🎹 Y→S (21b): F0 43 00 7E 00 0D 4C 4D 20 20 38 43 39 33 47 00 70 00 00 09 F7
[17:45:50] 💻 S→Y (21b): F0 43 00 7E 00 0D 4C 4D 20 20 38 43 39 33 47 00 70 00 00 09 F7
[17:45:50] 💻 S→Y (16b): F0 43 20 7E 4C 4D 20 20 38 43 39 33 47 00 71 F7
[17:45:50] 🎹 Y→S (21b): F0 43 00 7E 00 0D 4C 4D 20 20 38 43 39 33 47 00 71 00 00 08 F7
[17:45:50] 💻 S→Y (21b): F0 43 00 7E 00 0D 4C 4D 20 20 38 43 39 33 47 00 71 00 00 08 F7
[17:45:50] 💻 S→Y (16b): F0 43 20 7E 4C 4D 20 20 38 43 39 33 47 00 72 F7
[17:45:51] 🎹 Y→S (14b): F0 43 10 3E 7F 01 1C 00 06 00 00 01 64 F7
[17:45:51] 💻 S→Y (14b): F0 43 10 3E 7F 01 1C 00 06 00 00 01 64 F7
[17:45:51] 🎹 Y→S (21b): F0 43 00 7E 00 0D 4C 4D 20 20 38 43 39 33 47 00 72 00 00 07 F7
[17:45:51] 💻 S→Y (21b): F0 43 00 7E 00 0D 4C 4D 20 20 38 43 39 33 47 00 72 00 00 07 F7
[17:45:51] 💻 S→Y (16b): F0 43 20 7E 4C 4D 20 20 38 43 39 33 47 00 73 F7
[17:45:51] 🎹 Y→S (21b): F0 43 00 7E 00 0D 4C 4D 20 20 38 43 39 33 47 00 73 00 00 06 F7
[17:45:51] 💻 S→Y (21b): F0 43 00 7E 00 0D 4C 4D 20 20 38 43 39 33 47 00 73 00 00 06 F7
[17:45:51] 💻 S→Y (16b): F0 43 20 7E 4C 4D 20 20 38 43 39 33 47 00 74 F7
[17:45:51] 🎹 Y→S (21b): F0 43 00 7E 00 0D 4C 4D 20 20 38 43 39 33 47 00 74 00 00 05 F7
[17:45:51] 💻 S→Y (21b): F0 43 00 7E 00 0D 4C 4D 20 20 38 43 39 33 47 00 74 00 00 05 F7
[17:45:51] 💻 S→Y (16b): F0 43 20 7E 4C 4D 20 20 38 43 39 33 47 00 75 F7
[17:45:51] 🎹 Y→S (21b): F0 43 00 7E 00 0D 4C 4D 20 20 38 43 39 33 47 00 75 00 00 04 F7
[17:45:51] 💻 S→Y (21b): F0 43 00 7E 00 0D 4C 4D 20 20 38 43 39 33 47 00 75 00 00 04 F7
[17:45:51] 💻 S→Y (16b): F0 43 20 7E 4C 4D 20 20 38 43 39 33 47 00 76 F7
[17:45:51] 🎹 Y→S (21b): F0 43 00 7E 00 0D 4C 4D 20 20 38 43 39 33 47 00 76 00 00 03 F7
[17:45:51] 💻 S→Y (21b): F0 43 00 7E 00 0D 4C 4D 20 20 38 43 39 33 47 00 76 00 00 03 F7
[17:45:51] 💻 S→Y (16b): F0 43 20 7E 4C 4D 20 20 38 43 39 33 47 00 77 F7
[17:45:51] 🎹 Y→S (21b): F0 43 00 7E 00 0D 4C 4D 20 20 38 43 39 33 47 00 77 00 00 02 F7
[17:45:51] 💻 S→Y (21b): F0 43 00 7E 00 0D 4C 4D 20 20 38 43 39 33 47 00 77 00 00 02 F7
[17:45:51] 💻 S→Y (16b): F0 43 20 7E 4C 4D 20 20 38 43 39 33 47 00 78 F7
[17:45:51] 🎹 Y→S (21b): F0 43 00 7E 00 0D 4C 4D 20 20 38 43 39 33 47 00 78 00 00 01 F7
[17:45:51] 💻 S→Y (21b): F0 43 00 7E 00 0D 4C 4D 20 20 38 43 39 33 47 00 78 00 00 01 F7
[17:45:51] 💻 S→Y (16b): F0 43 20 7E 4C 4D 20 20 38 43 39 33 47 00 79 F7
[17:45:51] 🎹 Y→S (21b): F0 43 00 7E 00 0D 4C 4D 20 20 38 43 39 33 47 00 79 00 00 00 F7
[17:45:51] 💻 S→Y (21b): F0 43 00 7E 00 0D 4C 4D 20 20 38 43 39 33 47 00 79 00 00 00 F7
[17:45:51] 💻 S→Y (16b): F0 43 20 7E 4C 4D 20 20 38 43 39 33 47 00 7A F7
[17:45:51] 🎹 Y→S (21b): F0 43 00 7E 00 0D 4C 4D 20 20 38 43 39 33 47 00 7A 00 00 7F F7
[17:45:51] 💻 S→Y (21b): F0 43 00 7E 00 0D 4C 4D 20 20 38 43 39 33 47 00 7A 00 00 7F F7
[17:45:51] 💻 S→Y (16b): F0 43 20 7E 4C 4D 20 20 38 43 39 33 47 00 7B F7
[17:45:51] 🎹 Y→S (21b): F0 43 00 7E 00 0D 4C 4D 20 20 38 43 39 33 47 00 7B 00 00 7E F7
[17:45:51] 💻 S→Y (21b): F0 43 00 7E 00 0D 4C 4D 20 20 38 43 39 33 47 00 7B 00 00 7E F7
[17:45:51] 💻 S→Y (16b): F0 43 20 7E 4C 4D 20 20 38 43 39 33 47 00 7C F7
[17:45:51] 🎹 Y→S (21b): F0 43 00 7E 00 0D 4C 4D 20 20 38 43 39 33 47 00 7C 00 00 7D F7
[17:45:51] 💻 S→Y (21b): F0 43 00 7E 00 0D 4C 4D 20 20 38 43 39 33 47 00 7C 00 00 7D F7
[17:45:51] 💻 S→Y (16b): F0 43 20 7E 4C 4D 20 20 38 43 39 33 47 00 7D F7
[17:45:51] 🎹 Y→S (21b): F0 43 00 7E 00 0D 4C 4D 20 20 38 43 39 33 47 00 7D 00 00 7C F7
[17:45:51] 💻 S→Y (21b): F0 43 00 7E 00 0D 4C 4D 20 20 38 43 39 33 47 00 7D 00 00 7C F7
[17:45:51] 💻 S→Y (16b): F0 43 20 7E 4C 4D 20 20 38 43 39 33 47 00 7E F7
[17:45:51] 🎹 Y→S (21b): F0 43 00 7E 00 0D 4C 4D 20 20 38 43 39 33 47 00 7E 00 00 7B F7
[17:45:51] 💻 S→Y (21b): F0 43 00 7E 00 0D 4C 4D 20 20 38 43 39 33 47 00 7E 00 00 7B F7
[17:45:51] 💻 S→Y (16b): F0 43 20 7E 4C 4D 20 20 38 43 39 33 47 00 7F F7
[17:45:51] 🎹 Y→S (21b): F0 43 00 7E 00 0D 4C 4D 20 20 38 43 39 33 47 00 7F 00 00 7A F7
[17:45:51] 💻 S→Y (21b): F0 43 00 7E 00 0D 4C 4D 20 20 38 43 39 33 47 00 7F 00 00 7A F7
[17:45:51] 💻 S→Y (16b): F0 43 20 7E 4C 4D 20 20 38 43 39 33 59 00 24 F7
[17:45:51] 🎹 Y→S (21b): F0 43 00 7E 00 0D 4C 4D 20 20 38 43 39 33 59 00 24 00 00 43 F7
[17:45:51] 💻 S→Y (21b): F0 43 00 7E 00 0D 4C 4D 20 20 38 43 39 33 59 00 24 00 00 43 F7
[17:45:51] 💻 S→Y (16b): F0 43 20 7E 4C 4D 20 20 38 43 39 33 59 00 25 F7
[17:45:51] 🎹 Y→S (21b): F0 43 00 7E 00 0D 4C 4D 20 20 38 43 39 33 59 00 25 00 00 42 F7
[17:45:51] 💻 S→Y (21b): F0 43 00 7E 00 0D 4C 4D 20 20 38 43 39 33 59 00 25 00 00 42 F7
[17:45:51] 💻 S→Y (16b): F0 43 20 7E 4C 4D 20 20 38 43 39 33 59 00 26 F7
[17:45:51] 🎹 Y→S (21b): F0 43 00 7E 00 0D 4C 4D 20 20 38 43 39 33 59 00 26 00 00 41 F7
[17:45:51] 💻 S→Y (21b): F0 43 00 7E 00 0D 4C 4D 20 20 38 43 39 33 59 00 26 00 00 41 F7
[17:45:51] 💻 S→Y (16b): F0 43 20 7E 4C 4D 20 20 38 43 39 33 59 00 27 F7
[17:45:51] 🎹 Y→S (21b): F0 43 00 7E 00 0D 4C 4D 20 20 38 43 39 33 59 00 27 00 00 40 F7
[17:45:51] 💻 S→Y (21b): F0 43 00 7E 00 0D 4C 4D 20 20 38 43 39 33 59 00 27 00 00 40 F7
[17:45:51] 💻 S→Y (16b): F0 43 20 7E 4C 4D 20 20 38 43 39 33 59 00 28 F7
[17:45:51] 🎹 Y→S (21b): F0 43 00 7E 00 0D 4C 4D 20 20 38 43 39 33 59 00 28 00 00 3F F7
[17:45:51] 💻 S→Y (21b): F0 43 00 7E 00 0D 4C 4D 20 20 38 43 39 33 59 00 28 00 00 3F F7
[17:45:51] 💻 S→Y (16b): F0 43 20 7E 4C 4D 20 20 38 43 39 33 59 00 29 F7
[17:45:51] 🎹 Y→S (21b): F0 43 00 7E 00 0D 4C 4D 20 20 38 43 39 33 59 00 29 00 00 3E F7
[17:45:51] 💻 S→Y (21b): F0 43 00 7E 00 0D 4C 4D 20 20 38 43 39 33 59 00 29 00 00 3E F7
[17:45:51] 💻 S→Y (16b): F0 43 20 7E 4C 4D 20 20 38 43 39 33 59 00 2A F7
[17:45:51] 🎹 Y→S (21b): F0 43 00 7E 00 0D 4C 4D 20 20 38 43 39 33 59 00 2A 00 00 3D F7
[17:45:51] 💻 S→Y (21b): F0 43 00 7E 00 0D 4C 4D 20 20 38 43 39 33 59 00 2A 00 00 3D F7
[17:45:51] 💻 S→Y (16b): F0 43 20 7E 4C 4D 20 20 38 43 39 33 59 00 2B F7
[17:45:51] 🎹 Y→S (21b): F0 43 00 7E 00 0D 4C 4D 20 20 38 43 39 33 59 00 2B 00 00 3C F7
[17:45:51] 💻 S→Y (21b): F0 43 00 7E 00 0D 4C 4D 20 20 38 43 39 33 59 00 2B 00 00 3C F7
[17:45:51] 💻 S→Y (16b): F0 43 20 7E 4C 4D 20 20 38 43 39 33 59 00 2C F7
[17:45:51] 🎹 Y→S (21b): F0 43 00 7E 00 0D 4C 4D 20 20 38 43 39 33 59 00 2C 00 00 3B F7
[17:45:51] 💻 S→Y (21b): F0 43 00 7E 00 0D 4C 4D 20 20 38 43 39 33 59 00 2C 00 00 3B F7
[17:45:51] 💻 S→Y (16b): F0 43 20 7E 4C 4D 20 20 38 43 39 33 59 00 2D F7
[17:45:51] 🎹 Y→S (21b): F0 43 00 7E 00 0D 4C 4D 20 20 38 43 39 33 59 00 2D 00 00 3A F7
[17:45:51] 💻 S→Y (21b): F0 43 00 7E 00 0D 4C 4D 20 20 38 43 39 33 59 00 2D 00 00 3A F7
[17:45:51] 💻 S→Y (16b): F0 43 20 7E 4C 4D 20 20 38 43 39 33 59 00 2E F7
[17:45:51] 🎹 Y→S (21b): F0 43 00 7E 00 0D 4C 4D 20 20 38 43 39 33 59 00 2E 00 00 39 F7
[17:45:51] 💻 S→Y (21b): F0 43 00 7E 00 0D 4C 4D 20 20 38 43 39 33 59 00 2E 00 00 39 F7
[17:45:51] 💻 S→Y (16b): F0 43 20 7E 4C 4D 20 20 38 43 39 33 59 00 2F F7
[17:45:51] 🎹 Y→S (21b): F0 43 00 7E 00 0D 4C 4D 20 20 38 43 39 33 59 00 2F 00 00 38 F7
[17:45:51] 💻 S→Y (21b): F0 43 00 7E 00 0D 4C 4D 20 20 38 43 39 33 59 00 2F 00 00 38 F7
[17:45:51] 💻 S→Y (16b): F0 43 20 7E 4C 4D 20 20 38 43 39 33 59 00 30 F7
[17:45:51] 🎹 Y→S (21b): F0 43 00 7E 00 0D 4C 4D 20 20 38 43 39 33 59 00 30 00 00 37 F7
[17:45:51] 💻 S→Y (21b): F0 43 00 7E 00 0D 4C 4D 20 20 38 43 39 33 59 00 30 00 00 37 F7
[17:45:51] 💻 S→Y (16b): F0 43 20 7E 4C 4D 20 20 38 43 39 33 59 00 31 F7
[17:45:51] 🎹 Y→S (21b): F0 43 00 7E 00 0D 4C 4D 20 20 38 43 39 33 59 00 31 00 00 36 F7
[17:45:51] 💻 S→Y (21b): F0 43 00 7E 00 0D 4C 4D 20 20 38 43 39 33 59 00 31 00 00 36 F7
[17:45:51] 💻 S→Y (16b): F0 43 20 7E 4C 4D 20 20 38 43 39 33 59 00 32 F7
[17:45:51] 🎹 Y→S (21b): F0 43 00 7E 00 0D 4C 4D 20 20 38 43 39 33 59 00 32 00 00 35 F7
[17:45:51] 💻 S→Y (21b): F0 43 00 7E 00 0D 4C 4D 20 20 38 43 39 33 59 00 32 00 00 35 F7
[17:45:51] 💻 S→Y (16b): F0 43 20 7E 4C 4D 20 20 38 43 39 33 59 00 33 F7
[17:45:51] 🎹 Y→S (21b): F0 43 00 7E 00 0D 4C 4D 20 20 38 43 39 33 59 00 33 00 00 34 F7
[17:45:51] 💻 S→Y (21b): F0 43 00 7E 00 0D 4C 4D 20 20 38 43 39 33 59 00 33 00 00 34 F7
[17:45:51] 💻 S→Y (16b): F0 43 20 7E 4C 4D 20 20 38 43 39 33 59 00 34 F7
[17:45:51] 🎹 Y→S (21b): F0 43 00 7E 00 0D 4C 4D 20 20 38 43 39 33 59 00 34 00 00 33 F7
[17:45:51] 💻 S→Y (21b): F0 43 00 7E 00 0D 4C 4D 20 20 38 43 39 33 59 00 34 00 00 33 F7
[17:45:51] 💻 S→Y (16b): F0 43 20 7E 4C 4D 20 20 38 43 39 33 59 00 35 F7
[17:45:51] 🎹 Y→S (21b): F0 43 00 7E 00 0D 4C 4D 20 20 38 43 39 33 59 00 35 00 00 32 F7
[17:45:51] 💻 S→Y (21b): F0 43 00 7E 00 0D 4C 4D 20 20 38 43 39 33 59 00 35 00 00 32 F7
[17:45:51] 💻 S→Y (16b): F0 43 20 7E 4C 4D 20 20 38 43 39 33 59 00 36 F7
[17:45:51] 🎹 Y→S (21b): F0 43 00 7E 00 0D 4C 4D 20 20 38 43 39 33 59 00 36 00 00 31 F7
[17:45:51] 💻 S→Y (21b): F0 43 00 7E 00 0D 4C 4D 20 20 38 43 39 33 59 00 36 00 00 31 F7
[17:45:51] 💻 S→Y (16b): F0 43 20 7E 4C 4D 20 20 38 43 39 33 59 00 37 F7
[17:45:51] 🎹 Y→S (21b): F0 43 00 7E 00 0D 4C 4D 20 20 38 43 39 33 59 00 37 00 00 30 F7
[17:45:51] 💻 S→Y (21b): F0 43 00 7E 00 0D 4C 4D 20 20 38 43 39 33 59 00 37 00 00 30 F7
[17:45:51] 💻 S→Y (16b): F0 43 20 7E 4C 4D 20 20 38 43 39 33 59 00 38 F7
[17:45:51] 🎹 Y→S (21b): F0 43 00 7E 00 0D 4C 4D 20 20 38 43 39 33 59 00 38 00 00 2F F7
[17:45:51] 💻 S→Y (21b): F0 43 00 7E 00 0D 4C 4D 20 20 38 43 39 33 59 00 38 00 00 2F F7
[17:45:51] 💻 S→Y (16b): F0 43 20 7E 4C 4D 20 20 38 43 39 33 59 00 39 F7
[17:45:51] 🎹 Y→S (21b): F0 43 00 7E 00 0D 4C 4D 20 20 38 43 39 33 59 00 39 00 00 2E F7
[17:45:51] 💻 S→Y (21b): F0 43 00 7E 00 0D 4C 4D 20 20 38 43 39 33 59 00 39 00 00 2E F7
[17:45:51] 💻 S→Y (16b): F0 43 20 7E 4C 4D 20 20 38 43 39 33 59 00 3A F7
[17:45:51] 🎹 Y→S (21b): F0 43 00 7E 00 0D 4C 4D 20 20 38 43 39 33 59 00 3A 00 00 2D F7
[17:45:51] 💻 S→Y (21b): F0 43 00 7E 00 0D 4C 4D 20 20 38 43 39 33 59 00 3A 00 00 2D F7
[17:45:51] 💻 S→Y (16b): F0 43 20 7E 4C 4D 20 20 38 43 39 33 59 00 3B F7
[17:45:51] 🎹 Y→S (21b): F0 43 00 7E 00 0D 4C 4D 20 20 38 43 39 33 59 00 3B 00 00 2C F7
[17:45:51] 💻 S→Y (21b): F0 43 00 7E 00 0D 4C 4D 20 20 38 43 39 33 59 00 3B 00 00 2C F7
[17:45:51] 💻 S→Y (16b): F0 43 20 7E 4C 4D 20 20 38 43 39 33 59 00 3C F7
[17:45:51] 🎹 Y→S (21b): F0 43 00 7E 00 0D 4C 4D 20 20 38 43 39 33 59 00 3C 00 00 2B F7
[17:45:51] 💻 S→Y (21b): F0 43 00 7E 00 0D 4C 4D 20 20 38 43 39 33 59 00 3C 00 00 2B F7
[17:45:51] 💻 S→Y (16b): F0 43 20 7E 4C 4D 20 20 38 43 39 33 59 00 3D F7
[17:45:51] 🎹 Y→S (21b): F0 43 00 7E 00 0D 4C 4D 20 20 38 43 39 33 59 00 3D 00 00 2A F7
[17:45:51] 💻 S→Y (21b): F0 43 00 7E 00 0D 4C 4D 20 20 38 43 39 33 59 00 3D 00 00 2A F7
[17:45:51] 💻 S→Y (16b): F0 43 20 7E 4C 4D 20 20 38 43 39 33 59 00 3E F7
[17:45:51] 🎹 Y→S (21b): F0 43 00 7E 00 0D 4C 4D 20 20 38 43 39 33 59 00 3E 00 00 29 F7
[17:45:51] 💻 S→Y (21b): F0 43 00 7E 00 0D 4C 4D 20 20 38 43 39 33 59 00 3E 00 00 29 F7
[17:45:51] 💻 S→Y (16b): F0 43 20 7E 4C 4D 20 20 38 43 39 33 59 00 3F F7
[17:45:51] 🎹 Y→S (21b): F0 43 00 7E 00 0D 4C 4D 20 20 38 43 39 33 59 00 3F 00 00 28 F7
[17:45:51] 💻 S→Y (21b): F0 43 00 7E 00 0D 4C 4D 20 20 38 43 39 33 59 00 3F 00 00 28 F7
[17:45:51] 💻 S→Y (16b): F0 43 20 7E 4C 4D 20 20 38 43 39 33 59 00 40 F7
[17:45:51] 🎹 Y→S (21b): F0 43 00 7E 00 0D 4C 4D 20 20 38 43 39 33 59 00 40 00 00 27 F7
[17:45:51] 💻 S→Y (21b): F0 43 00 7E 00 0D 4C 4D 20 20 38 43 39 33 59 00 40 00 00 27 F7
[17:45:51] 💻 S→Y (16b): F0 43 20 7E 4C 4D 20 20 38 43 39 33 59 00 41 F7
[17:45:51] 🎹 Y→S (21b): F0 43 00 7E 00 0D 4C 4D 20 20 38 43 39 33 59 00 41 00 00 26 F7
[17:45:51] 💻 S→Y (21b): F0 43 00 7E 00 0D 4C 4D 20 20 38 43 39 33 59 00 41 00 00 26 F7
[17:45:51] 💻 S→Y (16b): F0 43 20 7E 4C 4D 20 20 38 43 39 33 59 00 42 F7
[17:45:51] 🎹 Y→S (21b): F0 43 00 7E 00 0D 4C 4D 20 20 38 43 39 33 59 00 42 00 00 25 F7
[17:45:51] 💻 S→Y (21b): F0 43 00 7E 00 0D 4C 4D 20 20 38 43 39 33 59 00 42 00 00 25 F7
[17:45:51] 💻 S→Y (16b): F0 43 20 7E 4C 4D 20 20 38 43 39 33 59 00 43 F7
[17:45:51] 🎹 Y→S (21b): F0 43 00 7E 00 0D 4C 4D 20 20 38 43 39 33 59 00 43 00 00 24 F7
[17:45:51] 💻 S→Y (21b): F0 43 00 7E 00 0D 4C 4D 20 20 38 43 39 33 59 00 43 00 00 24 F7
[17:45:51] 💻 S→Y (16b): F0 43 20 7E 4C 4D 20 20 38 43 39 33 59 00 44 F7
[17:45:51] 🎹 Y→S (21b): F0 43 00 7E 00 0D 4C 4D 20 20 38 43 39 33 59 00 44 00 00 23 F7
[17:45:51] 💻 S→Y (21b): F0 43 00 7E 00 0D 4C 4D 20 20 38 43 39 33 59 00 44 00 00 23 F7
[17:45:51] 💻 S→Y (16b): F0 43 20 7E 4C 4D 20 20 38 43 39 33 59 00 45 F7
[17:45:51] 🎹 Y→S (21b): F0 43 00 7E 00 0D 4C 4D 20 20 38 43 39 33 59 00 45 00 00 22 F7
[17:45:51] 💻 S→Y (21b): F0 43 00 7E 00 0D 4C 4D 20 20 38 43 39 33 59 00 45 00 00 22 F7
[17:45:51] 💻 S→Y (16b): F0 43 20 7E 4C 4D 20 20 38 43 39 33 59 00 46 F7
[17:45:51] 🎹 Y→S (21b): F0 43 00 7E 00 0D 4C 4D 20 20 38 43 39 33 59 00 46 00 00 21 F7
[17:45:51] 💻 S→Y (21b): F0 43 00 7E 00 0D 4C 4D 20 20 38 43 39 33 59 00 46 00 00 21 F7
[17:45:51] 💻 S→Y (16b): F0 43 20 7E 4C 4D 20 20 38 43 39 33 59 00 47 F7
[17:45:51] 🎹 Y→S (21b): F0 43 00 7E 00 0D 4C 4D 20 20 38 43 39 33 59 00 47 00 00 20 F7
[17:45:51] 💻 S→Y (21b): F0 43 00 7E 00 0D 4C 4D 20 20 38 43 39 33 59 00 47 00 00 20 F7
[17:45:51] 💻 S→Y (16b): F0 43 20 7E 4C 4D 20 20 38 43 39 33 59 00 48 F7
[17:45:51] 🎹 Y→S (21b): F0 43 00 7E 00 0D 4C 4D 20 20 38 43 39 33 59 00 48 00 00 1F F7
[17:45:51] 💻 S→Y (21b): F0 43 00 7E 00 0D 4C 4D 20 20 38 43 39 33 59 00 48 00 00 1F F7
[17:45:51] 💻 S→Y (16b): F0 43 20 7E 4C 4D 20 20 38 43 39 33 59 00 49 F7
[17:45:51] 🎹 Y→S (21b): F0 43 00 7E 00 0D 4C 4D 20 20 38 43 39 33 59 00 49 00 00 1E F7
[17:45:51] 💻 S→Y (21b): F0 43 00 7E 00 0D 4C 4D 20 20 38 43 39 33 59 00 49 00 00 1E F7
[17:45:51] 💻 S→Y (16b): F0 43 20 7E 4C 4D 20 20 38 43 39 33 59 00 4A F7
[17:45:51] 🎹 Y→S (21b): F0 43 00 7E 00 0D 4C 4D 20 20 38 43 39 33 59 00 4A 00 00 1D F7
[17:45:51] 💻 S→Y (21b): F0 43 00 7E 00 0D 4C 4D 20 20 38 43 39 33 59 00 4A 00 00 1D F7
[17:45:51] 💻 S→Y (16b): F0 43 20 7E 4C 4D 20 20 38 43 39 33 59 00 4B F7
[17:45:51] 🎹 Y→S (21b): F0 43 00 7E 00 0D 4C 4D 20 20 38 43 39 33 59 00 4B 00 00 1C F7
[17:45:51] 💻 S→Y (21b): F0 43 00 7E 00 0D 4C 4D 20 20 38 43 39 33 59 00 4B 00 00 1C F7
[17:45:51] 💻 S→Y (16b): F0 43 20 7E 4C 4D 20 20 38 43 39 33 59 00 4C F7
[17:45:51] 🎹 Y→S (21b): F0 43 00 7E 00 0D 4C 4D 20 20 38 43 39 33 59 00 4C 00 00 1B F7
[17:45:51] 💻 S→Y (21b): F0 43 00 7E 00 0D 4C 4D 20 20 38 43 39 33 59 00 4C 00 00 1B F7
[17:45:51] 💻 S→Y (16b): F0 43 20 7E 4C 4D 20 20 38 43 39 33 59 00 4D F7
[17:45:51] 🎹 Y→S (21b): F0 43 00 7E 00 0D 4C 4D 20 20 38 43 39 33 59 00 4D 00 00 1A F7
[17:45:51] 💻 S→Y (21b): F0 43 00 7E 00 0D 4C 4D 20 20 38 43 39 33 59 00 4D 00 00 1A F7
[17:45:51] 💻 S→Y (16b): F0 43 20 7E 4C 4D 20 20 38 43 39 33 59 00 4E F7
[17:45:51] 🎹 Y→S (21b): F0 43 00 7E 00 0D 4C 4D 20 20 38 43 39 33 59 00 4E 00 00 19 F7
[17:45:51] 💻 S→Y (21b): F0 43 00 7E 00 0D 4C 4D 20 20 38 43 39 33 59 00 4E 00 00 19 F7
[17:45:51] 💻 S→Y (16b): F0 43 20 7E 4C 4D 20 20 38 43 39 33 59 00 4F F7
[17:45:51] 🎹 Y→S (21b): F0 43 00 7E 00 0D 4C 4D 20 20 38 43 39 33 59 00 4F 00 00 18 F7
[17:45:51] 💻 S→Y (21b): F0 43 00 7E 00 0D 4C 4D 20 20 38 43 39 33 59 00 4F 00 00 18 F7
[17:45:51] 💻 S→Y (16b): F0 43 20 7E 4C 4D 20 20 38 43 39 33 59 00 50 F7
[17:45:51] 🎹 Y→S (21b): F0 43 00 7E 00 0D 4C 4D 20 20 38 43 39 33 59 00 50 00 00 17 F7
[17:45:51] 💻 S→Y (21b): F0 43 00 7E 00 0D 4C 4D 20 20 38 43 39 33 59 00 50 00 00 17 F7
[17:45:51] 💻 S→Y (16b): F0 43 20 7E 4C 4D 20 20 38 43 39 33 59 00 51 F7
[17:45:51] 🎹 Y→S (21b): F0 43 00 7E 00 0D 4C 4D 20 20 38 43 39 33 59 00 51 00 00 16 F7
[17:45:51] 💻 S→Y (21b): F0 43 00 7E 00 0D 4C 4D 20 20 38 43 39 33 59 00 51 00 00 16 F7
[17:45:51] 💻 S→Y (16b): F0 43 20 7E 4C 4D 20 20 38 43 39 33 59 00 52 F7
[17:45:51] 🎹 Y→S (21b): F0 43 00 7E 00 0D 4C 4D 20 20 38 43 39 33 59 00 52 00 00 15 F7
[17:45:51] 💻 S→Y (21b): F0 43 00 7E 00 0D 4C 4D 20 20 38 43 39 33 59 00 52 00 00 15 F7
[17:45:51] 💻 S→Y (16b): F0 43 20 7E 4C 4D 20 20 38 43 39 33 59 00 53 F7
[17:45:51] 🎹 Y→S (21b): F0 43 00 7E 00 0D 4C 4D 20 20 38 43 39 33 59 00 53 00 00 14 F7
[17:45:51] 💻 S→Y (21b): F0 43 00 7E 00 0D 4C 4D 20 20 38 43 39 33 59 00 53 00 00 14 F7
[17:45:51] 💻 S→Y (16b): F0 43 20 7E 4C 4D 20 20 38 43 39 33 59 00 54 F7
[17:45:51] 🎹 Y→S (21b): F0 43 00 7E 00 0D 4C 4D 20 20 38 43 39 33 59 00 54 00 00 13 F7
[17:45:51] 💻 S→Y (21b): F0 43 00 7E 00 0D 4C 4D 20 20 38 43 39 33 59 00 54 00 00 13 F7
[17:45:51] 💻 S→Y (16b): F0 43 20 7E 4C 4D 20 20 38 43 39 33 59 00 55 F7
[17:45:51] 🎹 Y→S (21b): F0 43 00 7E 00 0D 4C 4D 20 20 38 43 39 33 59 00 55 00 00 12 F7
[17:45:51] 💻 S→Y (21b): F0 43 00 7E 00 0D 4C 4D 20 20 38 43 39 33 59 00 55 00 00 12 F7
[17:45:51] 💻 S→Y (16b): F0 43 20 7E 4C 4D 20 20 38 43 39 33 59 00 56 F7
[17:45:51] 🎹 Y→S (21b): F0 43 00 7E 00 0D 4C 4D 20 20 38 43 39 33 59 00 56 00 00 11 F7
[17:45:51] 💻 S→Y (21b): F0 43 00 7E 00 0D 4C 4D 20 20 38 43 39 33 59 00 56 00 00 11 F7
[17:45:51] 💻 S→Y (16b): F0 43 20 7E 4C 4D 20 20 38 43 39 33 59 00 57 F7
[17:45:51] 🎹 Y→S (21b): F0 43 00 7E 00 0D 4C 4D 20 20 38 43 39 33 59 00 57 00 00 10 F7
[17:45:51] 💻 S→Y (21b): F0 43 00 7E 00 0D 4C 4D 20 20 38 43 39 33 59 00 57 00 00 10 F7
[17:45:51] 💻 S→Y (16b): F0 43 20 7E 4C 4D 20 20 38 43 39 33 59 00 58 F7
[17:45:51] 🎹 Y→S (21b): F0 43 00 7E 00 0D 4C 4D 20 20 38 43 39 33 59 00 58 00 00 0F F7
[17:45:51] 💻 S→Y (21b): F0 43 00 7E 00 0D 4C 4D 20 20 38 43 39 33 59 00 58 00 00 0F F7
[17:45:51] 💻 S→Y (16b): F0 43 20 7E 4C 4D 20 20 38 43 39 33 59 00 59 F7
[17:45:51] 🎹 Y→S (21b): F0 43 00 7E 00 0D 4C 4D 20 20 38 43 39 33 59 00 59 00 00 0E F7
[17:45:51] 💻 S→Y (21b): F0 43 00 7E 00 0D 4C 4D 20 20 38 43 39 33 59 00 59 00 00 0E F7
[17:45:51] 💻 S→Y (16b): F0 43 20 7E 4C 4D 20 20 38 43 39 33 59 00 5A F7
[17:45:51] 🎹 Y→S (21b): F0 43 00 7E 00 0D 4C 4D 20 20 38 43 39 33 59 00 5A 00 00 0D F7
[17:45:51] 💻 S→Y (21b): F0 43 00 7E 00 0D 4C 4D 20 20 38 43 39 33 59 00 5A 00 00 0D F7
[17:45:51] 💻 S→Y (16b): F0 43 20 7E 4C 4D 20 20 38 43 39 33 59 00 5B F7
[17:45:51] 🎹 Y→S (21b): F0 43 00 7E 00 0D 4C 4D 20 20 38 43 39 33 59 00 5B 00 00 0C F7
[17:45:51] 💻 S→Y (21b): F0 43 00 7E 00 0D 4C 4D 20 20 38 43 39 33 59 00 5B 00 00 0C F7
[17:45:51] 💻 S→Y (16b): F0 43 20 7E 4C 4D 20 20 38 43 39 33 59 00 5C F7
[17:45:51] 🎹 Y→S (21b): F0 43 00 7E 00 0D 4C 4D 20 20 38 43 39 33 59 00 5C 00 00 0B F7
[17:45:51] 💻 S→Y (21b): F0 43 00 7E 00 0D 4C 4D 20 20 38 43 39 33 59 00 5C 00 00 0B F7
[17:45:51] 💻 S→Y (16b): F0 43 20 7E 4C 4D 20 20 38 43 39 33 59 00 5D F7
[17:45:51] 🎹 Y→S (21b): F0 43 00 7E 00 0D 4C 4D 20 20 38 43 39 33 59 00 5D 00 00 0A F7
[17:45:51] 💻 S→Y (21b): F0 43 00 7E 00 0D 4C 4D 20 20 38 43 39 33 59 00 5D 00 00 0A F7
[17:45:51] 💻 S→Y (16b): F0 43 20 7E 4C 4D 20 20 38 43 39 33 59 00 5E F7
[17:45:51] 🎹 Y→S (21b): F0 43 00 7E 00 0D 4C 4D 20 20 38 43 39 33 59 00 5E 00 00 09 F7
[17:45:51] 💻 S→Y (21b): F0 43 00 7E 00 0D 4C 4D 20 20 38 43 39 33 59 00 5E 00 00 09 F7
[17:45:51] 💻 S→Y (16b): F0 43 20 7E 4C 4D 20 20 38 43 39 33 59 00 5F F7
[17:45:51] 🎹 Y→S (21b): F0 43 00 7E 00 0D 4C 4D 20 20 38 43 39 33 59 00 5F 00 00 08 F7
[17:45:51] 💻 S→Y (21b): F0 43 00 7E 00 0D 4C 4D 20 20 38 43 39 33 59 00 5F 00 00 08 F7
[17:45:51] 💻 S→Y (16b): F0 43 20 7E 4C 4D 20 20 38 43 39 33 59 00 60 F7
[17:45:51] 🎹 Y→S (21b): F0 43 00 7E 00 0D 4C 4D 20 20 38 43 39 33 59 00 60 00 00 07 F7
[17:45:51] 💻 S→Y (21b): F0 43 00 7E 00 0D 4C 4D 20 20 38 43 39 33 59 00 60 00 00 07 F7
[17:45:51] 💻 S→Y (16b): F0 43 20 7E 4C 4D 20 20 38 43 39 33 59 00 61 F7
[17:45:51] 🎹 Y→S (21b): F0 43 00 7E 00 0D 4C 4D 20 20 38 43 39 33 59 00 61 00 00 06 F7
[17:45:51] 💻 S→Y (21b): F0 43 00 7E 00 0D 4C 4D 20 20 38 43 39 33 59 00 61 00 00 06 F7
[17:45:51] 💻 S→Y (16b): F0 43 20 7E 4C 4D 20 20 38 43 39 33 59 00 62 F7
[17:45:51] 🎹 Y→S (21b): F0 43 00 7E 00 0D 4C 4D 20 20 38 43 39 33 59 00 62 00 00 05 F7
[17:45:51] 💻 S→Y (21b): F0 43 00 7E 00 0D 4C 4D 20 20 38 43 39 33 59 00 62 00 00 05 F7
[17:45:51] 💻 S→Y (16b): F0 43 20 7E 4C 4D 20 20 38 43 39 33 59 00 63 F7
[17:45:51] 🎹 Y→S (21b): F0 43 00 7E 00 0D 4C 4D 20 20 38 43 39 33 59 00 63 00 00 04 F7
[17:45:51] 💻 S→Y (21b): F0 43 00 7E 00 0D 4C 4D 20 20 38 43 39 33 59 00 63 00 00 04 F7
[17:45:51] 💻 S→Y (16b): F0 43 20 7E 4C 4D 20 20 38 43 39 33 59 00 64 F7
[17:45:51] 🎹 Y→S (21b): F0 43 00 7E 00 0D 4C 4D 20 20 38 43 39 33 59 00 64 00 00 03 F7
[17:45:51] 💻 S→Y (21b): F0 43 00 7E 00 0D 4C 4D 20 20 38 43 39 33 59 00 64 00 00 03 F7
[17:45:51] 💻 S→Y (16b): F0 43 20 7E 4C 4D 20 20 38 43 39 33 59 00 65 F7
[17:45:51] 🎹 Y→S (21b): F0 43 00 7E 00 0D 4C 4D 20 20 38 43 39 33 59 00 65 00 00 02 F7
[17:45:51] 💻 S→Y (21b): F0 43 00 7E 00 0D 4C 4D 20 20 38 43 39 33 59 00 65 00 00 02 F7
[17:45:51] 💻 S→Y (16b): F0 43 20 7E 4C 4D 20 20 38 43 39 33 59 00 66 F7
[17:45:51] 🎹 Y→S (21b): F0 43 00 7E 00 0D 4C 4D 20 20 38 43 39 33 59 00 66 00 00 01 F7
[17:45:51] 💻 S→Y (21b): F0 43 00 7E 00 0D 4C 4D 20 20 38 43 39 33 59 00 66 00 00 01 F7
[17:45:51] 💻 S→Y (16b): F0 43 20 7E 4C 4D 20 20 38 43 39 33 59 00 67 F7
[17:45:51] 🎹 Y→S (21b): F0 43 00 7E 00 0D 4C 4D 20 20 38 43 39 33 59 00 67 00 00 00 F7
[17:45:51] 💻 S→Y (21b): F0 43 00 7E 00 0D 4C 4D 20 20 38 43 39 33 59 00 67 00 00 00 F7
[17:45:51] 💻 S→Y (16b): F0 43 20 7E 4C 4D 20 20 38 43 39 33 59 00 68 F7
[17:45:51] 🎹 Y→S (21b): F0 43 00 7E 00 0D 4C 4D 20 20 38 43 39 33 59 00 68 00 00 7F F7
[17:45:51] 💻 S→Y (21b): F0 43 00 7E 00 0D 4C 4D 20 20 38 43 39 33 59 00 68 00 00 7F F7
[17:45:51] 💻 S→Y (16b): F0 43 20 7E 4C 4D 20 20 38 43 39 33 59 00 69 F7
[17:45:51] 🎹 Y→S (21b): F0 43 00 7E 00 0D 4C 4D 20 20 38 43 39 33 59 00 69 00 00 7E F7
[17:45:51] 💻 S→Y (21b): F0 43 00 7E 00 0D 4C 4D 20 20 38 43 39 33 59 00 69 00 00 7E F7
[17:45:51] 💻 S→Y (16b): F0 43 20 7E 4C 4D 20 20 38 43 39 33 59 00 6A F7
[17:45:51] 🎹 Y→S (21b): F0 43 00 7E 00 0D 4C 4D 20 20 38 43 39 33 59 00 6A 00 00 7D F7
[17:45:51] 💻 S→Y (21b): F0 43 00 7E 00 0D 4C 4D 20 20 38 43 39 33 59 00 6A 00 00 7D F7
[17:45:51] 💻 S→Y (16b): F0 43 20 7E 4C 4D 20 20 38 43 39 33 59 00 6B F7
[17:45:51] 🎹 Y→S (21b): F0 43 00 7E 00 0D 4C 4D 20 20 38 43 39 33 59 00 6B 00 00 7C F7
[17:45:51] 💻 S→Y (21b): F0 43 00 7E 00 0D 4C 4D 20 20 38 43 39 33 59 00 6B 00 00 7C F7
[17:45:51] 💻 S→Y (16b): F0 43 20 7E 4C 4D 20 20 38 43 39 33 59 00 6C F7
[17:45:51] 🎹 Y→S (21b): F0 43 00 7E 00 0D 4C 4D 20 20 38 43 39 33 59 00 6C 00 00 7B F7
[17:45:51] 💻 S→Y (21b): F0 43 00 7E 00 0D 4C 4D 20 20 38 43 39 33 59 00 6C 00 00 7B F7
[17:45:51] 💻 S→Y (16b): F0 43 20 7E 4C 4D 20 20 38 43 39 33 59 00 6D F7
[17:45:51] 🎹 Y→S (21b): F0 43 00 7E 00 0D 4C 4D 20 20 38 43 39 33 59 00 6D 00 00 7A F7
[17:45:51] 💻 S→Y (21b): F0 43 00 7E 00 0D 4C 4D 20 20 38 43 39 33 59 00 6D 00 00 7A F7
[17:45:51] 💻 S→Y (16b): F0 43 20 7E 4C 4D 20 20 38 43 39 33 59 00 6E F7
[17:45:51] 🎹 Y→S (21b): F0 43 00 7E 00 0D 4C 4D 20 20 38 43 39 33 59 00 6E 00 00 79 F7
[17:45:51] 💻 S→Y (21b): F0 43 00 7E 00 0D 4C 4D 20 20 38 43 39 33 59 00 6E 00 00 79 F7
[17:45:51] 💻 S→Y (16b): F0 43 20 7E 4C 4D 20 20 38 43 39 33 59 00 6F F7
[17:45:51] 🎹 Y→S (21b): F0 43 00 7E 00 0D 4C 4D 20 20 38 43 39 33 59 00 6F 00 00 78 F7
[17:45:51] 💻 S→Y (21b): F0 43 00 7E 00 0D 4C 4D 20 20 38 43 39 33 59 00 6F 00 00 78 F7
[17:45:51] 💻 S→Y (16b): F0 43 20 7E 4C 4D 20 20 38 43 39 33 59 00 70 F7
[17:45:51] 🎹 Y→S (21b): F0 43 00 7E 00 0D 4C 4D 20 20 38 43 39 33 59 00 70 00 00 77 F7
[17:45:51] 💻 S→Y (21b): F0 43 00 7E 00 0D 4C 4D 20 20 38 43 39 33 59 00 70 00 00 77 F7
[17:45:51] 💻 S→Y (16b): F0 43 20 7E 4C 4D 20 20 38 43 39 33 59 00 71 F7
[17:45:51] 🎹 Y→S (21b): F0 43 00 7E 00 0D 4C 4D 20 20 38 43 39 33 59 00 71 00 00 76 F7
[17:45:51] 💻 S→Y (21b): F0 43 00 7E 00 0D 4C 4D 20 20 38 43 39 33 59 00 71 00 00 76 F7
[17:45:51] 💻 S→Y (16b): F0 43 20 7E 4C 4D 20 20 38 43 39 33 59 00 72 F7
[17:45:51] 🎹 Y→S (21b): F0 43 00 7E 00 0D 4C 4D 20 20 38 43 39 33 59 00 72 00 00 75 F7
[17:45:51] 💻 S→Y (21b): F0 43 00 7E 00 0D 4C 4D 20 20 38 43 39 33 59 00 72 00 00 75 F7
[17:45:51] 💻 S→Y (16b): F0 43 20 7E 4C 4D 20 20 38 43 39 33 59 00 73 F7
[17:45:51] 🎹 Y→S (21b): F0 43 00 7E 00 0D 4C 4D 20 20 38 43 39 33 59 00 73 00 00 74 F7
[17:45:51] 💻 S→Y (21b): F0 43 00 7E 00 0D 4C 4D 20 20 38 43 39 33 59 00 73 00 00 74 F7
[17:45:51] 💻 S→Y (16b): F0 43 20 7E 4C 4D 20 20 38 43 39 33 59 00 74 F7
[17:45:51] 🎹 Y→S (21b): F0 43 00 7E 00 0D 4C 4D 20 20 38 43 39 33 59 00 74 00 00 73 F7
[17:45:51] 💻 S→Y (21b): F0 43 00 7E 00 0D 4C 4D 20 20 38 43 39 33 59 00 74 00 00 73 F7
[17:45:51] 💻 S→Y (16b): F0 43 20 7E 4C 4D 20 20 38 43 39 33 59 00 75 F7
[17:45:51] 🎹 Y→S (21b): F0 43 00 7E 00 0D 4C 4D 20 20 38 43 39 33 59 00 75 00 00 72 F7
[17:45:51] 💻 S→Y (21b): F0 43 00 7E 00 0D 4C 4D 20 20 38 43 39 33 59 00 75 00 00 72 F7
[17:45:51] 💻 S→Y (16b): F0 43 20 7E 4C 4D 20 20 38 43 39 33 59 00 76 F7
[17:45:51] 🎹 Y→S (21b): F0 43 00 7E 00 0D 4C 4D 20 20 38 43 39 33 59 00 76 00 00 71 F7
[17:45:51] 💻 S→Y (21b): F0 43 00 7E 00 0D 4C 4D 20 20 38 43 39 33 59 00 76 00 00 71 F7
[17:45:51] 💻 S→Y (16b): F0 43 20 7E 4C 4D 20 20 38 43 39 33 59 00 77 F7
[17:45:51] 🎹 Y→S (21b): F0 43 00 7E 00 0D 4C 4D 20 20 38 43 39 33 59 00 77 00 00 70 F7
[17:45:51] 💻 S→Y (21b): F0 43 00 7E 00 0D 4C 4D 20 20 38 43 39 33 59 00 77 00 00 70 F7
[17:45:51] 💻 S→Y (16b): F0 43 20 7E 4C 4D 20 20 38 43 39 33 59 00 78 F7
[17:45:51] 🎹 Y→S (21b): F0 43 00 7E 00 0D 4C 4D 20 20 38 43 39 33 59 00 78 00 00 6F F7
[17:45:51] 💻 S→Y (21b): F0 43 00 7E 00 0D 4C 4D 20 20 38 43 39 33 59 00 78 00 00 6F F7
[17:45:51] 💻 S→Y (16b): F0 43 20 7E 4C 4D 20 20 38 43 39 33 59 00 79 F7
[17:45:51] 🎹 Y→S (21b): F0 43 00 7E 00 0D 4C 4D 20 20 38 43 39 33 59 00 79 00 00 6E F7
[17:45:51] 💻 S→Y (21b): F0 43 00 7E 00 0D 4C 4D 20 20 38 43 39 33 59 00 79 00 00 6E F7
[17:45:51] 💻 S→Y (16b): F0 43 20 7E 4C 4D 20 20 38 43 39 33 59 00 7A F7
[17:45:51] 🎹 Y→S (21b): F0 43 00 7E 00 0D 4C 4D 20 20 38 43 39 33 59 00 7A 00 00 6D F7
[17:45:51] 💻 S→Y (21b): F0 43 00 7E 00 0D 4C 4D 20 20 38 43 39 33 59 00 7A 00 00 6D F7
[17:45:51] 💻 S→Y (16b): F0 43 20 7E 4C 4D 20 20 38 43 39 33 59 00 7B F7
[17:45:51] 🎹 Y→S (21b): F0 43 00 7E 00 0D 4C 4D 20 20 38 43 39 33 59 00 7B 00 00 6C F7
[17:45:51] 💻 S→Y (21b): F0 43 00 7E 00 0D 4C 4D 20 20 38 43 39 33 59 00 7B 00 00 6C F7
[17:45:51] 💻 S→Y (16b): F0 43 20 7E 4C 4D 20 20 38 43 39 33 59 00 7C F7
[17:45:51] 🎹 Y→S (21b): F0 43 00 7E 00 0D 4C 4D 20 20 38 43 39 33 59 00 7C 00 00 6B F7
[17:45:51] 💻 S→Y (21b): F0 43 00 7E 00 0D 4C 4D 20 20 38 43 39 33 59 00 7C 00 00 6B F7
[17:45:51] 💻 S→Y (16b): F0 43 20 7E 4C 4D 20 20 38 43 39 33 59 00 7D F7
[17:45:51] 🎹 Y→S (21b): F0 43 00 7E 00 0D 4C 4D 20 20 38 43 39 33 59 00 7D 00 00 6A F7
[17:45:51] 💻 S→Y (21b): F0 43 00 7E 00 0D 4C 4D 20 20 38 43 39 33 59 00 7D 00 00 6A F7
[17:45:51] 💻 S→Y (16b): F0 43 20 7E 4C 4D 20 20 38 43 39 33 59 00 7E F7
[17:45:51] 🎹 Y→S (21b): F0 43 00 7E 00 0D 4C 4D 20 20 38 43 39 33 59 00 7E 00 00 69 F7
[17:45:51] 💻 S→Y (21b): F0 43 00 7E 00 0D 4C 4D 20 20 38 43 39 33 59 00 7E 00 00 69 F7
[17:45:51] 💻 S→Y (16b): F0 43 20 7E 4C 4D 20 20 38 43 39 33 59 00 7F F7
[17:45:51] 🎹 Y→S (21b): F0 43 00 7E 00 0D 4C 4D 20 20 38 43 39 33 59 00 7F 00 00 68 F7
[17:45:51] 💻 S→Y (21b): F0 43 00 7E 00 0D 4C 4D 20 20 38 43 39 33 59 00 7F 00 00 68 F7
[17:45:51] 💻 S→Y (16b): F0 43 20 7E 4C 4D 20 20 38 43 39 33 48 00 02 F7
[17:45:51] 🎹 Y→S (21b): F0 43 00 7E 00 0D 4C 4D 20 20 38 43 39 33 48 00 02 00 00 76 F7
[17:45:51] 💻 S→Y (21b): F0 43 00 7E 00 0D 4C 4D 20 20 38 43 39 33 48 00 02 00 00 76 F7
[17:45:51] 💻 S→Y (16b): F0 43 20 7E 4C 4D 20 20 38 43 39 33 48 00 03 F7
[17:45:51] 🎹 Y→S (21b): F0 43 00 7E 00 0D 4C 4D 20 20 38 43 39 33 48 00 03 00 00 75 F7
[17:45:51] 💻 S→Y (21b): F0 43 00 7E 00 0D 4C 4D 20 20 38 43 39 33 48 00 03 00 00 75 F7
[17:45:51] 💻 S→Y (16b): F0 43 20 7E 4C 4D 20 20 38 43 39 33 48 00 04 F7
[17:45:51] 🎹 Y→S (21b): F0 43 00 7E 00 0D 4C 4D 20 20 38 43 39 33 48 00 04 00 00 74 F7
[17:45:51] 💻 S→Y (21b): F0 43 00 7E 00 0D 4C 4D 20 20 38 43 39 33 48 00 04 00 00 74 F7
[17:45:51] 💻 S→Y (16b): F0 43 20 7E 4C 4D 20 20 38 43 39 33 48 00 05 F7
[17:45:51] 🎹 Y→S (21b): F0 43 00 7E 00 0D 4C 4D 20 20 38 43 39 33 48 00 05 00 00 73 F7
[17:45:51] 💻 S→Y (21b): F0 43 00 7E 00 0D 4C 4D 20 20 38 43 39 33 48 00 05 00 00 73 F7
[17:45:51] 💻 S→Y (16b): F0 43 20 7E 4C 4D 20 20 38 43 39 33 48 00 06 F7
[17:45:51] 🎹 Y→S (21b): F0 43 00 7E 00 0D 4C 4D 20 20 38 43 39 33 48 00 06 00 00 72 F7
[17:45:51] 💻 S→Y (21b): F0 43 00 7E 00 0D 4C 4D 20 20 38 43 39 33 48 00 06 00 00 72 F7
[17:45:51] 💻 S→Y (16b): F0 43 20 7E 4C 4D 20 20 38 43 39 33 48 00 07 F7
[17:45:51] 🎹 Y→S (21b): F0 43 00 7E 00 0D 4C 4D 20 20 38 43 39 33 48 00 07 00 00 71 F7
[17:45:51] 💻 S→Y (21b): F0 43 00 7E 00 0D 4C 4D 20 20 38 43 39 33 48 00 07 00 00 71 F7
[17:45:51] 💻 S→Y (16b): F0 43 20 7E 4C 4D 20 20 38 43 39 33 48 00 08 F7
[17:45:51] 🎹 Y→S (21b): F0 43 00 7E 00 0D 4C 4D 20 20 38 43 39 33 48 00 08 00 00 70 F7
[17:45:51] 💻 S→Y (21b): F0 43 00 7E 00 0D 4C 4D 20 20 38 43 39 33 48 00 08 00 00 70 F7
[17:45:51] 💻 S→Y (16b): F0 43 20 7E 4C 4D 20 20 38 43 39 33 48 00 09 F7
[17:45:51] 🎹 Y→S (21b): F0 43 00 7E 00 0D 4C 4D 20 20 38 43 39 33 48 00 09 00 00 6F F7
[17:45:51] 💻 S→Y (21b): F0 43 00 7E 00 0D 4C 4D 20 20 38 43 39 33 48 00 09 00 00 6F F7
[17:45:51] 💻 S→Y (16b): F0 43 20 7E 4C 4D 20 20 38 43 39 33 48 00 0A F7
[17:45:51] 🎹 Y→S (21b): F0 43 00 7E 00 0D 4C 4D 20 20 38 43 39 33 48 00 0A 00 00 6E F7
[17:45:51] 💻 S→Y (21b): F0 43 00 7E 00 0D 4C 4D 20 20 38 43 39 33 48 00 0A 00 00 6E F7
[17:45:51] 💻 S→Y (16b): F0 43 20 7E 4C 4D 20 20 38 43 39 33 48 00 0B F7
[17:45:51] 🎹 Y→S (21b): F0 43 00 7E 00 0D 4C 4D 20 20 38 43 39 33 48 00 0B 00 00 6D F7
[17:45:51] 💻 S→Y (21b): F0 43 00 7E 00 0D 4C 4D 20 20 38 43 39 33 48 00 0B 00 00 6D F7
[17:45:51] 💻 S→Y (16b): F0 43 20 7E 4C 4D 20 20 38 43 39 33 48 00 0C F7
[17:45:51] 🎹 Y→S (21b): F0 43 00 7E 00 0D 4C 4D 20 20 38 43 39 33 48 00 0C 00 00 6C F7
[17:45:51] 💻 S→Y (21b): F0 43 00 7E 00 0D 4C 4D 20 20 38 43 39 33 48 00 0C 00 00 6C F7
[17:45:51] 💻 S→Y (16b): F0 43 20 7E 4C 4D 20 20 38 43 39 33 48 00 0D F7
[17:45:51] 🎹 Y→S (21b): F0 43 00 7E 00 0D 4C 4D 20 20 38 43 39 33 48 00 0D 00 00 6B F7
[17:45:51] 💻 S→Y (21b): F0 43 00 7E 00 0D 4C 4D 20 20 38 43 39 33 48 00 0D 00 00 6B F7
[17:45:51] 💻 S→Y (16b): F0 43 20 7E 4C 4D 20 20 38 43 39 33 48 00 0E F7
[17:45:51] 🎹 Y→S (21b): F0 43 00 7E 00 0D 4C 4D 20 20 38 43 39 33 48 00 0E 00 00 6A F7
[17:45:51] 💻 S→Y (21b): F0 43 00 7E 00 0D 4C 4D 20 20 38 43 39 33 48 00 0E 00 00 6A F7
[17:45:51] 💻 S→Y (16b): F0 43 20 7E 4C 4D 20 20 38 43 39 33 48 00 0F F7
[17:45:51] 🎹 Y→S (21b): F0 43 00 7E 00 0D 4C 4D 20 20 38 43 39 33 48 00 0F 00 00 69 F7
[17:45:51] 💻 S→Y (21b): F0 43 00 7E 00 0D 4C 4D 20 20 38 43 39 33 48 00 0F 00 00 69 F7
[17:45:51] 💻 S→Y (16b): F0 43 20 7E 4C 4D 20 20 38 43 39 33 48 00 10 F7
[17:45:51] 🎹 Y→S (21b): F0 43 00 7E 00 0D 4C 4D 20 20 38 43 39 33 48 00 10 00 00 68 F7
[17:45:51] 💻 S→Y (21b): F0 43 00 7E 00 0D 4C 4D 20 20 38 43 39 33 48 00 10 00 00 68 F7
[17:45:51] 💻 S→Y (16b): F0 43 20 7E 4C 4D 20 20 38 43 39 33 48 00 11 F7
[17:45:51] 🎹 Y→S (21b): F0 43 00 7E 00 0D 4C 4D 20 20 38 43 39 33 48 00 11 00 00 67 F7
[17:45:51] 💻 S→Y (21b): F0 43 00 7E 00 0D 4C 4D 20 20 38 43 39 33 48 00 11 00 00 67 F7
[17:45:51] 💻 S→Y (16b): F0 43 20 7E 4C 4D 20 20 38 43 39 33 48 00 12 F7
[17:45:51] 🎹 Y→S (21b): F0 43 00 7E 00 0D 4C 4D 20 20 38 43 39 33 48 00 12 00 00 66 F7
[17:45:51] 💻 S→Y (21b): F0 43 00 7E 00 0D 4C 4D 20 20 38 43 39 33 48 00 12 00 00 66 F7
[17:45:51] 💻 S→Y (16b): F0 43 20 7E 4C 4D 20 20 38 43 39 33 48 00 13 F7
[17:45:51] 🎹 Y→S (21b): F0 43 00 7E 00 0D 4C 4D 20 20 38 43 39 33 48 00 13 00 00 65 F7
[17:45:51] 💻 S→Y (21b): F0 43 00 7E 00 0D 4C 4D 20 20 38 43 39 33 48 00 13 00 00 65 F7
[17:45:51] 💻 S→Y (16b): F0 43 20 7E 4C 4D 20 20 38 43 39 33 48 00 14 F7
[17:45:51] 🎹 Y→S (21b): F0 43 00 7E 00 0D 4C 4D 20 20 38 43 39 33 48 00 14 00 00 64 F7
[17:45:51] 💻 S→Y (21b): F0 43 00 7E 00 0D 4C 4D 20 20 38 43 39 33 48 00 14 00 00 64 F7
[17:45:51] 💻 S→Y (16b): F0 43 20 7E 4C 4D 20 20 38 43 39 33 48 00 15 F7
[17:45:51] 🎹 Y→S (21b): F0 43 00 7E 00 0D 4C 4D 20 20 38 43 39 33 48 00 15 00 00 63 F7
[17:45:51] 💻 S→Y (21b): F0 43 00 7E 00 0D 4C 4D 20 20 38 43 39 33 48 00 15 00 00 63 F7
[17:45:51] 💻 S→Y (16b): F0 43 20 7E 4C 4D 20 20 38 43 39 33 48 00 16 F7
[17:45:51] 🎹 Y→S (21b): F0 43 00 7E 00 0D 4C 4D 20 20 38 43 39 33 48 00 16 00 00 62 F7
[17:45:51] 💻 S→Y (21b): F0 43 00 7E 00 0D 4C 4D 20 20 38 43 39 33 48 00 16 00 00 62 F7
[17:45:51] 💻 S→Y (16b): F0 43 20 7E 4C 4D 20 20 38 43 39 33 48 00 17 F7
[17:45:51] 🎹 Y→S (21b): F0 43 00 7E 00 0D 4C 4D 20 20 38 43 39 33 48 00 17 00 00 61 F7
[17:45:51] 💻 S→Y (21b): F0 43 00 7E 00 0D 4C 4D 20 20 38 43 39 33 48 00 17 00 00 61 F7
[17:45:51] 💻 S→Y (16b): F0 43 20 7E 4C 4D 20 20 38 43 39 33 48 00 18 F7
[17:45:51] 🎹 Y→S (21b): F0 43 00 7E 00 0D 4C 4D 20 20 38 43 39 33 48 00 18 00 00 60 F7
[17:45:51] 💻 S→Y (21b): F0 43 00 7E 00 0D 4C 4D 20 20 38 43 39 33 48 00 18 00 00 60 F7
[17:45:51] 💻 S→Y (16b): F0 43 20 7E 4C 4D 20 20 38 43 39 33 48 00 19 F7
[17:45:51] 🎹 Y→S (21b): F0 43 00 7E 00 0D 4C 4D 20 20 38 43 39 33 48 00 19 00 00 5F F7
[17:45:51] 💻 S→Y (21b): F0 43 00 7E 00 0D 4C 4D 20 20 38 43 39 33 48 00 19 00 00 5F F7
[17:45:51] 💻 S→Y (16b): F0 43 20 7E 4C 4D 20 20 38 43 39 33 48 00 1A F7
[17:45:51] 🎹 Y→S (21b): F0 43 00 7E 00 0D 4C 4D 20 20 38 43 39 33 48 00 1A 00 00 5E F7
[17:45:51] 💻 S→Y (21b): F0 43 00 7E 00 0D 4C 4D 20 20 38 43 39 33 48 00 1A 00 00 5E F7
[17:45:51] 💻 S→Y (16b): F0 43 20 7E 4C 4D 20 20 38 43 39 33 48 00 1B F7
[17:45:51] 🎹 Y→S (21b): F0 43 00 7E 00 0D 4C 4D 20 20 38 43 39 33 48 00 1B 00 00 5D F7
[17:45:51] 💻 S→Y (21b): F0 43 00 7E 00 0D 4C 4D 20 20 38 43 39 33 48 00 1B 00 00 5D F7
[17:45:51] 💻 S→Y (16b): F0 43 20 7E 4C 4D 20 20 38 43 39 33 48 00 1C F7
[17:45:51] 🎹 Y→S (21b): F0 43 00 7E 00 0D 4C 4D 20 20 38 43 39 33 48 00 1C 00 00 5C F7
[17:45:51] 💻 S→Y (21b): F0 43 00 7E 00 0D 4C 4D 20 20 38 43 39 33 48 00 1C 00 00 5C F7
[17:45:51] 💻 S→Y (16b): F0 43 20 7E 4C 4D 20 20 38 43 39 33 48 00 1D F7
[17:45:51] 🎹 Y→S (21b): F0 43 00 7E 00 0D 4C 4D 20 20 38 43 39 33 48 00 1D 00 00 5B F7
[17:45:51] 💻 S→Y (21b): F0 43 00 7E 00 0D 4C 4D 20 20 38 43 39 33 48 00 1D 00 00 5B F7
[17:45:51] 💻 S→Y (16b): F0 43 20 7E 4C 4D 20 20 38 43 39 33 48 00 1E F7
[17:45:51] 🎹 Y→S (21b): F0 43 00 7E 00 0D 4C 4D 20 20 38 43 39 33 48 00 1E 00 00 5A F7
[17:45:51] 💻 S→Y (21b): F0 43 00 7E 00 0D 4C 4D 20 20 38 43 39 33 48 00 1E 00 00 5A F7
[17:45:51] 💻 S→Y (16b): F0 43 20 7E 4C 4D 20 20 38 43 39 33 48 00 1F F7
[17:45:51] 🎹 Y→S (21b): F0 43 00 7E 00 0D 4C 4D 20 20 38 43 39 33 48 00 1F 00 00 59 F7
[17:45:51] 💻 S→Y (21b): F0 43 00 7E 00 0D 4C 4D 20 20 38 43 39 33 48 00 1F 00 00 59 F7
[17:45:51] 💻 S→Y (16b): F0 43 20 7E 4C 4D 20 20 38 43 39 33 48 00 20 F7
[17:45:51] 🎹 Y→S (21b): F0 43 00 7E 00 0D 4C 4D 20 20 38 43 39 33 48 00 20 00 00 58 F7
[17:45:51] 💻 S→Y (21b): F0 43 00 7E 00 0D 4C 4D 20 20 38 43 39 33 48 00 20 00 00 58 F7
[17:45:51] 💻 S→Y (16b): F0 43 20 7E 4C 4D 20 20 38 43 39 33 48 00 21 F7
[17:45:51] 🎹 Y→S (21b): F0 43 00 7E 00 0D 4C 4D 20 20 38 43 39 33 48 00 21 00 00 57 F7
[17:45:51] 💻 S→Y (21b): F0 43 00 7E 00 0D 4C 4D 20 20 38 43 39 33 48 00 21 00 00 57 F7
[17:45:51] 💻 S→Y (16b): F0 43 20 7E 4C 4D 20 20 38 43 39 33 48 00 22 F7
[17:45:51] 🎹 Y→S (21b): F0 43 00 7E 00 0D 4C 4D 20 20 38 43 39 33 48 00 22 00 00 56 F7
[17:45:51] 💻 S→Y (21b): F0 43 00 7E 00 0D 4C 4D 20 20 38 43 39 33 48 00 22 00 00 56 F7
[17:45:51] 💻 S→Y (16b): F0 43 20 7E 4C 4D 20 20 38 43 39 33 48 00 23 F7
[17:45:51] 🎹 Y→S (21b): F0 43 00 7E 00 0D 4C 4D 20 20 38 43 39 33 48 00 23 00 00 55 F7
[17:45:51] 💻 S→Y (21b): F0 43 00 7E 00 0D 4C 4D 20 20 38 43 39 33 48 00 23 00 00 55 F7
[17:45:51] 💻 S→Y (16b): F0 43 20 7E 4C 4D 20 20 38 43 39 33 48 00 24 F7
[17:45:51] 🎹 Y→S (21b): F0 43 00 7E 00 0D 4C 4D 20 20 38 43 39 33 48 00 24 00 00 54 F7
[17:45:51] 💻 S→Y (21b): F0 43 00 7E 00 0D 4C 4D 20 20 38 43 39 33 48 00 24 00 00 54 F7
[17:45:51] 💻 S→Y (16b): F0 43 20 7E 4C 4D 20 20 38 43 39 33 48 00 25 F7
[17:45:51] 🎹 Y→S (21b): F0 43 00 7E 00 0D 4C 4D 20 20 38 43 39 33 48 00 25 00 00 53 F7
[17:45:51] 💻 S→Y (21b): F0 43 00 7E 00 0D 4C 4D 20 20 38 43 39 33 48 00 25 00 00 53 F7
[17:45:51] 💻 S→Y (16b): F0 43 20 7E 4C 4D 20 20 38 43 39 33 48 00 26 F7
[17:45:51] 🎹 Y→S (21b): F0 43 00 7E 00 0D 4C 4D 20 20 38 43 39 33 48 00 26 00 00 52 F7
[17:45:51] 💻 S→Y (21b): F0 43 00 7E 00 0D 4C 4D 20 20 38 43 39 33 48 00 26 00 00 52 F7
[17:45:51] 💻 S→Y (16b): F0 43 20 7E 4C 4D 20 20 38 43 39 33 48 00 27 F7
[17:45:51] 🎹 Y→S (21b): F0 43 00 7E 00 0D 4C 4D 20 20 38 43 39 33 48 00 27 00 00 51 F7
[17:45:51] 💻 S→Y (21b): F0 43 00 7E 00 0D 4C 4D 20 20 38 43 39 33 48 00 27 00 00 51 F7
[17:45:51] 💻 S→Y (16b): F0 43 20 7E 4C 4D 20 20 38 43 39 33 48 00 28 F7
[17:45:51] 🎹 Y→S (21b): F0 43 00 7E 00 0D 4C 4D 20 20 38 43 39 33 48 00 28 00 00 50 F7
[17:45:51] 💻 S→Y (21b): F0 43 00 7E 00 0D 4C 4D 20 20 38 43 39 33 48 00 28 00 00 50 F7
[17:45:51] 💻 S→Y (16b): F0 43 20 7E 4C 4D 20 20 38 43 39 33 48 00 29 F7
[17:45:51] 🎹 Y→S (21b): F0 43 00 7E 00 0D 4C 4D 20 20 38 43 39 33 48 00 29 00 00 4F F7
[17:45:51] 💻 S→Y (21b): F0 43 00 7E 00 0D 4C 4D 20 20 38 43 39 33 48 00 29 00 00 4F F7
[17:45:51] 💻 S→Y (16b): F0 43 20 7E 4C 4D 20 20 38 43 39 33 48 00 2A F7
[17:45:51] 🎹 Y→S (21b): F0 43 00 7E 00 0D 4C 4D 20 20 38 43 39 33 48 00 2A 00 00 4E F7
[17:45:51] 💻 S→Y (21b): F0 43 00 7E 00 0D 4C 4D 20 20 38 43 39 33 48 00 2A 00 00 4E F7
[17:45:51] 💻 S→Y (16b): F0 43 20 7E 4C 4D 20 20 38 43 39 33 48 00 2B F7
[17:45:51] 🎹 Y→S (21b): F0 43 00 7E 00 0D 4C 4D 20 20 38 43 39 33 48 00 2B 00 00 4D F7
[17:45:51] 💻 S→Y (21b): F0 43 00 7E 00 0D 4C 4D 20 20 38 43 39 33 48 00 2B 00 00 4D F7
[17:45:51] 💻 S→Y (16b): F0 43 20 7E 4C 4D 20 20 38 43 39 33 48 00 2C F7
[17:45:51] 🎹 Y→S (21b): F0 43 00 7E 00 0D 4C 4D 20 20 38 43 39 33 48 00 2C 00 00 4C F7
[17:45:51] 💻 S→Y (21b): F0 43 00 7E 00 0D 4C 4D 20 20 38 43 39 33 48 00 2C 00 00 4C F7
[17:45:51] 💻 S→Y (16b): F0 43 20 7E 4C 4D 20 20 38 43 39 33 48 00 2D F7
[17:45:52] 🎹 Y→S (21b): F0 43 00 7E 00 0D 4C 4D 20 20 38 43 39 33 48 00 2D 00 00 4B F7
[17:45:52] 💻 S→Y (21b): F0 43 00 7E 00 0D 4C 4D 20 20 38 43 39 33 48 00 2D 00 00 4B F7
[17:45:52] 💻 S→Y (16b): F0 43 20 7E 4C 4D 20 20 38 43 39 33 48 00 2E F7
[17:45:52] 🎹 Y→S (21b): F0 43 00 7E 00 0D 4C 4D 20 20 38 43 39 33 48 00 2E 00 00 4A F7
[17:45:52] 💻 S→Y (21b): F0 43 00 7E 00 0D 4C 4D 20 20 38 43 39 33 48 00 2E 00 00 4A F7
[17:45:52] 💻 S→Y (16b): F0 43 20 7E 4C 4D 20 20 38 43 39 33 48 00 2F F7
[17:45:52] 🎹 Y→S (21b): F0 43 00 7E 00 0D 4C 4D 20 20 38 43 39 33 48 00 2F 00 00 49 F7
[17:45:52] 💻 S→Y (21b): F0 43 00 7E 00 0D 4C 4D 20 20 38 43 39 33 48 00 2F 00 00 49 F7
[17:45:52] 💻 S→Y (16b): F0 43 20 7E 4C 4D 20 20 38 43 39 33 48 00 30 F7
[17:45:52] 🎹 Y→S (21b): F0 43 00 7E 00 0D 4C 4D 20 20 38 43 39 33 48 00 30 00 00 48 F7
[17:45:52] 💻 S→Y (21b): F0 43 00 7E 00 0D 4C 4D 20 20 38 43 39 33 48 00 30 00 00 48 F7
[17:45:52] 💻 S→Y (16b): F0 43 20 7E 4C 4D 20 20 38 43 39 33 48 00 31 F7
[17:45:52] 🎹 Y→S (21b): F0 43 00 7E 00 0D 4C 4D 20 20 38 43 39 33 48 00 31 00 00 47 F7
[17:45:52] 💻 S→Y (21b): F0 43 00 7E 00 0D 4C 4D 20 20 38 43 39 33 48 00 31 00 00 47 F7
[17:45:52] 💻 S→Y (16b): F0 43 20 7E 4C 4D 20 20 38 43 39 33 48 00 32 F7
[17:45:52] 🎹 Y→S (21b): F0 43 00 7E 00 0D 4C 4D 20 20 38 43 39 33 48 00 32 00 00 46 F7
[17:45:52] 💻 S→Y (21b): F0 43 00 7E 00 0D 4C 4D 20 20 38 43 39 33 48 00 32 00 00 46 F7
[17:45:52] 💻 S→Y (16b): F0 43 20 7E 4C 4D 20 20 38 43 39 33 48 00 33 F7
[17:45:52] 🎹 Y→S (21b): F0 43 00 7E 00 0D 4C 4D 20 20 38 43 39 33 48 00 33 00 00 45 F7
[17:45:52] 💻 S→Y (21b): F0 43 00 7E 00 0D 4C 4D 20 20 38 43 39 33 48 00 33 00 00 45 F7
[17:45:52] 💻 S→Y (16b): F0 43 20 7E 4C 4D 20 20 38 43 39 33 48 00 34 F7
[17:45:52] 🎹 Y→S (21b): F0 43 00 7E 00 0D 4C 4D 20 20 38 43 39 33 48 00 34 00 00 44 F7
[17:45:52] 💻 S→Y (21b): F0 43 00 7E 00 0D 4C 4D 20 20 38 43 39 33 48 00 34 00 00 44 F7
[17:45:52] 💻 S→Y (16b): F0 43 20 7E 4C 4D 20 20 38 43 39 33 48 00 35 F7
[17:45:52] 🎹 Y→S (21b): F0 43 00 7E 00 0D 4C 4D 20 20 38 43 39 33 48 00 35 00 00 43 F7
[17:45:52] 💻 S→Y (21b): F0 43 00 7E 00 0D 4C 4D 20 20 38 43 39 33 48 00 35 00 00 43 F7
[17:45:52] 💻 S→Y (16b): F0 43 20 7E 4C 4D 20 20 38 43 39 33 48 00 36 F7
[17:45:52] 🎹 Y→S (21b): F0 43 00 7E 00 0D 4C 4D 20 20 38 43 39 33 48 00 36 00 00 42 F7
[17:45:52] 💻 S→Y (21b): F0 43 00 7E 00 0D 4C 4D 20 20 38 43 39 33 48 00 36 00 00 42 F7
[17:45:52] 💻 S→Y (16b): F0 43 20 7E 4C 4D 20 20 38 43 39 33 48 00 37 F7
[17:45:52] 🎹 Y→S (21b): F0 43 00 7E 00 0D 4C 4D 20 20 38 43 39 33 48 00 37 00 00 41 F7
[17:45:52] 💻 S→Y (21b): F0 43 00 7E 00 0D 4C 4D 20 20 38 43 39 33 48 00 37 00 00 41 F7
[17:45:52] 💻 S→Y (16b): F0 43 20 7E 4C 4D 20 20 38 43 39 33 48 00 38 F7
[17:45:52] 🎹 Y→S (21b): F0 43 00 7E 00 0D 4C 4D 20 20 38 43 39 33 48 00 38 00 00 40 F7
[17:45:52] 💻 S→Y (21b): F0 43 00 7E 00 0D 4C 4D 20 20 38 43 39 33 48 00 38 00 00 40 F7
[17:45:52] 💻 S→Y (16b): F0 43 20 7E 4C 4D 20 20 38 43 39 33 48 00 39 F7
[17:45:52] 🎹 Y→S (21b): F0 43 00 7E 00 0D 4C 4D 20 20 38 43 39 33 48 00 39 00 00 3F F7
[17:45:52] 💻 S→Y (21b): F0 43 00 7E 00 0D 4C 4D 20 20 38 43 39 33 48 00 39 00 00 3F F7
[17:45:52] 💻 S→Y (16b): F0 43 20 7E 4C 4D 20 20 38 43 39 33 48 00 3A F7
[17:45:52] 🎹 Y→S (21b): F0 43 00 7E 00 0D 4C 4D 20 20 38 43 39 33 48 00 3A 00 00 3E F7
[17:45:52] 💻 S→Y (21b): F0 43 00 7E 00 0D 4C 4D 20 20 38 43 39 33 48 00 3A 00 00 3E F7
[17:45:52] 💻 S→Y (16b): F0 43 20 7E 4C 4D 20 20 38 43 39 33 48 00 3B F7
[17:45:52] 🎹 Y→S (21b): F0 43 00 7E 00 0D 4C 4D 20 20 38 43 39 33 48 00 3B 00 00 3D F7
[17:45:52] 💻 S→Y (21b): F0 43 00 7E 00 0D 4C 4D 20 20 38 43 39 33 48 00 3B 00 00 3D F7
[17:45:52] 💻 S→Y (16b): F0 43 20 7E 4C 4D 20 20 38 43 39 33 48 00 3C F7
[17:45:52] 🎹 Y→S (21b): F0 43 00 7E 00 0D 4C 4D 20 20 38 43 39 33 48 00 3C 00 00 3C F7
[17:45:52] 💻 S→Y (21b): F0 43 00 7E 00 0D 4C 4D 20 20 38 43 39 33 48 00 3C 00 00 3C F7
[17:45:52] 💻 S→Y (16b): F0 43 20 7E 4C 4D 20 20 38 43 39 33 48 00 3D F7
[17:45:52] 🎹 Y→S (21b): F0 43 00 7E 00 0D 4C 4D 20 20 38 43 39 33 48 00 3D 00 00 3B F7
[17:45:52] 💻 S→Y (21b): F0 43 00 7E 00 0D 4C 4D 20 20 38 43 39 33 48 00 3D 00 00 3B F7
[17:45:52] 💻 S→Y (16b): F0 43 20 7E 4C 4D 20 20 38 43 39 33 48 00 3E F7
[17:45:52] 🎹 Y→S (21b): F0 43 00 7E 00 0D 4C 4D 20 20 38 43 39 33 48 00 3E 00 00 3A F7
[17:45:52] 💻 S→Y (21b): F0 43 00 7E 00 0D 4C 4D 20 20 38 43 39 33 48 00 3E 00 00 3A F7
[17:45:52] 💻 S→Y (16b): F0 43 20 7E 4C 4D 20 20 38 43 39 33 48 00 3F F7
[17:45:52] 🎹 Y→S (21b): F0 43 00 7E 00 0D 4C 4D 20 20 38 43 39 33 48 00 3F 00 00 39 F7
[17:45:52] 💻 S→Y (21b): F0 43 00 7E 00 0D 4C 4D 20 20 38 43 39 33 48 00 3F 00 00 39 F7
[17:45:52] 💻 S→Y (16b): F0 43 20 7E 4C 4D 20 20 38 43 39 33 48 00 40 F7
[17:45:52] 🎹 Y→S (21b): F0 43 00 7E 00 0D 4C 4D 20 20 38 43 39 33 48 00 40 00 00 38 F7
[17:45:52] 💻 S→Y (21b): F0 43 00 7E 00 0D 4C 4D 20 20 38 43 39 33 48 00 40 00 00 38 F7
[17:45:52] 💻 S→Y (16b): F0 43 20 7E 4C 4D 20 20 38 43 39 33 48 00 41 F7
[17:45:52] 🎹 Y→S (21b): F0 43 00 7E 00 0D 4C 4D 20 20 38 43 39 33 48 00 41 00 00 37 F7
[17:45:52] 💻 S→Y (21b): F0 43 00 7E 00 0D 4C 4D 20 20 38 43 39 33 48 00 41 00 00 37 F7
[17:45:52] 💻 S→Y (16b): F0 43 20 7E 4C 4D 20 20 38 43 39 33 48 00 42 F7
[17:45:52] 🎹 Y→S (21b): F0 43 00 7E 00 0D 4C 4D 20 20 38 43 39 33 48 00 42 00 00 36 F7
[17:45:52] 💻 S→Y (21b): F0 43 00 7E 00 0D 4C 4D 20 20 38 43 39 33 48 00 42 00 00 36 F7
[17:45:52] 💻 S→Y (16b): F0 43 20 7E 4C 4D 20 20 38 43 39 33 48 00 43 F7
[17:45:52] 🎹 Y→S (21b): F0 43 00 7E 00 0D 4C 4D 20 20 38 43 39 33 48 00 43 00 00 35 F7
[17:45:52] 💻 S→Y (21b): F0 43 00 7E 00 0D 4C 4D 20 20 38 43 39 33 48 00 43 00 00 35 F7
[17:45:52] 💻 S→Y (16b): F0 43 20 7E 4C 4D 20 20 38 43 39 33 48 00 44 F7
[17:45:52] 🎹 Y→S (21b): F0 43 00 7E 00 0D 4C 4D 20 20 38 43 39 33 48 00 44 00 00 34 F7
[17:45:52] 💻 S→Y (21b): F0 43 00 7E 00 0D 4C 4D 20 20 38 43 39 33 48 00 44 00 00 34 F7
[17:45:52] 💻 S→Y (16b): F0 43 20 7E 4C 4D 20 20 38 43 39 33 48 00 45 F7
[17:45:52] 🎹 Y→S (21b): F0 43 00 7E 00 0D 4C 4D 20 20 38 43 39 33 48 00 45 00 00 33 F7
[17:45:52] 💻 S→Y (21b): F0 43 00 7E 00 0D 4C 4D 20 20 38 43 39 33 48 00 45 00 00 33 F7
[17:45:52] 💻 S→Y (16b): F0 43 20 7E 4C 4D 20 20 38 43 39 33 48 00 46 F7
[17:45:52] 🎹 Y→S (21b): F0 43 00 7E 00 0D 4C 4D 20 20 38 43 39 33 48 00 46 00 00 32 F7
[17:45:52] 💻 S→Y (21b): F0 43 00 7E 00 0D 4C 4D 20 20 38 43 39 33 48 00 46 00 00 32 F7
[17:45:52] 💻 S→Y (16b): F0 43 20 7E 4C 4D 20 20 38 43 39 33 48 00 47 F7
[17:45:52] 🎹 Y→S (21b): F0 43 00 7E 00 0D 4C 4D 20 20 38 43 39 33 48 00 47 00 00 31 F7
[17:45:52] 💻 S→Y (21b): F0 43 00 7E 00 0D 4C 4D 20 20 38 43 39 33 48 00 47 00 00 31 F7
[17:45:52] 💻 S→Y (16b): F0 43 20 7E 4C 4D 20 20 38 43 39 33 48 00 48 F7
[17:45:52] 🎹 Y→S (21b): F0 43 00 7E 00 0D 4C 4D 20 20 38 43 39 33 48 00 48 00 00 30 F7
[17:45:52] 💻 S→Y (21b): F0 43 00 7E 00 0D 4C 4D 20 20 38 43 39 33 48 00 48 00 00 30 F7
[17:45:52] 💻 S→Y (16b): F0 43 20 7E 4C 4D 20 20 38 43 39 33 48 00 49 F7
[17:45:52] 🎹 Y→S (21b): F0 43 00 7E 00 0D 4C 4D 20 20 38 43 39 33 48 00 49 00 00 2F F7
[17:45:52] 💻 S→Y (21b): F0 43 00 7E 00 0D 4C 4D 20 20 38 43 39 33 48 00 49 00 00 2F F7
[17:45:52] 💻 S→Y (16b): F0 43 20 7E 4C 4D 20 20 38 43 39 33 48 00 4A F7
[17:45:52] 🎹 Y→S (21b): F0 43 00 7E 00 0D 4C 4D 20 20 38 43 39 33 48 00 4A 00 00 2E F7
[17:45:52] 💻 S→Y (21b): F0 43 00 7E 00 0D 4C 4D 20 20 38 43 39 33 48 00 4A 00 00 2E F7
[17:45:52] 💻 S→Y (16b): F0 43 20 7E 4C 4D 20 20 38 43 39 33 48 00 4B F7
[17:45:52] 🎹 Y→S (21b): F0 43 00 7E 00 0D 4C 4D 20 20 38 43 39 33 48 00 4B 00 00 2D F7
[17:45:52] 💻 S→Y (21b): F0 43 00 7E 00 0D 4C 4D 20 20 38 43 39 33 48 00 4B 00 00 2D F7
[17:45:52] 💻 S→Y (16b): F0 43 20 7E 4C 4D 20 20 38 43 39 33 48 00 4C F7
[17:45:52] 🎹 Y→S (21b): F0 43 00 7E 00 0D 4C 4D 20 20 38 43 39 33 48 00 4C 00 00 2C F7
[17:45:52] 💻 S→Y (21b): F0 43 00 7E 00 0D 4C 4D 20 20 38 43 39 33 48 00 4C 00 00 2C F7
[17:45:52] 💻 S→Y (16b): F0 43 20 7E 4C 4D 20 20 38 43 39 33 48 00 4D F7
[17:45:52] 🎹 Y→S (21b): F0 43 00 7E 00 0D 4C 4D 20 20 38 43 39 33 48 00 4D 00 00 2B F7
[17:45:52] 💻 S→Y (21b): F0 43 00 7E 00 0D 4C 4D 20 20 38 43 39 33 48 00 4D 00 00 2B F7
[17:45:52] 💻 S→Y (16b): F0 43 20 7E 4C 4D 20 20 38 43 39 33 48 00 4E F7
[17:45:52] 🎹 Y→S (21b): F0 43 00 7E 00 0D 4C 4D 20 20 38 43 39 33 48 00 4E 00 00 2A F7
[17:45:52] 💻 S→Y (21b): F0 43 00 7E 00 0D 4C 4D 20 20 38 43 39 33 48 00 4E 00 00 2A F7
[17:45:52] 💻 S→Y (16b): F0 43 20 7E 4C 4D 20 20 38 43 39 33 48 00 4F F7
[17:45:52] 🎹 Y→S (21b): F0 43 00 7E 00 0D 4C 4D 20 20 38 43 39 33 48 00 4F 00 00 29 F7
[17:45:52] 💻 S→Y (21b): F0 43 00 7E 00 0D 4C 4D 20 20 38 43 39 33 48 00 4F 00 00 29 F7
[17:45:52] 💻 S→Y (16b): F0 43 20 7E 4C 4D 20 20 38 43 39 33 48 00 50 F7
[17:45:52] 🎹 Y→S (21b): F0 43 00 7E 00 0D 4C 4D 20 20 38 43 39 33 48 00 50 00 00 28 F7
[17:45:52] 💻 S→Y (21b): F0 43 00 7E 00 0D 4C 4D 20 20 38 43 39 33 48 00 50 00 00 28 F7
[17:45:52] 💻 S→Y (16b): F0 43 20 7E 4C 4D 20 20 38 43 39 33 48 00 51 F7
[17:45:52] 🎹 Y→S (21b): F0 43 00 7E 00 0D 4C 4D 20 20 38 43 39 33 48 00 51 00 00 27 F7
[17:45:52] 💻 S→Y (21b): F0 43 00 7E 00 0D 4C 4D 20 20 38 43 39 33 48 00 51 00 00 27 F7
[17:45:52] 💻 S→Y (16b): F0 43 20 7E 4C 4D 20 20 38 43 39 33 48 00 52 F7
[17:45:52] 🎹 Y→S (21b): F0 43 00 7E 00 0D 4C 4D 20 20 38 43 39 33 48 00 52 00 00 26 F7
[17:45:52] 💻 S→Y (21b): F0 43 00 7E 00 0D 4C 4D 20 20 38 43 39 33 48 00 52 00 00 26 F7
[17:45:52] 💻 S→Y (16b): F0 43 20 7E 4C 4D 20 20 38 43 39 33 48 00 53 F7
[17:45:52] 🎹 Y→S (21b): F0 43 00 7E 00 0D 4C 4D 20 20 38 43 39 33 48 00 53 00 00 25 F7
[17:45:52] 💻 S→Y (21b): F0 43 00 7E 00 0D 4C 4D 20 20 38 43 39 33 48 00 53 00 00 25 F7
[17:45:52] 💻 S→Y (16b): F0 43 20 7E 4C 4D 20 20 38 43 39 33 48 00 54 F7
[17:45:52] 🎹 Y→S (21b): F0 43 00 7E 00 0D 4C 4D 20 20 38 43 39 33 48 00 54 00 00 24 F7
[17:45:52] 💻 S→Y (21b): F0 43 00 7E 00 0D 4C 4D 20 20 38 43 39 33 48 00 54 00 00 24 F7
[17:45:52] 💻 S→Y (16b): F0 43 20 7E 4C 4D 20 20 38 43 39 33 48 00 55 F7
[17:45:52] 🎹 Y→S (21b): F0 43 00 7E 00 0D 4C 4D 20 20 38 43 39 33 48 00 55 00 00 23 F7
[17:45:52] 💻 S→Y (21b): F0 43 00 7E 00 0D 4C 4D 20 20 38 43 39 33 48 00 55 00 00 23 F7
[17:45:52] 💻 S→Y (16b): F0 43 20 7E 4C 4D 20 20 38 43 39 33 48 00 56 F7
[17:45:52] 🎹 Y→S (21b): F0 43 00 7E 00 0D 4C 4D 20 20 38 43 39 33 48 00 56 00 00 22 F7
[17:45:52] 💻 S→Y (21b): F0 43 00 7E 00 0D 4C 4D 20 20 38 43 39 33 48 00 56 00 00 22 F7
[17:45:52] 💻 S→Y (16b): F0 43 20 7E 4C 4D 20 20 38 43 39 33 48 00 57 F7
[17:45:52] 🎹 Y→S (21b): F0 43 00 7E 00 0D 4C 4D 20 20 38 43 39 33 48 00 57 00 00 21 F7
[17:45:52] 💻 S→Y (21b): F0 43 00 7E 00 0D 4C 4D 20 20 38 43 39 33 48 00 57 00 00 21 F7
[17:45:52] 💻 S→Y (16b): F0 43 20 7E 4C 4D 20 20 38 43 39 33 48 00 58 F7
[17:45:52] 🎹 Y→S (21b): F0 43 00 7E 00 0D 4C 4D 20 20 38 43 39 33 48 00 58 00 00 20 F7
[17:45:52] 💻 S→Y (21b): F0 43 00 7E 00 0D 4C 4D 20 20 38 43 39 33 48 00 58 00 00 20 F7
[17:45:52] 💻 S→Y (16b): F0 43 20 7E 4C 4D 20 20 38 43 39 33 48 00 59 F7
[17:45:52] 🎹 Y→S (21b): F0 43 00 7E 00 0D 4C 4D 20 20 38 43 39 33 48 00 59 00 00 1F F7
[17:45:52] 💻 S→Y (21b): F0 43 00 7E 00 0D 4C 4D 20 20 38 43 39 33 48 00 59 00 00 1F F7
[17:45:52] 💻 S→Y (16b): F0 43 20 7E 4C 4D 20 20 38 43 39 33 48 00 5A F7
[17:45:52] 🎹 Y→S (21b): F0 43 00 7E 00 0D 4C 4D 20 20 38 43 39 33 48 00 5A 00 00 1E F7
[17:45:52] 💻 S→Y (21b): F0 43 00 7E 00 0D 4C 4D 20 20 38 43 39 33 48 00 5A 00 00 1E F7
[17:45:52] 💻 S→Y (16b): F0 43 20 7E 4C 4D 20 20 38 43 39 33 48 00 5B F7
[17:45:52] 🎹 Y→S (21b): F0 43 00 7E 00 0D 4C 4D 20 20 38 43 39 33 48 00 5B 00 00 1D F7
[17:45:52] 💻 S→Y (21b): F0 43 00 7E 00 0D 4C 4D 20 20 38 43 39 33 48 00 5B 00 00 1D F7
[17:45:52] 💻 S→Y (16b): F0 43 20 7E 4C 4D 20 20 38 43 39 33 48 00 5C F7
[17:45:52] 🎹 Y→S (21b): F0 43 00 7E 00 0D 4C 4D 20 20 38 43 39 33 48 00 5C 00 00 1C F7
[17:45:52] 💻 S→Y (21b): F0 43 00 7E 00 0D 4C 4D 20 20 38 43 39 33 48 00 5C 00 00 1C F7
[17:45:52] 💻 S→Y (16b): F0 43 20 7E 4C 4D 20 20 38 43 39 33 48 00 5D F7
[17:45:52] 🎹 Y→S (21b): F0 43 00 7E 00 0D 4C 4D 20 20 38 43 39 33 48 00 5D 00 00 1B F7
[17:45:52] 💻 S→Y (21b): F0 43 00 7E 00 0D 4C 4D 20 20 38 43 39 33 48 00 5D 00 00 1B F7
[17:45:52] 💻 S→Y (16b): F0 43 20 7E 4C 4D 20 20 38 43 39 33 48 00 5E F7
[17:45:52] 🎹 Y→S (21b): F0 43 00 7E 00 0D 4C 4D 20 20 38 43 39 33 48 00 5E 00 00 1A F7
[17:45:52] 💻 S→Y (21b): F0 43 00 7E 00 0D 4C 4D 20 20 38 43 39 33 48 00 5E 00 00 1A F7
[17:45:52] 💻 S→Y (16b): F0 43 20 7E 4C 4D 20 20 38 43 39 33 48 00 5F F7
[17:45:52] 🎹 Y→S (21b): F0 43 00 7E 00 0D 4C 4D 20 20 38 43 39 33 48 00 5F 00 00 19 F7
[17:45:52] 💻 S→Y (21b): F0 43 00 7E 00 0D 4C 4D 20 20 38 43 39 33 48 00 5F 00 00 19 F7
[17:45:52] 💻 S→Y (16b): F0 43 20 7E 4C 4D 20 20 38 43 39 33 48 00 60 F7
[17:45:52] 🎹 Y→S (21b): F0 43 00 7E 00 0D 4C 4D 20 20 38 43 39 33 48 00 60 00 00 18 F7
[17:45:52] 💻 S→Y (21b): F0 43 00 7E 00 0D 4C 4D 20 20 38 43 39 33 48 00 60 00 00 18 F7
[17:45:52] 💻 S→Y (16b): F0 43 20 7E 4C 4D 20 20 38 43 39 33 48 00 61 F7
[17:45:52] 🎹 Y→S (21b): F0 43 00 7E 00 0D 4C 4D 20 20 38 43 39 33 48 00 61 00 00 17 F7
[17:45:52] 💻 S→Y (21b): F0 43 00 7E 00 0D 4C 4D 20 20 38 43 39 33 48 00 61 00 00 17 F7
[17:45:52] 💻 S→Y (16b): F0 43 20 7E 4C 4D 20 20 38 43 39 33 48 00 62 F7
[17:45:52] 🎹 Y→S (21b): F0 43 00 7E 00 0D 4C 4D 20 20 38 43 39 33 48 00 62 00 00 16 F7
[17:45:52] 💻 S→Y (21b): F0 43 00 7E 00 0D 4C 4D 20 20 38 43 39 33 48 00 62 00 00 16 F7
[17:45:52] 💻 S→Y (16b): F0 43 20 7E 4C 4D 20 20 38 43 39 33 48 00 63 F7
[17:45:52] 🎹 Y→S (21b): F0 43 00 7E 00 0D 4C 4D 20 20 38 43 39 33 48 00 63 00 00 15 F7
[17:45:52] 💻 S→Y (21b): F0 43 00 7E 00 0D 4C 4D 20 20 38 43 39 33 48 00 63 00 00 15 F7
[17:45:52] 💻 S→Y (16b): F0 43 20 7E 4C 4D 20 20 38 43 39 33 48 00 64 F7
[17:45:52] 🎹 Y→S (21b): F0 43 00 7E 00 0D 4C 4D 20 20 38 43 39 33 48 00 64 00 00 14 F7
[17:45:52] 💻 S→Y (21b): F0 43 00 7E 00 0D 4C 4D 20 20 38 43 39 33 48 00 64 00 00 14 F7
[17:45:52] 💻 S→Y (16b): F0 43 20 7E 4C 4D 20 20 38 43 39 33 48 00 65 F7
[17:45:52] 🎹 Y→S (21b): F0 43 00 7E 00 0D 4C 4D 20 20 38 43 39 33 48 00 65 00 00 13 F7
[17:45:52] 💻 S→Y (21b): F0 43 00 7E 00 0D 4C 4D 20 20 38 43 39 33 48 00 65 00 00 13 F7
[17:45:52] 💻 S→Y (16b): F0 43 20 7E 4C 4D 20 20 38 43 39 33 48 00 66 F7
[17:45:52] 🎹 Y→S (21b): F0 43 00 7E 00 0D 4C 4D 20 20 38 43 39 33 48 00 66 00 00 12 F7
[17:45:52] 💻 S→Y (21b): F0 43 00 7E 00 0D 4C 4D 20 20 38 43 39 33 48 00 66 00 00 12 F7
[17:45:52] 💻 S→Y (16b): F0 43 20 7E 4C 4D 20 20 38 43 39 33 48 00 67 F7
[17:45:52] 🎹 Y→S (21b): F0 43 00 7E 00 0D 4C 4D 20 20 38 43 39 33 48 00 67 00 00 11 F7
[17:45:52] 💻 S→Y (21b): F0 43 00 7E 00 0D 4C 4D 20 20 38 43 39 33 48 00 67 00 00 11 F7
[17:45:52] 💻 S→Y (16b): F0 43 20 7E 4C 4D 20 20 38 43 39 33 48 00 68 F7
[17:45:52] 🎹 Y→S (21b): F0 43 00 7E 00 0D 4C 4D 20 20 38 43 39 33 48 00 68 00 00 10 F7
[17:45:52] 💻 S→Y (21b): F0 43 00 7E 00 0D 4C 4D 20 20 38 43 39 33 48 00 68 00 00 10 F7
[17:45:52] 💻 S→Y (16b): F0 43 20 7E 4C 4D 20 20 38 43 39 33 48 00 69 F7
[17:45:52] 🎹 Y→S (21b): F0 43 00 7E 00 0D 4C 4D 20 20 38 43 39 33 48 00 69 00 00 0F F7
[17:45:52] 💻 S→Y (21b): F0 43 00 7E 00 0D 4C 4D 20 20 38 43 39 33 48 00 69 00 00 0F F7
[17:45:52] 💻 S→Y (16b): F0 43 20 7E 4C 4D 20 20 38 43 39 33 48 00 6A F7
[17:45:52] 🎹 Y→S (21b): F0 43 00 7E 00 0D 4C 4D 20 20 38 43 39 33 48 00 6A 00 00 0E F7
[17:45:52] 💻 S→Y (21b): F0 43 00 7E 00 0D 4C 4D 20 20 38 43 39 33 48 00 6A 00 00 0E F7
[17:45:52] 💻 S→Y (16b): F0 43 20 7E 4C 4D 20 20 38 43 39 33 48 00 6B F7
[17:45:52] 🎹 Y→S (21b): F0 43 00 7E 00 0D 4C 4D 20 20 38 43 39 33 48 00 6B 00 00 0D F7
[17:45:52] 💻 S→Y (21b): F0 43 00 7E 00 0D 4C 4D 20 20 38 43 39 33 48 00 6B 00 00 0D F7
[17:45:52] 💻 S→Y (16b): F0 43 20 7E 4C 4D 20 20 38 43 39 33 48 00 6C F7
[17:45:52] 🎹 Y→S (21b): F0 43 00 7E 00 0D 4C 4D 20 20 38 43 39 33 48 00 6C 00 00 0C F7
[17:45:52] 💻 S→Y (21b): F0 43 00 7E 00 0D 4C 4D 20 20 38 43 39 33 48 00 6C 00 00 0C F7
[17:45:52] 💻 S→Y (16b): F0 43 20 7E 4C 4D 20 20 38 43 39 33 48 00 6D F7
[17:45:52] 🎹 Y→S (21b): F0 43 00 7E 00 0D 4C 4D 20 20 38 43 39 33 48 00 6D 00 00 0B F7
[17:45:52] 💻 S→Y (21b): F0 43 00 7E 00 0D 4C 4D 20 20 38 43 39 33 48 00 6D 00 00 0B F7
[17:45:52] 💻 S→Y (16b): F0 43 20 7E 4C 4D 20 20 38 43 39 33 48 00 6E F7
[17:45:52] 🎹 Y→S (21b): F0 43 00 7E 00 0D 4C 4D 20 20 38 43 39 33 48 00 6E 00 00 0A F7
[17:45:52] 💻 S→Y (21b): F0 43 00 7E 00 0D 4C 4D 20 20 38 43 39 33 48 00 6E 00 00 0A F7
[17:45:52] 💻 S→Y (16b): F0 43 20 7E 4C 4D 20 20 38 43 39 33 48 00 6F F7
[17:45:52] 🎹 Y→S (21b): F0 43 00 7E 00 0D 4C 4D 20 20 38 43 39 33 48 00 6F 00 00 09 F7
[17:45:52] 💻 S→Y (21b): F0 43 00 7E 00 0D 4C 4D 20 20 38 43 39 33 48 00 6F 00 00 09 F7
[17:45:52] 💻 S→Y (16b): F0 43 20 7E 4C 4D 20 20 38 43 39 33 48 00 70 F7
[17:45:52] 🎹 Y→S (21b): F0 43 00 7E 00 0D 4C 4D 20 20 38 43 39 33 48 00 70 00 00 08 F7
[17:45:52] 💻 S→Y (21b): F0 43 00 7E 00 0D 4C 4D 20 20 38 43 39 33 48 00 70 00 00 08 F7
[17:45:52] 💻 S→Y (16b): F0 43 20 7E 4C 4D 20 20 38 43 39 33 48 00 71 F7
[17:45:52] 🎹 Y→S (21b): F0 43 00 7E 00 0D 4C 4D 20 20 38 43 39 33 48 00 71 00 00 07 F7
[17:45:52] 💻 S→Y (21b): F0 43 00 7E 00 0D 4C 4D 20 20 38 43 39 33 48 00 71 00 00 07 F7
[17:45:52] 💻 S→Y (16b): F0 43 20 7E 4C 4D 20 20 38 43 39 33 48 00 72 F7
[17:45:52] 🎹 Y→S (21b): F0 43 00 7E 00 0D 4C 4D 20 20 38 43 39 33 48 00 72 00 00 06 F7
[17:45:52] 💻 S→Y (21b): F0 43 00 7E 00 0D 4C 4D 20 20 38 43 39 33 48 00 72 00 00 06 F7
[17:45:52] 💻 S→Y (16b): F0 43 20 7E 4C 4D 20 20 38 43 39 33 48 00 73 F7
[17:45:52] 🎹 Y→S (21b): F0 43 00 7E 00 0D 4C 4D 20 20 38 43 39 33 48 00 73 00 00 05 F7
[17:45:52] 💻 S→Y (21b): F0 43 00 7E 00 0D 4C 4D 20 20 38 43 39 33 48 00 73 00 00 05 F7
[17:45:52] 💻 S→Y (16b): F0 43 20 7E 4C 4D 20 20 38 43 39 33 48 00 74 F7
[17:45:52] 🎹 Y→S (21b): F0 43 00 7E 00 0D 4C 4D 20 20 38 43 39 33 48 00 74 00 00 04 F7
[17:45:52] 💻 S→Y (21b): F0 43 00 7E 00 0D 4C 4D 20 20 38 43 39 33 48 00 74 00 00 04 F7
[17:45:52] 💻 S→Y (16b): F0 43 20 7E 4C 4D 20 20 38 43 39 33 48 00 75 F7
[17:45:52] 🎹 Y→S (21b): F0 43 00 7E 00 0D 4C 4D 20 20 38 43 39 33 48 00 75 00 00 03 F7
[17:45:52] 💻 S→Y (21b): F0 43 00 7E 00 0D 4C 4D 20 20 38 43 39 33 48 00 75 00 00 03 F7
[17:45:52] 💻 S→Y (16b): F0 43 20 7E 4C 4D 20 20 38 43 39 33 48 00 76 F7
[17:45:52] 🎹 Y→S (21b): F0 43 00 7E 00 0D 4C 4D 20 20 38 43 39 33 48 00 76 00 00 02 F7
[17:45:52] 💻 S→Y (21b): F0 43 00 7E 00 0D 4C 4D 20 20 38 43 39 33 48 00 76 00 00 02 F7
[17:45:52] 💻 S→Y (16b): F0 43 20 7E 4C 4D 20 20 38 43 39 33 48 00 77 F7
[17:45:52] 🎹 Y→S (21b): F0 43 00 7E 00 0D 4C 4D 20 20 38 43 39 33 48 00 77 00 00 01 F7
[17:45:52] 💻 S→Y (21b): F0 43 00 7E 00 0D 4C 4D 20 20 38 43 39 33 48 00 77 00 00 01 F7
[17:45:52] 💻 S→Y (16b): F0 43 20 7E 4C 4D 20 20 38 43 39 33 48 00 78 F7
[17:45:52] 🎹 Y→S (21b): F0 43 00 7E 00 0D 4C 4D 20 20 38 43 39 33 48 00 78 00 00 00 F7
[17:45:52] 💻 S→Y (21b): F0 43 00 7E 00 0D 4C 4D 20 20 38 43 39 33 48 00 78 00 00 00 F7
[17:45:52] 💻 S→Y (16b): F0 43 20 7E 4C 4D 20 20 38 43 39 33 48 00 79 F7
[17:45:52] 🎹 Y→S (21b): F0 43 00 7E 00 0D 4C 4D 20 20 38 43 39 33 48 00 79 00 00 7F F7
[17:45:52] 💻 S→Y (21b): F0 43 00 7E 00 0D 4C 4D 20 20 38 43 39 33 48 00 79 00 00 7F F7
[17:45:52] 💻 S→Y (16b): F0 43 20 7E 4C 4D 20 20 38 43 39 33 48 00 7A F7
[17:45:52] 🎹 Y→S (21b): F0 43 00 7E 00 0D 4C 4D 20 20 38 43 39 33 48 00 7A 00 00 7E F7
[17:45:52] 💻 S→Y (21b): F0 43 00 7E 00 0D 4C 4D 20 20 38 43 39 33 48 00 7A 00 00 7E F7
[17:45:52] 💻 S→Y (16b): F0 43 20 7E 4C 4D 20 20 38 43 39 33 48 00 7B F7
[17:45:52] 🎹 Y→S (21b): F0 43 00 7E 00 0D 4C 4D 20 20 38 43 39 33 48 00 7B 00 00 7D F7
[17:45:52] 💻 S→Y (21b): F0 43 00 7E 00 0D 4C 4D 20 20 38 43 39 33 48 00 7B 00 00 7D F7
[17:45:52] 💻 S→Y (16b): F0 43 20 7E 4C 4D 20 20 38 43 39 33 48 00 7C F7
[17:45:52] 🎹 Y→S (21b): F0 43 00 7E 00 0D 4C 4D 20 20 38 43 39 33 48 00 7C 00 00 7C F7
[17:45:52] 💻 S→Y (21b): F0 43 00 7E 00 0D 4C 4D 20 20 38 43 39 33 48 00 7C 00 00 7C F7
[17:45:52] 💻 S→Y (16b): F0 43 20 7E 4C 4D 20 20 38 43 39 33 48 00 7D F7
[17:45:52] 🎹 Y→S (21b): F0 43 00 7E 00 0D 4C 4D 20 20 38 43 39 33 48 00 7D 00 00 7B F7
[17:45:52] 💻 S→Y (21b): F0 43 00 7E 00 0D 4C 4D 20 20 38 43 39 33 48 00 7D 00 00 7B F7
[17:45:52] 💻 S→Y (16b): F0 43 20 7E 4C 4D 20 20 38 43 39 33 48 00 7E F7
[17:45:52] 🎹 Y→S (21b): F0 43 00 7E 00 0D 4C 4D 20 20 38 43 39 33 48 00 7E 00 00 7A F7
[17:45:52] 💻 S→Y (21b): F0 43 00 7E 00 0D 4C 4D 20 20 38 43 39 33 48 00 7E 00 00 7A F7
[17:45:52] 💻 S→Y (16b): F0 43 20 7E 4C 4D 20 20 38 43 39 33 48 00 7F F7
[17:45:52] 🎹 Y→S (21b): F0 43 00 7E 00 0D 4C 4D 20 20 38 43 39 33 48 00 7F 00 00 79 F7
[17:45:52] 💻 S→Y (21b): F0 43 00 7E 00 0D 4C 4D 20 20 38 43 39 33 48 00 7F 00 00 79 F7
[17:45:52] 💻 S→Y (16b): F0 43 20 7E 4C 4D 20 20 38 43 39 33 48 01 00 F7
[17:45:52] 🎹 Y→S (21b): F0 43 00 7E 00 0D 4C 4D 20 20 38 43 39 33 48 01 00 00 00 77 F7
[17:45:52] 💻 S→Y (21b): F0 43 00 7E 00 0D 4C 4D 20 20 38 43 39 33 48 01 00 00 00 77 F7
[17:45:52] 💻 S→Y (16b): F0 43 20 7E 4C 4D 20 20 38 43 39 33 45 00 38 F7
[17:45:52] 🎹 Y→S (21b): F0 43 00 7E 00 0D 4C 4D 20 20 38 43 39 33 45 00 38 00 00 43 F7
[17:45:52] 💻 S→Y (21b): F0 43 00 7E 00 0D 4C 4D 20 20 38 43 39 33 45 00 38 00 00 43 F7
[17:45:52] 💻 S→Y (16b): F0 43 20 7E 4C 4D 20 20 38 43 39 33 45 00 39 F7
[17:45:52] 🎹 Y→S (21b): F0 43 00 7E 00 0D 4C 4D 20 20 38 43 39 33 45 00 39 00 00 42 F7
[17:45:52] 💻 S→Y (21b): F0 43 00 7E 00 0D 4C 4D 20 20 38 43 39 33 45 00 39 00 00 42 F7
[17:45:52] 💻 S→Y (16b): F0 43 20 7E 4C 4D 20 20 38 43 39 33 45 00 3A F7
[17:45:52] 🎹 Y→S (21b): F0 43 00 7E 00 0D 4C 4D 20 20 38 43 39 33 45 00 3A 00 00 41 F7
[17:45:52] 💻 S→Y (21b): F0 43 00 7E 00 0D 4C 4D 20 20 38 43 39 33 45 00 3A 00 00 41 F7
[17:45:52] 💻 S→Y (16b): F0 43 20 7E 4C 4D 20 20 38 43 39 33 45 00 3B F7
[17:45:52] 🎹 Y→S (21b): F0 43 00 7E 00 0D 4C 4D 20 20 38 43 39 33 45 00 3B 00 00 40 F7
[17:45:52] 💻 S→Y (21b): F0 43 00 7E 00 0D 4C 4D 20 20 38 43 39 33 45 00 3B 00 00 40 F7
[17:45:52] 💻 S→Y (16b): F0 43 20 7E 4C 4D 20 20 38 43 39 33 45 00 3C F7
[17:45:52] 🎹 Y→S (21b): F0 43 00 7E 00 0D 4C 4D 20 20 38 43 39 33 45 00 3C 00 00 3F F7
[17:45:52] 💻 S→Y (21b): F0 43 00 7E 00 0D 4C 4D 20 20 38 43 39 33 45 00 3C 00 00 3F F7
[17:45:52] 💻 S→Y (16b): F0 43 20 7E 4C 4D 20 20 38 43 39 33 45 00 3D F7
[17:45:52] 🎹 Y→S (21b): F0 43 00 7E 00 0D 4C 4D 20 20 38 43 39 33 45 00 3D 00 00 3E F7
[17:45:52] 💻 S→Y (21b): F0 43 00 7E 00 0D 4C 4D 20 20 38 43 39 33 45 00 3D 00 00 3E F7
[17:45:52] 💻 S→Y (16b): F0 43 20 7E 4C 4D 20 20 38 43 39 33 45 00 3E F7
[17:45:52] 🎹 Y→S (21b): F0 43 00 7E 00 0D 4C 4D 20 20 38 43 39 33 45 00 3E 00 00 3D F7
[17:45:52] 💻 S→Y (21b): F0 43 00 7E 00 0D 4C 4D 20 20 38 43 39 33 45 00 3E 00 00 3D F7
[17:45:52] 💻 S→Y (16b): F0 43 20 7E 4C 4D 20 20 38 43 39 33 45 00 3F F7
[17:45:52] 🎹 Y→S (21b): F0 43 00 7E 00 0D 4C 4D 20 20 38 43 39 33 45 00 3F 00 00 3C F7
[17:45:52] 💻 S→Y (21b): F0 43 00 7E 00 0D 4C 4D 20 20 38 43 39 33 45 00 3F 00 00 3C F7
[17:45:52] 💻 S→Y (16b): F0 43 20 7E 4C 4D 20 20 38 43 39 33 45 00 40 F7
[17:45:52] 🎹 Y→S (21b): F0 43 00 7E 00 0D 4C 4D 20 20 38 43 39 33 45 00 40 00 00 3B F7
[17:45:52] 💻 S→Y (21b): F0 43 00 7E 00 0D 4C 4D 20 20 38 43 39 33 45 00 40 00 00 3B F7
[17:45:52] 💻 S→Y (16b): F0 43 20 7E 4C 4D 20 20 38 43 39 33 45 00 41 F7
[17:45:52] 🎹 Y→S (21b): F0 43 00 7E 00 0D 4C 4D 20 20 38 43 39 33 45 00 41 00 00 3A F7
[17:45:52] 💻 S→Y (21b): F0 43 00 7E 00 0D 4C 4D 20 20 38 43 39 33 45 00 41 00 00 3A F7
[17:45:52] 💻 S→Y (16b): F0 43 20 7E 4C 4D 20 20 38 43 39 33 45 00 42 F7
[17:45:52] 🎹 Y→S (21b): F0 43 00 7E 00 0D 4C 4D 20 20 38 43 39 33 45 00 42 00 00 39 F7
[17:45:52] 💻 S→Y (21b): F0 43 00 7E 00 0D 4C 4D 20 20 38 43 39 33 45 00 42 00 00 39 F7
[17:45:52] 💻 S→Y (16b): F0 43 20 7E 4C 4D 20 20 38 43 39 33 45 00 43 F7
[17:45:52] 🎹 Y→S (21b): F0 43 00 7E 00 0D 4C 4D 20 20 38 43 39 33 45 00 43 00 00 38 F7
[17:45:52] 💻 S→Y (21b): F0 43 00 7E 00 0D 4C 4D 20 20 38 43 39 33 45 00 43 00 00 38 F7
[17:45:52] 💻 S→Y (16b): F0 43 20 7E 4C 4D 20 20 38 43 39 33 45 00 44 F7
[17:45:52] 🎹 Y→S (21b): F0 43 00 7E 00 0D 4C 4D 20 20 38 43 39 33 45 00 44 00 00 37 F7
[17:45:52] 💻 S→Y (21b): F0 43 00 7E 00 0D 4C 4D 20 20 38 43 39 33 45 00 44 00 00 37 F7
[17:45:52] 💻 S→Y (16b): F0 43 20 7E 4C 4D 20 20 38 43 39 33 45 00 45 F7
[17:45:52] 🎹 Y→S (21b): F0 43 00 7E 00 0D 4C 4D 20 20 38 43 39 33 45 00 45 00 00 36 F7
[17:45:52] 💻 S→Y (21b): F0 43 00 7E 00 0D 4C 4D 20 20 38 43 39 33 45 00 45 00 00 36 F7
[17:45:52] 💻 S→Y (16b): F0 43 20 7E 4C 4D 20 20 38 43 39 33 45 00 46 F7
[17:45:52] 🎹 Y→S (21b): F0 43 00 7E 00 0D 4C 4D 20 20 38 43 39 33 45 00 46 00 00 35 F7
[17:45:52] 💻 S→Y (21b): F0 43 00 7E 00 0D 4C 4D 20 20 38 43 39 33 45 00 46 00 00 35 F7
[17:45:52] 💻 S→Y (16b): F0 43 20 7E 4C 4D 20 20 38 43 39 33 45 00 47 F7
[17:45:52] 🎹 Y→S (21b): F0 43 00 7E 00 0D 4C 4D 20 20 38 43 39 33 45 00 47 00 00 34 F7
[17:45:52] 💻 S→Y (21b): F0 43 00 7E 00 0D 4C 4D 20 20 38 43 39 33 45 00 47 00 00 34 F7
[17:45:52] 💻 S→Y (16b): F0 43 20 7E 4C 4D 20 20 38 43 39 33 45 00 48 F7
[17:45:52] 🎹 Y→S (21b): F0 43 00 7E 00 0D 4C 4D 20 20 38 43 39 33 45 00 48 00 00 33 F7
[17:45:52] 💻 S→Y (21b): F0 43 00 7E 00 0D 4C 4D 20 20 38 43 39 33 45 00 48 00 00 33 F7
[17:45:52] 💻 S→Y (16b): F0 43 20 7E 4C 4D 20 20 38 43 39 33 45 00 49 F7
[17:45:52] 🎹 Y→S (21b): F0 43 00 7E 00 0D 4C 4D 20 20 38 43 39 33 45 00 49 00 00 32 F7
[17:45:52] 💻 S→Y (21b): F0 43 00 7E 00 0D 4C 4D 20 20 38 43 39 33 45 00 49 00 00 32 F7
[17:45:52] 💻 S→Y (16b): F0 43 20 7E 4C 4D 20 20 38 43 39 33 45 00 4A F7
[17:45:52] 🎹 Y→S (21b): F0 43 00 7E 00 0D 4C 4D 20 20 38 43 39 33 45 00 4A 00 00 31 F7
[17:45:52] 💻 S→Y (21b): F0 43 00 7E 00 0D 4C 4D 20 20 38 43 39 33 45 00 4A 00 00 31 F7
[17:45:52] 💻 S→Y (16b): F0 43 20 7E 4C 4D 20 20 38 43 39 33 45 00 4B F7
[17:45:52] 🎹 Y→S (21b): F0 43 00 7E 00 0D 4C 4D 20 20 38 43 39 33 45 00 4B 00 00 30 F7
[17:45:52] 💻 S→Y (21b): F0 43 00 7E 00 0D 4C 4D 20 20 38 43 39 33 45 00 4B 00 00 30 F7
[17:45:52] 💻 S→Y (16b): F0 43 20 7E 4C 4D 20 20 38 43 39 33 45 00 4C F7
[17:45:52] 🎹 Y→S (21b): F0 43 00 7E 00 0D 4C 4D 20 20 38 43 39 33 45 00 4C 00 00 2F F7
[17:45:52] 💻 S→Y (21b): F0 43 00 7E 00 0D 4C 4D 20 20 38 43 39 33 45 00 4C 00 00 2F F7
[17:45:52] 💻 S→Y (16b): F0 43 20 7E 4C 4D 20 20 38 43 39 33 45 00 4D F7
[17:45:52] 🎹 Y→S (21b): F0 43 00 7E 00 0D 4C 4D 20 20 38 43 39 33 45 00 4D 00 00 2E F7
[17:45:52] 💻 S→Y (21b): F0 43 00 7E 00 0D 4C 4D 20 20 38 43 39 33 45 00 4D 00 00 2E F7
[17:45:52] 💻 S→Y (16b): F0 43 20 7E 4C 4D 20 20 38 43 39 33 45 00 4E F7
[17:45:52] 🎹 Y→S (21b): F0 43 00 7E 00 0D 4C 4D 20 20 38 43 39 33 45 00 4E 00 00 2D F7
[17:45:52] 💻 S→Y (21b): F0 43 00 7E 00 0D 4C 4D 20 20 38 43 39 33 45 00 4E 00 00 2D F7
[17:45:52] 💻 S→Y (16b): F0 43 20 7E 4C 4D 20 20 38 43 39 33 45 00 4F F7
[17:45:52] 🎹 Y→S (21b): F0 43 00 7E 00 0D 4C 4D 20 20 38 43 39 33 45 00 4F 00 00 2C F7
[17:45:52] 💻 S→Y (21b): F0 43 00 7E 00 0D 4C 4D 20 20 38 43 39 33 45 00 4F 00 00 2C F7
[17:45:52] 💻 S→Y (16b): F0 43 20 7E 4C 4D 20 20 38 43 39 33 45 00 50 F7
[17:45:52] 🎹 Y→S (21b): F0 43 00 7E 00 0D 4C 4D 20 20 38 43 39 33 45 00 50 00 00 2B F7
[17:45:52] 💻 S→Y (21b): F0 43 00 7E 00 0D 4C 4D 20 20 38 43 39 33 45 00 50 00 00 2B F7
[17:45:52] 💻 S→Y (16b): F0 43 20 7E 4C 4D 20 20 38 43 39 33 45 00 51 F7
[17:45:52] 🎹 Y→S (21b): F0 43 00 7E 00 0D 4C 4D 20 20 38 43 39 33 45 00 51 00 00 2A F7
[17:45:52] 💻 S→Y (21b): F0 43 00 7E 00 0D 4C 4D 20 20 38 43 39 33 45 00 51 00 00 2A F7
[17:45:52] 💻 S→Y (16b): F0 43 20 7E 4C 4D 20 20 38 43 39 33 45 00 52 F7
[17:45:52] 🎹 Y→S (21b): F0 43 00 7E 00 0D 4C 4D 20 20 38 43 39 33 45 00 52 00 00 29 F7
[17:45:52] 💻 S→Y (21b): F0 43 00 7E 00 0D 4C 4D 20 20 38 43 39 33 45 00 52 00 00 29 F7
[17:45:52] 💻 S→Y (16b): F0 43 20 7E 4C 4D 20 20 38 43 39 33 45 00 53 F7
[17:45:52] 🎹 Y→S (21b): F0 43 00 7E 00 0D 4C 4D 20 20 38 43 39 33 45 00 53 00 00 28 F7
[17:45:52] 💻 S→Y (21b): F0 43 00 7E 00 0D 4C 4D 20 20 38 43 39 33 45 00 53 00 00 28 F7
[17:45:52] 💻 S→Y (16b): F0 43 20 7E 4C 4D 20 20 38 43 39 33 45 00 54 F7
[17:45:52] 🎹 Y→S (21b): F0 43 00 7E 00 0D 4C 4D 20 20 38 43 39 33 45 00 54 00 00 27 F7
[17:45:52] 💻 S→Y (21b): F0 43 00 7E 00 0D 4C 4D 20 20 38 43 39 33 45 00 54 00 00 27 F7
[17:45:52] 💻 S→Y (16b): F0 43 20 7E 4C 4D 20 20 38 43 39 33 45 00 55 F7
[17:45:52] 🎹 Y→S (21b): F0 43 00 7E 00 0D 4C 4D 20 20 38 43 39 33 45 00 55 00 00 26 F7
[17:45:52] 💻 S→Y (21b): F0 43 00 7E 00 0D 4C 4D 20 20 38 43 39 33 45 00 55 00 00 26 F7
[17:45:52] 💻 S→Y (16b): F0 43 20 7E 4C 4D 20 20 38 43 39 33 45 00 56 F7
[17:45:52] 🎹 Y→S (21b): F0 43 00 7E 00 0D 4C 4D 20 20 38 43 39 33 45 00 56 00 00 25 F7
[17:45:52] 💻 S→Y (21b): F0 43 00 7E 00 0D 4C 4D 20 20 38 43 39 33 45 00 56 00 00 25 F7
[17:45:52] 💻 S→Y (16b): F0 43 20 7E 4C 4D 20 20 38 43 39 33 45 00 57 F7
[17:45:52] 🎹 Y→S (21b): F0 43 00 7E 00 0D 4C 4D 20 20 38 43 39 33 45 00 57 00 00 24 F7
[17:45:52] 💻 S→Y (21b): F0 43 00 7E 00 0D 4C 4D 20 20 38 43 39 33 45 00 57 00 00 24 F7
[17:45:52] 💻 S→Y (16b): F0 43 20 7E 4C 4D 20 20 38 43 39 33 45 00 58 F7
[17:45:52] 🎹 Y→S (21b): F0 43 00 7E 00 0D 4C 4D 20 20 38 43 39 33 45 00 58 00 00 23 F7
[17:45:52] 💻 S→Y (21b): F0 43 00 7E 00 0D 4C 4D 20 20 38 43 39 33 45 00 58 00 00 23 F7
[17:45:52] 💻 S→Y (16b): F0 43 20 7E 4C 4D 20 20 38 43 39 33 45 00 59 F7
[17:45:52] 🎹 Y→S (21b): F0 43 00 7E 00 0D 4C 4D 20 20 38 43 39 33 45 00 59 00 00 22 F7
[17:45:52] 💻 S→Y (21b): F0 43 00 7E 00 0D 4C 4D 20 20 38 43 39 33 45 00 59 00 00 22 F7
[17:45:52] 💻 S→Y (16b): F0 43 20 7E 4C 4D 20 20 38 43 39 33 45 00 5A F7
[17:45:52] 🎹 Y→S (21b): F0 43 00 7E 00 0D 4C 4D 20 20 38 43 39 33 45 00 5A 00 00 21 F7
[17:45:52] 💻 S→Y (21b): F0 43 00 7E 00 0D 4C 4D 20 20 38 43 39 33 45 00 5A 00 00 21 F7
[17:45:52] 💻 S→Y (16b): F0 43 20 7E 4C 4D 20 20 38 43 39 33 45 00 5B F7
[17:45:52] 🎹 Y→S (21b): F0 43 00 7E 00 0D 4C 4D 20 20 38 43 39 33 45 00 5B 00 00 20 F7
[17:45:52] 💻 S→Y (21b): F0 43 00 7E 00 0D 4C 4D 20 20 38 43 39 33 45 00 5B 00 00 20 F7
[17:45:52] 💻 S→Y (16b): F0 43 20 7E 4C 4D 20 20 38 43 39 33 45 00 5C F7
[17:45:52] 🎹 Y→S (21b): F0 43 00 7E 00 0D 4C 4D 20 20 38 43 39 33 45 00 5C 00 00 1F F7
[17:45:52] 💻 S→Y (21b): F0 43 00 7E 00 0D 4C 4D 20 20 38 43 39 33 45 00 5C 00 00 1F F7
[17:45:52] 💻 S→Y (16b): F0 43 20 7E 4C 4D 20 20 38 43 39 33 45 00 5D F7
[17:45:52] 🎹 Y→S (21b): F0 43 00 7E 00 0D 4C 4D 20 20 38 43 39 33 45 00 5D 00 00 1E F7
[17:45:52] 💻 S→Y (21b): F0 43 00 7E 00 0D 4C 4D 20 20 38 43 39 33 45 00 5D 00 00 1E F7
[17:45:52] 💻 S→Y (16b): F0 43 20 7E 4C 4D 20 20 38 43 39 33 45 00 5E F7
[17:45:52] 🎹 Y→S (21b): F0 43 00 7E 00 0D 4C 4D 20 20 38 43 39 33 45 00 5E 00 00 1D F7
[17:45:52] 💻 S→Y (21b): F0 43 00 7E 00 0D 4C 4D 20 20 38 43 39 33 45 00 5E 00 00 1D F7
[17:45:52] 💻 S→Y (16b): F0 43 20 7E 4C 4D 20 20 38 43 39 33 45 00 5F F7
[17:45:52] 🎹 Y→S (21b): F0 43 00 7E 00 0D 4C 4D 20 20 38 43 39 33 45 00 5F 00 00 1C F7
[17:45:52] 💻 S→Y (21b): F0 43 00 7E 00 0D 4C 4D 20 20 38 43 39 33 45 00 5F 00 00 1C F7
[17:45:52] 💻 S→Y (16b): F0 43 20 7E 4C 4D 20 20 38 43 39 33 45 00 60 F7
[17:45:52] 🎹 Y→S (21b): F0 43 00 7E 00 0D 4C 4D 20 20 38 43 39 33 45 00 60 00 00 1B F7
[17:45:52] 💻 S→Y (21b): F0 43 00 7E 00 0D 4C 4D 20 20 38 43 39 33 45 00 60 00 00 1B F7
[17:45:52] 💻 S→Y (16b): F0 43 20 7E 4C 4D 20 20 38 43 39 33 45 00 61 F7
[17:45:52] 🎹 Y→S (21b): F0 43 00 7E 00 0D 4C 4D 20 20 38 43 39 33 45 00 61 00 00 1A F7
[17:45:52] 💻 S→Y (21b): F0 43 00 7E 00 0D 4C 4D 20 20 38 43 39 33 45 00 61 00 00 1A F7
[17:45:52] 💻 S→Y (16b): F0 43 20 7E 4C 4D 20 20 38 43 39 33 45 00 62 F7
[17:45:52] 🎹 Y→S (21b): F0 43 00 7E 00 0D 4C 4D 20 20 38 43 39 33 45 00 62 00 00 19 F7
[17:45:52] 💻 S→Y (21b): F0 43 00 7E 00 0D 4C 4D 20 20 38 43 39 33 45 00 62 00 00 19 F7
[17:45:52] 💻 S→Y (16b): F0 43 20 7E 4C 4D 20 20 38 43 39 33 45 00 63 F7
[17:45:52] 🎹 Y→S (21b): F0 43 00 7E 00 0D 4C 4D 20 20 38 43 39 33 45 00 63 00 00 18 F7
[17:45:52] 💻 S→Y (21b): F0 43 00 7E 00 0D 4C 4D 20 20 38 43 39 33 45 00 63 00 00 18 F7
[17:45:52] 💻 S→Y (16b): F0 43 20 7E 4C 4D 20 20 38 43 39 33 45 00 64 F7
[17:45:52] 🎹 Y→S (21b): F0 43 00 7E 00 0D 4C 4D 20 20 38 43 39 33 45 00 64 00 00 17 F7
[17:45:52] 💻 S→Y (21b): F0 43 00 7E 00 0D 4C 4D 20 20 38 43 39 33 45 00 64 00 00 17 F7
[17:45:52] 💻 S→Y (16b): F0 43 20 7E 4C 4D 20 20 38 43 39 33 45 00 65 F7
[17:45:52] 🎹 Y→S (21b): F0 43 00 7E 00 0D 4C 4D 20 20 38 43 39 33 45 00 65 00 00 16 F7
[17:45:52] 💻 S→Y (21b): F0 43 00 7E 00 0D 4C 4D 20 20 38 43 39 33 45 00 65 00 00 16 F7
[17:45:52] 💻 S→Y (16b): F0 43 20 7E 4C 4D 20 20 38 43 39 33 45 00 66 F7
[17:45:52] 🎹 Y→S (21b): F0 43 00 7E 00 0D 4C 4D 20 20 38 43 39 33 45 00 66 00 00 15 F7
[17:45:52] 💻 S→Y (21b): F0 43 00 7E 00 0D 4C 4D 20 20 38 43 39 33 45 00 66 00 00 15 F7
[17:45:52] 💻 S→Y (16b): F0 43 20 7E 4C 4D 20 20 38 43 39 33 45 00 67 F7
[17:45:52] 🎹 Y→S (21b): F0 43 00 7E 00 0D 4C 4D 20 20 38 43 39 33 45 00 67 00 00 14 F7
[17:45:52] 💻 S→Y (21b): F0 43 00 7E 00 0D 4C 4D 20 20 38 43 39 33 45 00 67 00 00 14 F7
[17:45:52] 💻 S→Y (16b): F0 43 20 7E 4C 4D 20 20 38 43 39 33 45 00 68 F7
[17:45:52] 🎹 Y→S (21b): F0 43 00 7E 00 0D 4C 4D 20 20 38 43 39 33 45 00 68 00 00 13 F7
[17:45:52] 💻 S→Y (21b): F0 43 00 7E 00 0D 4C 4D 20 20 38 43 39 33 45 00 68 00 00 13 F7
[17:45:52] 💻 S→Y (16b): F0 43 20 7E 4C 4D 20 20 38 43 39 33 45 00 69 F7
[17:45:52] 🎹 Y→S (21b): F0 43 00 7E 00 0D 4C 4D 20 20 38 43 39 33 45 00 69 00 00 12 F7
[17:45:52] 💻 S→Y (21b): F0 43 00 7E 00 0D 4C 4D 20 20 38 43 39 33 45 00 69 00 00 12 F7
[17:45:52] 💻 S→Y (16b): F0 43 20 7E 4C 4D 20 20 38 43 39 33 45 00 6A F7
[17:45:52] 🎹 Y→S (21b): F0 43 00 7E 00 0D 4C 4D 20 20 38 43 39 33 45 00 6A 00 00 11 F7
[17:45:52] 💻 S→Y (21b): F0 43 00 7E 00 0D 4C 4D 20 20 38 43 39 33 45 00 6A 00 00 11 F7
[17:45:52] 💻 S→Y (16b): F0 43 20 7E 4C 4D 20 20 38 43 39 33 45 00 6B F7
[17:45:52] 🎹 Y→S (21b): F0 43 00 7E 00 0D 4C 4D 20 20 38 43 39 33 45 00 6B 00 00 10 F7
[17:45:52] 💻 S→Y (21b): F0 43 00 7E 00 0D 4C 4D 20 20 38 43 39 33 45 00 6B 00 00 10 F7
[17:45:52] 💻 S→Y (16b): F0 43 20 7E 4C 4D 20 20 38 43 39 33 45 00 6C F7
[17:45:52] 🎹 Y→S (21b): F0 43 00 7E 00 0D 4C 4D 20 20 38 43 39 33 45 00 6C 00 00 0F F7
[17:45:52] 💻 S→Y (21b): F0 43 00 7E 00 0D 4C 4D 20 20 38 43 39 33 45 00 6C 00 00 0F F7
[17:45:52] 💻 S→Y (16b): F0 43 20 7E 4C 4D 20 20 38 43 39 33 45 00 6D F7
[17:45:52] 🎹 Y→S (21b): F0 43 00 7E 00 0D 4C 4D 20 20 38 43 39 33 45 00 6D 00 00 0E F7
[17:45:52] 💻 S→Y (21b): F0 43 00 7E 00 0D 4C 4D 20 20 38 43 39 33 45 00 6D 00 00 0E F7
[17:45:52] 💻 S→Y (16b): F0 43 20 7E 4C 4D 20 20 38 43 39 33 45 00 6E F7
[17:45:52] 🎹 Y→S (21b): F0 43 00 7E 00 0D 4C 4D 20 20 38 43 39 33 45 00 6E 00 00 0D F7
[17:45:52] 💻 S→Y (21b): F0 43 00 7E 00 0D 4C 4D 20 20 38 43 39 33 45 00 6E 00 00 0D F7
[17:45:52] 💻 S→Y (16b): F0 43 20 7E 4C 4D 20 20 38 43 39 33 45 00 6F F7
[17:45:52] 🎹 Y→S (21b): F0 43 00 7E 00 0D 4C 4D 20 20 38 43 39 33 45 00 6F 00 00 0C F7
[17:45:52] 💻 S→Y (21b): F0 43 00 7E 00 0D 4C 4D 20 20 38 43 39 33 45 00 6F 00 00 0C F7
[17:45:52] 💻 S→Y (16b): F0 43 20 7E 4C 4D 20 20 38 43 39 33 45 00 70 F7
[17:45:52] 🎹 Y→S (21b): F0 43 00 7E 00 0D 4C 4D 20 20 38 43 39 33 45 00 70 00 00 0B F7
[17:45:52] 💻 S→Y (21b): F0 43 00 7E 00 0D 4C 4D 20 20 38 43 39 33 45 00 70 00 00 0B F7
[17:45:52] 💻 S→Y (16b): F0 43 20 7E 4C 4D 20 20 38 43 39 33 45 00 71 F7
[17:45:52] 🎹 Y→S (21b): F0 43 00 7E 00 0D 4C 4D 20 20 38 43 39 33 45 00 71 00 00 0A F7
[17:45:52] 💻 S→Y (21b): F0 43 00 7E 00 0D 4C 4D 20 20 38 43 39 33 45 00 71 00 00 0A F7
[17:45:52] 💻 S→Y (16b): F0 43 20 7E 4C 4D 20 20 38 43 39 33 45 00 72 F7
[17:45:52] 🎹 Y→S (21b): F0 43 00 7E 00 0D 4C 4D 20 20 38 43 39 33 45 00 72 00 00 09 F7
[17:45:52] 💻 S→Y (21b): F0 43 00 7E 00 0D 4C 4D 20 20 38 43 39 33 45 00 72 00 00 09 F7
[17:45:52] 💻 S→Y (16b): F0 43 20 7E 4C 4D 20 20 38 43 39 33 45 00 73 F7
[17:45:52] 🎹 Y→S (21b): F0 43 00 7E 00 0D 4C 4D 20 20 38 43 39 33 45 00 73 00 00 08 F7
[17:45:52] 💻 S→Y (21b): F0 43 00 7E 00 0D 4C 4D 20 20 38 43 39 33 45 00 73 00 00 08 F7
[17:45:52] 💻 S→Y (16b): F0 43 20 7E 4C 4D 20 20 38 43 39 33 45 00 74 F7
[17:45:52] 🎹 Y→S (21b): F0 43 00 7E 00 0D 4C 4D 20 20 38 43 39 33 45 00 74 00 00 07 F7
[17:45:52] 💻 S→Y (21b): F0 43 00 7E 00 0D 4C 4D 20 20 38 43 39 33 45 00 74 00 00 07 F7
[17:45:52] 💻 S→Y (16b): F0 43 20 7E 4C 4D 20 20 38 43 39 33 45 00 75 F7
[17:45:52] 🎹 Y→S (21b): F0 43 00 7E 00 0D 4C 4D 20 20 38 43 39 33 45 00 75 00 00 06 F7
[17:45:52] 💻 S→Y (21b): F0 43 00 7E 00 0D 4C 4D 20 20 38 43 39 33 45 00 75 00 00 06 F7
[17:45:52] 💻 S→Y (16b): F0 43 20 7E 4C 4D 20 20 38 43 39 33 45 00 76 F7
[17:45:52] 🎹 Y→S (21b): F0 43 00 7E 00 0D 4C 4D 20 20 38 43 39 33 45 00 76 00 00 05 F7
[17:45:52] 💻 S→Y (21b): F0 43 00 7E 00 0D 4C 4D 20 20 38 43 39 33 45 00 76 00 00 05 F7
[17:45:52] 💻 S→Y (16b): F0 43 20 7E 4C 4D 20 20 38 43 39 33 45 00 77 F7
[17:45:52] 🎹 Y→S (21b): F0 43 00 7E 00 0D 4C 4D 20 20 38 43 39 33 45 00 77 00 00 04 F7
[17:45:52] 💻 S→Y (21b): F0 43 00 7E 00 0D 4C 4D 20 20 38 43 39 33 45 00 77 00 00 04 F7
[17:45:52] 💻 S→Y (16b): F0 43 20 7E 4C 4D 20 20 38 43 39 33 45 00 78 F7
[17:45:52] 🎹 Y→S (21b): F0 43 00 7E 00 0D 4C 4D 20 20 38 43 39 33 45 00 78 00 00 03 F7
[17:45:52] 💻 S→Y (21b): F0 43 00 7E 00 0D 4C 4D 20 20 38 43 39 33 45 00 78 00 00 03 F7
[17:45:52] 💻 S→Y (16b): F0 43 20 7E 4C 4D 20 20 38 43 39 33 45 00 79 F7
[17:45:52] 🎹 Y→S (21b): F0 43 00 7E 00 0D 4C 4D 20 20 38 43 39 33 45 00 79 00 00 02 F7
[17:45:52] 💻 S→Y (21b): F0 43 00 7E 00 0D 4C 4D 20 20 38 43 39 33 45 00 79 00 00 02 F7
[17:45:52] 💻 S→Y (16b): F0 43 20 7E 4C 4D 20 20 38 43 39 33 45 00 7A F7
[17:45:52] 🎹 Y→S (21b): F0 43 00 7E 00 0D 4C 4D 20 20 38 43 39 33 45 00 7A 00 00 01 F7
[17:45:52] 💻 S→Y (21b): F0 43 00 7E 00 0D 4C 4D 20 20 38 43 39 33 45 00 7A 00 00 01 F7
[17:45:52] 💻 S→Y (16b): F0 43 20 7E 4C 4D 20 20 38 43 39 33 45 00 7B F7
[17:45:52] 🎹 Y→S (21b): F0 43 00 7E 00 0D 4C 4D 20 20 38 43 39 33 45 00 7B 00 00 00 F7
[17:45:52] 💻 S→Y (21b): F0 43 00 7E 00 0D 4C 4D 20 20 38 43 39 33 45 00 7B 00 00 00 F7
[17:45:52] 💻 S→Y (16b): F0 43 20 7E 4C 4D 20 20 38 43 39 33 45 00 7C F7
[17:45:52] 🎹 Y→S (21b): F0 43 00 7E 00 0D 4C 4D 20 20 38 43 39 33 45 00 7C 00 00 7F F7
[17:45:52] 💻 S→Y (21b): F0 43 00 7E 00 0D 4C 4D 20 20 38 43 39 33 45 00 7C 00 00 7F F7
[17:45:52] 💻 S→Y (16b): F0 43 20 7E 4C 4D 20 20 38 43 39 33 45 00 7D F7
[17:45:52] 🎹 Y→S (21b): F0 43 00 7E 00 0D 4C 4D 20 20 38 43 39 33 45 00 7D 00 00 7E F7
[17:45:52] 💻 S→Y (21b): F0 43 00 7E 00 0D 4C 4D 20 20 38 43 39 33 45 00 7D 00 00 7E F7
[17:45:52] 💻 S→Y (16b): F0 43 20 7E 4C 4D 20 20 38 43 39 33 45 00 7E F7
[17:45:53] 🎹 Y→S (21b): F0 43 00 7E 00 0D 4C 4D 20 20 38 43 39 33 45 00 7E 00 00 7D F7
[17:45:53] 💻 S→Y (21b): F0 43 00 7E 00 0D 4C 4D 20 20 38 43 39 33 45 00 7E 00 00 7D F7
[17:45:53] 💻 S→Y (16b): F0 43 20 7E 4C 4D 20 20 38 43 39 33 45 00 7F F7
[17:45:53] 🎹 Y→S (21b): F0 43 00 7E 00 0D 4C 4D 20 20 38 43 39 33 45 00 7F 00 00 7C F7
[17:45:53] 💻 S→Y (21b): F0 43 00 7E 00 0D 4C 4D 20 20 38 43 39 33 45 00 7F 00 00 7C F7
[17:45:53] 💻 S→Y (16b): F0 43 20 7E 4C 4D 20 20 38 43 39 33 52 00 01 F7
[17:45:53] 🎹 Y→S (21b): F0 43 00 7E 00 0D 4C 4D 20 20 38 43 39 33 52 00 01 00 00 6D F7
[17:45:53] 💻 S→Y (21b): F0 43 00 7E 00 0D 4C 4D 20 20 38 43 39 33 52 00 01 00 00 6D F7
[17:45:53] 💻 S→Y (16b): F0 43 20 7E 4C 4D 20 20 38 43 39 33 52 00 02 F7
[17:45:53] 🎹 Y→S (21b): F0 43 00 7E 00 0D 4C 4D 20 20 38 43 39 33 52 00 02 00 00 6C F7
[17:45:53] 💻 S→Y (21b): F0 43 00 7E 00 0D 4C 4D 20 20 38 43 39 33 52 00 02 00 00 6C F7
[17:45:53] 💻 S→Y (16b): F0 43 20 7E 4C 4D 20 20 38 43 39 33 52 00 03 F7
[17:45:53] 🎹 Y→S (21b): F0 43 00 7E 00 0D 4C 4D 20 20 38 43 39 33 52 00 03 00 00 6B F7
[17:45:53] 💻 S→Y (21b): F0 43 00 7E 00 0D 4C 4D 20 20 38 43 39 33 52 00 03 00 00 6B F7
[17:45:53] 💻 S→Y (16b): F0 43 20 7E 4C 4D 20 20 38 43 39 33 52 00 04 F7
[17:45:53] 🎹 Y→S (21b): F0 43 00 7E 00 0D 4C 4D 20 20 38 43 39 33 52 00 04 00 00 6A F7
[17:45:53] 💻 S→Y (21b): F0 43 00 7E 00 0D 4C 4D 20 20 38 43 39 33 52 00 04 00 00 6A F7
[17:45:53] 💻 S→Y (16b): F0 43 20 7E 4C 4D 20 20 38 43 39 33 52 00 05 F7
[17:45:53] 🎹 Y→S (21b): F0 43 00 7E 00 0D 4C 4D 20 20 38 43 39 33 52 00 05 00 00 69 F7
[17:45:53] 💻 S→Y (21b): F0 43 00 7E 00 0D 4C 4D 20 20 38 43 39 33 52 00 05 00 00 69 F7
[17:45:53] 💻 S→Y (16b): F0 43 20 7E 4C 4D 20 20 38 43 39 33 52 00 06 F7
[17:45:53] 🎹 Y→S (21b): F0 43 00 7E 00 0D 4C 4D 20 20 38 43 39 33 52 00 06 00 00 68 F7
[17:45:53] 💻 S→Y (21b): F0 43 00 7E 00 0D 4C 4D 20 20 38 43 39 33 52 00 06 00 00 68 F7
[17:45:53] 💻 S→Y (16b): F0 43 20 7E 4C 4D 20 20 38 43 39 33 52 00 07 F7
[17:45:53] 🎹 Y→S (21b): F0 43 00 7E 00 0D 4C 4D 20 20 38 43 39 33 52 00 07 00 00 67 F7
[17:45:53] 💻 S→Y (21b): F0 43 00 7E 00 0D 4C 4D 20 20 38 43 39 33 52 00 07 00 00 67 F7
[17:45:53] 💻 S→Y (16b): F0 43 20 7E 4C 4D 20 20 38 43 39 33 52 00 08 F7
[17:45:53] 🎹 Y→S (21b): F0 43 00 7E 00 0D 4C 4D 20 20 38 43 39 33 52 00 08 00 00 66 F7
[17:45:53] 💻 S→Y (21b): F0 43 00 7E 00 0D 4C 4D 20 20 38 43 39 33 52 00 08 00 00 66 F7
[17:45:53] 💻 S→Y (16b): F0 43 20 7E 4C 4D 20 20 38 43 39 33 52 00 09 F7
[17:45:53] 🎹 Y→S (21b): F0 43 00 7E 00 0D 4C 4D 20 20 38 43 39 33 52 00 09 00 00 65 F7
[17:45:53] 💻 S→Y (21b): F0 43 00 7E 00 0D 4C 4D 20 20 38 43 39 33 52 00 09 00 00 65 F7
[17:45:53] 💻 S→Y (16b): F0 43 20 7E 4C 4D 20 20 38 43 39 33 52 00 0A F7
[17:45:53] 🎹 Y→S (21b): F0 43 00 7E 00 0D 4C 4D 20 20 38 43 39 33 52 00 0A 00 00 64 F7
[17:45:53] 💻 S→Y (21b): F0 43 00 7E 00 0D 4C 4D 20 20 38 43 39 33 52 00 0A 00 00 64 F7
[17:45:53] 💻 S→Y (16b): F0 43 20 7E 4C 4D 20 20 38 43 39 33 52 00 0B F7
[17:45:53] 🎹 Y→S (21b): F0 43 00 7E 00 0D 4C 4D 20 20 38 43 39 33 52 00 0B 00 00 63 F7
[17:45:53] 💻 S→Y (21b): F0 43 00 7E 00 0D 4C 4D 20 20 38 43 39 33 52 00 0B 00 00 63 F7
[17:45:53] 💻 S→Y (16b): F0 43 20 7E 4C 4D 20 20 38 43 39 33 52 00 0C F7
[17:45:53] 🎹 Y→S (21b): F0 43 00 7E 00 0D 4C 4D 20 20 38 43 39 33 52 00 0C 00 00 62 F7
[17:45:53] 💻 S→Y (21b): F0 43 00 7E 00 0D 4C 4D 20 20 38 43 39 33 52 00 0C 00 00 62 F7
[17:45:53] 💻 S→Y (16b): F0 43 20 7E 4C 4D 20 20 38 43 39 33 52 00 0D F7
[17:45:53] 🎹 Y→S (21b): F0 43 00 7E 00 0D 4C 4D 20 20 38 43 39 33 52 00 0D 00 00 61 F7
[17:45:53] 💻 S→Y (21b): F0 43 00 7E 00 0D 4C 4D 20 20 38 43 39 33 52 00 0D 00 00 61 F7
[17:45:53] 💻 S→Y (16b): F0 43 20 7E 4C 4D 20 20 38 43 39 33 52 00 0E F7
[17:45:53] 🎹 Y→S (21b): F0 43 00 7E 00 0D 4C 4D 20 20 38 43 39 33 52 00 0E 00 00 60 F7
[17:45:53] 💻 S→Y (21b): F0 43 00 7E 00 0D 4C 4D 20 20 38 43 39 33 52 00 0E 00 00 60 F7
[17:45:53] 💻 S→Y (16b): F0 43 20 7E 4C 4D 20 20 38 43 39 33 52 00 0F F7
[17:45:53] 🎹 Y→S (21b): F0 43 00 7E 00 0D 4C 4D 20 20 38 43 39 33 52 00 0F 00 00 5F F7
[17:45:53] 💻 S→Y (21b): F0 43 00 7E 00 0D 4C 4D 20 20 38 43 39 33 52 00 0F 00 00 5F F7
[17:45:53] 💻 S→Y (16b): F0 43 20 7E 4C 4D 20 20 38 43 39 33 52 00 10 F7
[17:45:53] 🎹 Y→S (21b): F0 43 00 7E 00 0D 4C 4D 20 20 38 43 39 33 52 00 10 00 00 5E F7
[17:45:53] 💻 S→Y (21b): F0 43 00 7E 00 0D 4C 4D 20 20 38 43 39 33 52 00 10 00 00 5E F7
[17:45:53] 💻 S→Y (16b): F0 43 20 7E 4C 4D 20 20 38 43 39 33 52 00 11 F7
[17:45:53] 🎹 Y→S (21b): F0 43 00 7E 00 0D 4C 4D 20 20 38 43 39 33 52 00 11 00 00 5D F7
[17:45:53] 💻 S→Y (21b): F0 43 00 7E 00 0D 4C 4D 20 20 38 43 39 33 52 00 11 00 00 5D F7
[17:45:53] 💻 S→Y (16b): F0 43 20 7E 4C 4D 20 20 38 43 39 33 52 00 12 F7
[17:45:53] 🎹 Y→S (21b): F0 43 00 7E 00 0D 4C 4D 20 20 38 43 39 33 52 00 12 00 00 5C F7
[17:45:53] 💻 S→Y (21b): F0 43 00 7E 00 0D 4C 4D 20 20 38 43 39 33 52 00 12 00 00 5C F7
[17:45:53] 💻 S→Y (16b): F0 43 20 7E 4C 4D 20 20 38 43 39 33 52 00 13 F7
[17:45:53] 🎹 Y→S (21b): F0 43 00 7E 00 0D 4C 4D 20 20 38 43 39 33 52 00 13 00 00 5B F7
[17:45:53] 💻 S→Y (21b): F0 43 00 7E 00 0D 4C 4D 20 20 38 43 39 33 52 00 13 00 00 5B F7
[17:45:53] 💻 S→Y (16b): F0 43 20 7E 4C 4D 20 20 38 43 39 33 52 00 14 F7
[17:45:53] 🎹 Y→S (21b): F0 43 00 7E 00 0D 4C 4D 20 20 38 43 39 33 52 00 14 00 00 5A F7
[17:45:53] 💻 S→Y (21b): F0 43 00 7E 00 0D 4C 4D 20 20 38 43 39 33 52 00 14 00 00 5A F7
[17:45:53] 💻 S→Y (16b): F0 43 20 7E 4C 4D 20 20 38 43 39 33 52 00 15 F7
[17:45:53] 🎹 Y→S (21b): F0 43 00 7E 00 0D 4C 4D 20 20 38 43 39 33 52 00 15 00 00 59 F7
[17:45:53] 💻 S→Y (21b): F0 43 00 7E 00 0D 4C 4D 20 20 38 43 39 33 52 00 15 00 00 59 F7
[17:45:53] 💻 S→Y (16b): F0 43 20 7E 4C 4D 20 20 38 43 39 33 52 00 16 F7
[17:45:53] 🎹 Y→S (21b): F0 43 00 7E 00 0D 4C 4D 20 20 38 43 39 33 52 00 16 00 00 58 F7
[17:45:53] 💻 S→Y (21b): F0 43 00 7E 00 0D 4C 4D 20 20 38 43 39 33 52 00 16 00 00 58 F7
[17:45:53] 💻 S→Y (16b): F0 43 20 7E 4C 4D 20 20 38 43 39 33 52 00 17 F7
[17:45:53] 🎹 Y→S (21b): F0 43 00 7E 00 0D 4C 4D 20 20 38 43 39 33 52 00 17 00 00 57 F7
[17:45:53] 💻 S→Y (21b): F0 43 00 7E 00 0D 4C 4D 20 20 38 43 39 33 52 00 17 00 00 57 F7
[17:45:53] 💻 S→Y (16b): F0 43 20 7E 4C 4D 20 20 38 43 39 33 52 00 18 F7
[17:45:53] 🎹 Y→S (21b): F0 43 00 7E 00 0D 4C 4D 20 20 38 43 39 33 52 00 18 00 00 56 F7
[17:45:53] 💻 S→Y (21b): F0 43 00 7E 00 0D 4C 4D 20 20 38 43 39 33 52 00 18 00 00 56 F7
[17:45:53] 💻 S→Y (16b): F0 43 20 7E 4C 4D 20 20 38 43 39 33 52 00 19 F7
[17:45:53] 🎹 Y→S (21b): F0 43 00 7E 00 0D 4C 4D 20 20 38 43 39 33 52 00 19 00 00 55 F7
[17:45:53] 💻 S→Y (21b): F0 43 00 7E 00 0D 4C 4D 20 20 38 43 39 33 52 00 19 00 00 55 F7
[17:45:53] 💻 S→Y (16b): F0 43 20 7E 4C 4D 20 20 38 43 39 33 52 00 1A F7
[17:45:53] 🎹 Y→S (21b): F0 43 00 7E 00 0D 4C 4D 20 20 38 43 39 33 52 00 1A 00 00 54 F7
[17:45:53] 💻 S→Y (21b): F0 43 00 7E 00 0D 4C 4D 20 20 38 43 39 33 52 00 1A 00 00 54 F7
[17:45:53] 💻 S→Y (16b): F0 43 20 7E 4C 4D 20 20 38 43 39 33 52 00 1B F7
[17:45:53] 🎹 Y→S (21b): F0 43 00 7E 00 0D 4C 4D 20 20 38 43 39 33 52 00 1B 00 00 53 F7
[17:45:53] 💻 S→Y (21b): F0 43 00 7E 00 0D 4C 4D 20 20 38 43 39 33 52 00 1B 00 00 53 F7
[17:45:53] 💻 S→Y (16b): F0 43 20 7E 4C 4D 20 20 38 43 39 33 52 00 1C F7
[17:45:53] 🎹 Y→S (21b): F0 43 00 7E 00 0D 4C 4D 20 20 38 43 39 33 52 00 1C 00 00 52 F7
[17:45:53] 💻 S→Y (21b): F0 43 00 7E 00 0D 4C 4D 20 20 38 43 39 33 52 00 1C 00 00 52 F7
[17:45:53] 💻 S→Y (16b): F0 43 20 7E 4C 4D 20 20 38 43 39 33 52 00 1D F7
[17:45:53] 🎹 Y→S (21b): F0 43 00 7E 00 0D 4C 4D 20 20 38 43 39 33 52 00 1D 00 00 51 F7
[17:45:53] 💻 S→Y (21b): F0 43 00 7E 00 0D 4C 4D 20 20 38 43 39 33 52 00 1D 00 00 51 F7
[17:45:53] 💻 S→Y (16b): F0 43 20 7E 4C 4D 20 20 38 43 39 33 52 00 1E F7
[17:45:53] 🎹 Y→S (21b): F0 43 00 7E 00 0D 4C 4D 20 20 38 43 39 33 52 00 1E 00 00 50 F7
[17:45:53] 💻 S→Y (21b): F0 43 00 7E 00 0D 4C 4D 20 20 38 43 39 33 52 00 1E 00 00 50 F7
[17:45:53] 💻 S→Y (16b): F0 43 20 7E 4C 4D 20 20 38 43 39 33 52 00 1F F7
[17:45:53] 🎹 Y→S (21b): F0 43 00 7E 00 0D 4C 4D 20 20 38 43 39 33 52 00 1F 00 00 4F F7
[17:45:53] 💻 S→Y (21b): F0 43 00 7E 00 0D 4C 4D 20 20 38 43 39 33 52 00 1F 00 00 4F F7
[17:45:53] 💻 S→Y (16b): F0 43 20 7E 4C 4D 20 20 38 43 39 33 52 00 20 F7
[17:45:53] 🎹 Y→S (21b): F0 43 00 7E 00 0D 4C 4D 20 20 38 43 39 33 52 00 20 00 00 4E F7
[17:45:53] 💻 S→Y (21b): F0 43 00 7E 00 0D 4C 4D 20 20 38 43 39 33 52 00 20 00 00 4E F7
[17:45:53] 💻 S→Y (16b): F0 43 20 7E 4C 4D 20 20 38 43 39 33 52 02 00 F7
[17:45:53] 🎹 Y→S (1153b): F0 43 00 7E 08 79 4C 4D 20 20 38 43 39 33 52 02 00 00 00 00 20 20 20 4E 65 77 20 00 44 61 74 61 20 20 20 00 20 20 00 03 00 00 00 00 01 00 02 00 03 00 04 00 00 05 00 06 00 07 00 00 08 00 09 00 0A 00 0B 00 00 0C 00 0D 00 0E 00 00 0F 00 10 00 29 00 2A 00 00 2B 00 2C 00 2D 00 00 2E 00 2F 00 30 00 19 00 00 1A 00 1B 00 1C 00 00 1D 00 1E 00 1F 00 20 02 00 79 00 7A 00 01 00 55 02 00 09 00 0A 00 0B 20 00 0C 00 00 00 00 00 00 00 00 00 00 00 00 00 00 00 00 00 00 00 00 00 00 00 00 00 00 00 00 00 00 00 00 00 00 00 00 00 00 00 00 00 00 00 00 00 00 00 00 00 00 00 00 00 00 00 00 00 00 00 00 00 00 00 00 00 00 00 00 00 00 00 00 00 00 01 00 02 00 00 03 00 04 00 00 00 00 00 00 00 00 00 00 00 00 00 00 00 00 00 00 00 00 00 00 00 00 00 00 00 00 00 00 00 00 00 00 00 00 00 00 00 00 00 00 00 00 00 00 00 00 00 00 00 00 00 00 00 00 00 00 00 00 00 00 00 00 00 00 00 00 00 00 00 00 00 00 00 00 00 00 00 00 00 00 00 00 00 00 00 00 00 00 00 00 00 00 00 00 00 00 00 00 00 00 00 00 00 00 00 00 00 00 54 43 43 43 43 00 43 43 43 43 43 43 43 00 43 43 43 43 43 43 43 00 43 43 43 43 43 43 43 00 43 43 43 43 43 43 45 00 48 48 48 48 48 48 48 00 48 48 48 48 48 48 48 00 48 48 48 48 48 48 48 00 48 48 48 48 48 48 48 00 48 48 48 53 32 33 34 00 35 36 37 38 39 31 31 00 31 31 31 31 31 31 31 00 31 32 32 32 32 32 32 00 32 32 32 32 33 33 33 00 54 20 20 20 20 20 20 00 20 20 30 31 32 33 34 00 35 36 37 38 39 30 31 00 32 33 34 35 36 37 38 00 39 30 31 32 54 43 43 00 43 43 43 43 43 43 43 00 43 43 43 43 43 43 43 00 43 43 43 43 43 43 43 00 43 43 43 43 43 43 43 00 43 45 48 48 48 48 48 00 48 48 48 48 48 48 48 00 48 48 48 48 48 48 48 00 48 48 48 48 48 48 48 00 48 48 48 48 48 53 32 00 33 34 35 36 37 38 39 00 31 31 31 31 31 31 31 00 31 31 31 32 32 32 32 00 32 32 32 32 32 32 33 00 33 33 54 20 20 20 20 00 20 20 20 20 30 31 32 00 33 34 35 36 37 38 39 00 30 31 32 33 34 35 36 00 37 38 39 30 31 32 20 00 20 20 20 20 20 20 20 00 20 20 20 20 20 20 20 00 20 20 20 20 20 20 20 00 20 20 20 20 20 20 20 00 20 20 20 20 20 20 20 00 20 20 20 20 20 20 20 00 20 20 20 20 20 20 20 00 20 20 20 20 20 20 20 00 20 20 20 20 20 20 20 00 20 20 20 20 20 20 20 00 20 20 20 20 20 20 20 00 20 20 20 20 20 20 20 00 20 20 20 20 20 20 20 00 20 20 20 20 20 20 20 00 20 20 20 20 20 20 20 00 20 20 20 20 20 20 20 00 20 20 20 20 20 20 20 00 20 20 20 20 20 20 20 00 20 20 20 20 20 20 20 00 20 20 20 20 20 20 20 00 20 20 20 20 20 20 20 00 20 20 20 20 20 20 20 00 20 20 20 20 20 20 20 00 20 20 20 20 20 20 20 00 20 20 20 20 20 20 20 00 20 20 20 20 20 20 20 00 20 20 20 20 20 20 20 00 20 20 20 20 20 20 20 00 20 20 20 20 20 20 20 00 20 20 20 20 20 20 20 00 20 20 20 20 20 20 20 00 20 20 20 20 20 20 20 00 20 20 20 20 20 20 20 00 20 20 20 20 20 20 20 00 20 20 20 20 20 20 20 00 20 20 20 20 20 20 20 00 20 20 20 20 20 20 20 00 20 20 20 20 20 20 20 00 20 20 20 20 20 20 20 00 20 20 20 20 20 20 20 00 20 20 20 20 20 20 20 00 20 20 20 20 20 20 20 00 20 20 20 20 20 20 20 00 20 20 20 20 20 20 20 00 20 20 20 20 20 20 20 00 20 20 20 20 20 20 20 00 20 20 20 20 20 20 20 00 20 20 20 20 20 20 20 00 20 20 20 20 20 20 20 00 20 20 20 20 20 20 20 00 20 20 20 20 20 20 20 00 20 20 20 20 20 20 20 00 20 20 20 20 20 20 20 00 20 20 20 20 20 20 20 00 20 20 20 20 20 53 53 00 53 53 54 54 54 54 49 00 49 49 49 31 32 33 34 00 53 53 53 53 54 54 54 00 54 45 45 45 45 52 52 00 52 52 45 45 45 45 4F 00 4F 4F 4F 20 20 20 20 00 49 49 49 49 4E 4E 4E 00 4E 31 32 33 34 20 20 00 20 20 20 20 20 20 20 00 20 20 20 20 20 20 20 00 20 20 20 20 20 20 20 00 20 73 41 3E F7
[17:45:53] 💻 S→Y (1153b): F0 43 00 7E 08 79 4C 4D 20 20 38 43 39 33 52 02 00 00 00 00 20 20 20 4E 65 77 20 00 44 61 74 61 20 20 20 00 20 20 00 03 00 00 00 00 01 00 02 00 03 00 04 00 00 05 00 06 00 07 00 00 08 00 09 00 0A 00 0B 00 00 0C 00 0D 00 0E 00 00 0F 00 10 00 29 00 2A 00 00 2B 00 2C 00 2D 00 00 2E 00 2F 00 30 00 19 00 00 1A 00 1B 00 1C 00 00 1D 00 1E 00 1F 00 20 02 00 79 00 7A 00 01 00 55 02 00 09 00 0A 00 0B 20 00 0C 00 00 00 00 00 00 00 00 00 00 00 00 00 00 00 00 00 00 00 00 00 00 00 00 00 00 00 00 00 00 00 00 00 00 00 00 00 00 00 00 00 00 00 00 00 00 00 00 00 00 00 00 00 00 00 00 00 00 00 00 00 00 00 00 00 00 00 00 00 00 00 00 00 00 01 00 02 00 00 03 00 04 00 00 00 00 00 00 00 00 00 00 00 00 00 00 00 00 00 00 00 00 00 00 00 00 00 00 00 00 00 00 00 00 00 00 00 00 00 00 00 00 00 00 00 00 00 00 00 00 00 00 00 00 00 00 00 00 00 00 00 00 00 00 00 00 00 00 00 00 00 00 00 00 00 00 00 00 00 00 00 00 00 00 00 00 00 00 00 00 00 00 00 00 00 00 00 00 00 00 00 00 00 00 00 00 00 00 00 00 00 00 54 43 43 43 43 00 43 43 43 43 43 43 43 00 43 43 43 43 43 43 43 00 43 43 43 43 43 43 43 00 43 43 43 43 43 43 45 00 48 48 48 48 48 48 48 00 48 48 48 48 48 48 48 00 48 48 48 48 48 48 48 00 48 48 48 48 48 48 48 00 48 48 48 53 32 33 34 00 35 36 37 38 39 31 31 00 31 31 31 31 31 31 31 00 31 32 32 32 32 32 32 00 32 32 32 32 33 33 33 00 54 20 20 20 20 20 20 00 20 20 30 31 32 33 34 00 35 36 37 38 39 30 31 00 32 33 34 35 36 37 38 00 39 30 31 32 54 43 43 00 43 43 43 43 43 43 43 00 43 43 43 43 43 43 43 00 43 43 43 43 43 43 43 00 43 43 43 43 43 43 43 00 43 45 48 48 48 48 48 00 48 48 48 48 48 48 48 00 48 48 48 48 48 48 48 00 48 48 48 48 48 48 48 00 48 48 48 48 48 53 32 00 33 34 35 36 37 38 39 00 31 31 31 31 31 31 31 00 31 31 31 32 32 32 32 00 32 32 32 32 32 32 33 00 33 33 54 20 20 20 20 00 20 20 20 20 30 31 32 00 33 34 35 36 37 38 39 00 30 31 32 33 34 35 36 00 37 38 39 30 31 32 20 00 20 20 20 20 20 20 20 00 20 20 20 20 20 20 20 00 20 20 20 20 20 20 20 00 20 20 20 20 20 20 20 00 20 20 20 20 20 20 20 00 20 20 20 20 20 20 20 00 20 20 20 20 20 20 20 00 20 20 20 20 20 20 20 00 20 20 20 20 20 20 20 00 20 20 20 20 20 20 20 00 20 20 20 20 20 20 20 00 20 20 20 20 20 20 20 00 20 20 20 20 20 20 20 00 20 20 20 20 20 20 20 00 20 20 20 20 20 20 20 00 20 20 20 20 20 20 20 00 20 20 20 20 20 20 20 00 20 20 20 20 20 20 20 00 20 20 20 20 20 20 20 00 20 20 20 20 20 20 20 00 20 20 20 20 20 20 20 00 20 20 20 20 20 20 20 00 20 20 20 20 20 20 20 00 20 20 20 20 20 20 20 00 20 20 20 20 20 20 20 00 20 20 20 20 20 20 20 00 20 20 20 20 20 20 20 00 20 20 20 20 20 20 20 00 20 20 20 20 20 20 20 00 20 20 20 20 20 20 20 00 20 20 20 20 20 20 20 00 20 20 20 20 20 20 20 00 20 20 20 20 20 20 20 00 20 20 20 20 20 20 20 00 20 20 20 20 20 20 20 00 20 20 20 20 20 20 20 00 20 20 20 20 20 20 20 00 20 20 20 20 20 20 20 00 20 20 20 20 20 20 20 00 20 20 20 20 20 20 20 00 20 20 20 20 20 20 20 00 20 20 20 20 20 20 20 00 20 20 20 20 20 20 20 00 20 20 20 20 20 20 20 00 20 20 20 20 20 20 20 00 20 20 20 20 20 20 20 00 20 20 20 20 20 20 20 00 20 20 20 20 20 20 20 00 20 20 20 20 20 20 20 00 20 20 20 20 20 20 20 00 20 20 20 20 20 20 20 00 20 20 20 20 20 20 20 00 20 20 20 20 20 20 20 00 20 20 20 20 20 20 20 00 20 20 20 20 20 53 53 00 53 53 54 54 54 54 49 00 49 49 49 31 32 33 34 00 53 53 53 53 54 54 54 00 54 45 45 45 45 52 52 00 52 52 45 45 45 45 4F 00 4F 4F 4F 20 20 20 20 00 49 49 49 49 4E 4E 4E 00 4E 31 32 33 34 20 20 00 20 20 20 20 20 20 20 00 20 20 20 20 20 20 20 00 20 20 20 20 20 20 20 00 20 73 41 3E F7
[17:45:53] 💻 S→Y (16b): F0 43 20 7E 4C 4D 20 20 38 43 39 33 4F 00 01 F7
[17:45:53] 🎹 Y→S (16b): F0 43 10 3E 7F 5E 01 52 02 00 00 00 00 00 00 F7
[17:45:53] 💻 S→Y (16b): F0 43 10 3E 7F 5E 01 52 02 00 00 00 00 00 00 F7
[17:45:53] 🎹 Y→S (21b): F0 43 00 7E 00 0D 4C 4D 20 20 38 43 39 33 4F 00 01 00 00 70 F7
[17:45:53] 💻 S→Y (21b): F0 43 00 7E 00 0D 4C 4D 20 20 38 43 39 33 4F 00 01 00 00 70 F7
[17:45:53] 💻 S→Y (16b): F0 43 20 7E 4C 4D 20 20 38 43 39 33 4F 00 02 F7
[17:45:53] 🎹 Y→S (21b): F0 43 00 7E 00 0D 4C 4D 20 20 38 43 39 33 4F 00 02 00 00 6F F7
[17:45:53] 💻 S→Y (21b): F0 43 00 7E 00 0D 4C 4D 20 20 38 43 39 33 4F 00 02 00 00 6F F7
[17:45:53] 💻 S→Y (16b): F0 43 20 7E 4C 4D 20 20 38 43 39 33 4F 00 03 F7
[17:45:53] 🎹 Y→S (21b): F0 43 00 7E 00 0D 4C 4D 20 20 38 43 39 33 4F 00 03 00 00 6E F7
[17:45:53] 💻 S→Y (21b): F0 43 00 7E 00 0D 4C 4D 20 20 38 43 39 33 4F 00 03 00 00 6E F7
[17:45:53] 💻 S→Y (16b): F0 43 20 7E 4C 4D 20 20 38 43 39 33 4F 00 04 F7
[17:45:53] 🎹 Y→S (21b): F0 43 00 7E 00 0D 4C 4D 20 20 38 43 39 33 4F 00 04 00 00 6D F7
[17:45:53] 💻 S→Y (21b): F0 43 00 7E 00 0D 4C 4D 20 20 38 43 39 33 4F 00 04 00 00 6D F7
[17:45:53] 💻 S→Y (16b): F0 43 20 7E 4C 4D 20 20 38 43 39 33 4F 00 05 F7
[17:45:53] 🎹 Y→S (21b): F0 43 00 7E 00 0D 4C 4D 20 20 38 43 39 33 4F 00 05 00 00 6C F7
[17:45:53] 💻 S→Y (21b): F0 43 00 7E 00 0D 4C 4D 20 20 38 43 39 33 4F 00 05 00 00 6C F7
[17:45:53] 💻 S→Y (16b): F0 43 20 7E 4C 4D 20 20 38 43 39 33 4F 00 06 F7
[17:45:53] 🎹 Y→S (21b): F0 43 00 7E 00 0D 4C 4D 20 20 38 43 39 33 4F 00 06 00 00 6B F7
[17:45:53] 💻 S→Y (21b): F0 43 00 7E 00 0D 4C 4D 20 20 38 43 39 33 4F 00 06 00 00 6B F7
[17:45:53] 💻 S→Y (16b): F0 43 20 7E 4C 4D 20 20 38 43 39 33 4F 00 07 F7
[17:45:53] 🎹 Y→S (21b): F0 43 00 7E 00 0D 4C 4D 20 20 38 43 39 33 4F 00 07 00 00 6A F7
[17:45:53] 💻 S→Y (21b): F0 43 00 7E 00 0D 4C 4D 20 20 38 43 39 33 4F 00 07 00 00 6A F7
[17:45:53] 💻 S→Y (16b): F0 43 20 7E 4C 4D 20 20 38 43 39 33 4F 00 08 F7
[17:45:53] 🎹 Y→S (21b): F0 43 00 7E 00 0D 4C 4D 20 20 38 43 39 33 4F 00 08 00 00 69 F7
[17:45:53] 💻 S→Y (21b): F0 43 00 7E 00 0D 4C 4D 20 20 38 43 39 33 4F 00 08 00 00 69 F7
[17:45:53] 💻 S→Y (16b): F0 43 20 7E 4C 4D 20 20 38 43 39 33 4F 00 09 F7
[17:45:53] 🎹 Y→S (21b): F0 43 00 7E 00 0D 4C 4D 20 20 38 43 39 33 4F 00 09 00 00 68 F7
[17:45:53] 💻 S→Y (21b): F0 43 00 7E 00 0D 4C 4D 20 20 38 43 39 33 4F 00 09 00 00 68 F7
[17:45:53] 💻 S→Y (16b): F0 43 20 7E 4C 4D 20 20 38 43 39 33 4F 00 0A F7
[17:45:53] 🎹 Y→S (21b): F0 43 00 7E 00 0D 4C 4D 20 20 38 43 39 33 4F 00 0A 00 00 67 F7
[17:45:53] 💻 S→Y (21b): F0 43 00 7E 00 0D 4C 4D 20 20 38 43 39 33 4F 00 0A 00 00 67 F7
[17:45:53] 💻 S→Y (16b): F0 43 20 7E 4C 4D 20 20 38 43 39 33 4F 00 0B F7
[17:45:53] 🎹 Y→S (21b): F0 43 00 7E 00 0D 4C 4D 20 20 38 43 39 33 4F 00 0B 00 00 66 F7
[17:45:53] 💻 S→Y (21b): F0 43 00 7E 00 0D 4C 4D 20 20 38 43 39 33 4F 00 0B 00 00 66 F7
[17:45:53] 💻 S→Y (16b): F0 43 20 7E 4C 4D 20 20 38 43 39 33 4F 00 0C F7
[17:45:53] 🎹 Y→S (21b): F0 43 00 7E 00 0D 4C 4D 20 20 38 43 39 33 4F 00 0C 00 00 65 F7
[17:45:53] 💻 S→Y (21b): F0 43 00 7E 00 0D 4C 4D 20 20 38 43 39 33 4F 00 0C 00 00 65 F7
[17:45:53] 💻 S→Y (16b): F0 43 20 7E 4C 4D 20 20 38 43 39 33 4F 00 0D F7
[17:45:53] 🎹 Y→S (21b): F0 43 00 7E 00 0D 4C 4D 20 20 38 43 39 33 4F 00 0D 00 00 64 F7
[17:45:53] 💻 S→Y (21b): F0 43 00 7E 00 0D 4C 4D 20 20 38 43 39 33 4F 00 0D 00 00 64 F7
[17:45:53] 💻 S→Y (16b): F0 43 20 7E 4C 4D 20 20 38 43 39 33 4F 00 0E F7
[17:45:53] 🎹 Y→S (21b): F0 43 00 7E 00 0D 4C 4D 20 20 38 43 39 33 4F 00 0E 00 00 63 F7
[17:45:53] 💻 S→Y (21b): F0 43 00 7E 00 0D 4C 4D 20 20 38 43 39 33 4F 00 0E 00 00 63 F7
[17:45:53] 💻 S→Y (16b): F0 43 20 7E 4C 4D 20 20 38 43 39 33 4F 00 0F F7
[17:45:53] 🎹 Y→S (21b): F0 43 00 7E 00 0D 4C 4D 20 20 38 43 39 33 4F 00 0F 00 00 62 F7
[17:45:53] 💻 S→Y (21b): F0 43 00 7E 00 0D 4C 4D 20 20 38 43 39 33 4F 00 0F 00 00 62 F7
[17:45:53] 💻 S→Y (16b): F0 43 20 7E 4C 4D 20 20 38 43 39 33 4F 00 10 F7
[17:45:53] 🎹 Y→S (21b): F0 43 00 7E 00 0D 4C 4D 20 20 38 43 39 33 4F 00 10 00 00 61 F7
[17:45:53] 💻 S→Y (21b): F0 43 00 7E 00 0D 4C 4D 20 20 38 43 39 33 4F 00 10 00 00 61 F7
[17:45:53] 💻 S→Y (16b): F0 43 20 7E 4C 4D 20 20 38 43 39 33 4F 00 11 F7
[17:45:53] 🎹 Y→S (21b): F0 43 00 7E 00 0D 4C 4D 20 20 38 43 39 33 4F 00 11 00 00 60 F7
[17:45:53] 💻 S→Y (21b): F0 43 00 7E 00 0D 4C 4D 20 20 38 43 39 33 4F 00 11 00 00 60 F7
[17:45:53] 💻 S→Y (16b): F0 43 20 7E 4C 4D 20 20 38 43 39 33 4F 00 12 F7
[17:45:53] 🎹 Y→S (21b): F0 43 00 7E 00 0D 4C 4D 20 20 38 43 39 33 4F 00 12 00 00 5F F7
[17:45:53] 💻 S→Y (21b): F0 43 00 7E 00 0D 4C 4D 20 20 38 43 39 33 4F 00 12 00 00 5F F7
[17:45:53] 💻 S→Y (16b): F0 43 20 7E 4C 4D 20 20 38 43 39 33 4F 00 13 F7
[17:45:53] 🎹 Y→S (21b): F0 43 00 7E 00 0D 4C 4D 20 20 38 43 39 33 4F 00 13 00 00 5E F7
[17:45:53] 💻 S→Y (21b): F0 43 00 7E 00 0D 4C 4D 20 20 38 43 39 33 4F 00 13 00 00 5E F7
[17:45:53] 💻 S→Y (16b): F0 43 20 7E 4C 4D 20 20 38 43 39 33 4F 00 14 F7
[17:45:53] 🎹 Y→S (21b): F0 43 00 7E 00 0D 4C 4D 20 20 38 43 39 33 4F 00 14 00 00 5D F7
[17:45:53] 💻 S→Y (21b): F0 43 00 7E 00 0D 4C 4D 20 20 38 43 39 33 4F 00 14 00 00 5D F7
[17:45:53] 💻 S→Y (16b): F0 43 20 7E 4C 4D 20 20 38 43 39 33 4F 00 15 F7
[17:45:53] 🎹 Y→S (21b): F0 43 00 7E 00 0D 4C 4D 20 20 38 43 39 33 4F 00 15 00 00 5C F7
[17:45:53] 💻 S→Y (21b): F0 43 00 7E 00 0D 4C 4D 20 20 38 43 39 33 4F 00 15 00 00 5C F7
[17:45:53] 💻 S→Y (16b): F0 43 20 7E 4C 4D 20 20 38 43 39 33 4F 00 16 F7
[17:45:53] 🎹 Y→S (21b): F0 43 00 7E 00 0D 4C 4D 20 20 38 43 39 33 4F 00 16 00 00 5B F7
[17:45:53] 💻 S→Y (21b): F0 43 00 7E 00 0D 4C 4D 20 20 38 43 39 33 4F 00 16 00 00 5B F7
[17:45:53] 💻 S→Y (16b): F0 43 20 7E 4C 4D 20 20 38 43 39 33 4F 00 17 F7
[17:45:53] 🎹 Y→S (21b): F0 43 00 7E 00 0D 4C 4D 20 20 38 43 39 33 4F 00 17 00 00 5A F7
[17:45:53] 💻 S→Y (21b): F0 43 00 7E 00 0D 4C 4D 20 20 38 43 39 33 4F 00 17 00 00 5A F7
[17:45:53] 💻 S→Y (16b): F0 43 20 7E 4C 4D 20 20 38 43 39 33 4F 00 18 F7
[17:45:53] 🎹 Y→S (21b): F0 43 00 7E 00 0D 4C 4D 20 20 38 43 39 33 4F 00 18 00 00 59 F7
[17:45:53] 💻 S→Y (21b): F0 43 00 7E 00 0D 4C 4D 20 20 38 43 39 33 4F 00 18 00 00 59 F7
[17:45:53] 💻 S→Y (16b): F0 43 20 7E 4C 4D 20 20 38 43 39 33 4F 00 19 F7
[17:45:53] 🎹 Y→S (21b): F0 43 00 7E 00 0D 4C 4D 20 20 38 43 39 33 4F 00 19 00 00 58 F7
[17:45:53] 💻 S→Y (21b): F0 43 00 7E 00 0D 4C 4D 20 20 38 43 39 33 4F 00 19 00 00 58 F7
[17:45:53] 💻 S→Y (16b): F0 43 20 7E 4C 4D 20 20 38 43 39 33 4F 00 1A F7
[17:45:53] 🎹 Y→S (21b): F0 43 00 7E 00 0D 4C 4D 20 20 38 43 39 33 4F 00 1A 00 00 57 F7
[17:45:53] 💻 S→Y (21b): F0 43 00 7E 00 0D 4C 4D 20 20 38 43 39 33 4F 00 1A 00 00 57 F7
[17:45:53] 💻 S→Y (16b): F0 43 20 7E 4C 4D 20 20 38 43 39 33 4F 00 1B F7
[17:45:53] 🎹 Y→S (21b): F0 43 00 7E 00 0D 4C 4D 20 20 38 43 39 33 4F 00 1B 00 00 56 F7
[17:45:53] 💻 S→Y (21b): F0 43 00 7E 00 0D 4C 4D 20 20 38 43 39 33 4F 00 1B 00 00 56 F7
[17:45:53] 💻 S→Y (16b): F0 43 20 7E 4C 4D 20 20 38 43 39 33 4F 00 1C F7
[17:45:53] 🎹 Y→S (21b): F0 43 00 7E 00 0D 4C 4D 20 20 38 43 39 33 4F 00 1C 00 00 55 F7
[17:45:53] 💻 S→Y (21b): F0 43 00 7E 00 0D 4C 4D 20 20 38 43 39 33 4F 00 1C 00 00 55 F7
[17:45:53] 💻 S→Y (16b): F0 43 20 7E 4C 4D 20 20 38 43 39 33 4F 00 1D F7
[17:45:53] 🎹 Y→S (21b): F0 43 00 7E 00 0D 4C 4D 20 20 38 43 39 33 4F 00 1D 00 00 54 F7
[17:45:53] 💻 S→Y (21b): F0 43 00 7E 00 0D 4C 4D 20 20 38 43 39 33 4F 00 1D 00 00 54 F7
[17:45:53] 💻 S→Y (16b): F0 43 20 7E 4C 4D 20 20 38 43 39 33 4F 00 1E F7
[17:45:53] 🎹 Y→S (21b): F0 43 00 7E 00 0D 4C 4D 20 20 38 43 39 33 4F 00 1E 00 00 53 F7
[17:45:53] 💻 S→Y (21b): F0 43 00 7E 00 0D 4C 4D 20 20 38 43 39 33 4F 00 1E 00 00 53 F7
[17:45:53] 💻 S→Y (16b): F0 43 20 7E 4C 4D 20 20 38 43 39 33 4F 00 1F F7
[17:45:53] 🎹 Y→S (21b): F0 43 00 7E 00 0D 4C 4D 20 20 38 43 39 33 4F 00 1F 00 00 52 F7
[17:45:53] 💻 S→Y (21b): F0 43 00 7E 00 0D 4C 4D 20 20 38 43 39 33 4F 00 1F 00 00 52 F7
[17:45:53] 💻 S→Y (16b): F0 43 20 7E 4C 4D 20 20 38 43 39 33 4F 00 20 F7
[17:45:53] 🎹 Y→S (21b): F0 43 00 7E 00 0D 4C 4D 20 20 38 43 39 33 4F 00 20 00 00 51 F7
[17:45:53] 💻 S→Y (21b): F0 43 00 7E 00 0D 4C 4D 20 20 38 43 39 33 4F 00 20 00 00 51 F7
[17:45:53] 💻 S→Y (16b): F0 43 20 7E 4C 4D 20 20 38 43 39 33 4F 02 00 F7
[17:45:53] 🎹 Y→S (641b): F0 43 00 7E 04 79 4C 4D 20 20 38 43 39 33 4F 02 00 00 00 00 20 20 20 4E 65 77 20 00 44 61 74 61 20 20 20 00 20 20 00 03 00 00 00 00 01 00 01 00 02 00 02 00 00 03 00 03 00 04 00 00 04 00 05 00 05 00 06 00 00 06 00 07 00 07 00 00 08 00 08 00 01 00 00 00 00 02 00 00 00 03 00 00 00 00 04 00 00 00 05 00 00 00 00 06 00 00 00 00 07 00 00 00 08 00 00 00 00 09 00 0A 00 0B 00 00 0C 00 00 00 00 00 00 00 00 00 00 00 00 00 00 00 00 00 00 00 00 00 00 00 00 00 00 00 00 00 00 00 00 00 00 00 00 00 00 00 00 00 00 11 00 12 00 00 13 00 14 00 15 00 16 00 00 17 00 18 00 01 00 00 02 00 03 00 04 00 05 00 00 06 00 07 00 08 00 00 00 00 00 00 00 00 00 00 00 00 00 00 00 00 00 00 00 00 00 00 00 00 00 00 00 00 00 00 00 00 00 00 00 00 00 00 1D 00 1E 00 00 09 00 0A 42 42 42 00 42 42 42 42 42 55 55 00 55 55 55 55 55 55 53 00 53 53 53 53 53 53 53 00 31 32 33 34 35 36 37 00 38 42 42 42 42 42 42 00 42 42 55 55 55 55 55 00 55 55 55 53 53 53 53 00 53 53 53 53 31 32 33 00 34 35 36 37 38 20 20 00 20 20 20 20 20 20 20 00 20 20 20 20 20 20 20 00 20 20 20 20 20 20 20 00 20 20 20 20 20 20 20 00 20 20 20 20 20 20 20 00 20 20 20 20 20 20 20 00 20 20 20 20 20 20 20 00 20 20 20 20 20 20 20 00 20 20 20 20 20 20 20 00 20 20 20 20 20 20 20 00 20 20 20 20 20 20 20 00 20 20 20 20 20 20 20 00 20 20 20 20 20 20 20 00 20 20 20 41 41 41 41 00 41 41 41 41 55 55 55 00 55 55 55 55 55 58 58 00 58 58 58 58 58 58 31 00 32 33 34 35 36 37 38 00 41 41 41 41 41 41 41 00 41 55 55 55 55 55 55 00 55 55 58 58 58 58 58 00 58 58 58 31 32 33 34 00 35 36 37 38 20 20 20 00 20 20 20 20 20 20 20 00 20 20 20 20 20 20 20 00 20 20 20 20 20 20 20 00 20 20 20 20 20 20 20 00 20 20 20 20 20 20 20 00 20 20 20 20 20 20 20 00 20 20 20 20 20 20 20 00 20 20 20 20 20 20 20 00 20 20 20 20 20 20 20 00 20 20 20 20 20 20 20 00 20 20 20 20 20 20 20 00 20 20 20 20 20 20 20 00 20 20 20 20 20 20 20 00 20 20 53 54 20 20 53 00 54 45 52 45 4F 20 20 00 20 20 20 20 20 20 20 00 20 25 3A 14 F7
[17:45:53] 💻 S→Y (641b): F0 43 00 7E 04 79 4C 4D 20 20 38 43 39 33 4F 02 00 00 00 00 20 20 20 4E 65 77 20 00 44 61 74 61 20 20 20 00 20 20 00 03 00 00 00 00 01 00 01 00 02 00 02 00 00 03 00 03 00 04 00 00 04 00 05 00 05 00 06 00 00 06 00 07 00 07 00 00 08 00 08 00 01 00 00 00 00 02 00 00 00 03 00 00 00 00 04 00 00 00 05 00 00 00 00 06 00 00 00 00 07 00 00 00 08 00 00 00 00 09 00 0A 00 0B 00 00 0C 00 00 00 00 00 00 00 00 00 00 00 00 00 00 00 00 00 00 00 00 00 00 00 00 00 00 00 00 00 00 00 00 00 00 00 00 00 00 00 00 00 00 11 00 12 00 00 13 00 14 00 15 00 16 00 00 17 00 18 00 01 00 00 02 00 03 00 04 00 05 00 00 06 00 07 00 08 00 00 00 00 00 00 00 00 00 00 00 00 00 00 00 00 00 00 00 00 00 00 00 00 00 00 00 00 00 00 00 00 00 00 00 00 00 00 1D 00 1E 00 00 09 00 0A 42 42 42 00 42 42 42 42 42 55 55 00 55 55 55 55 55 55 53 00 53 53 53 53 53 53 53 00 31 32 33 34 35 36 37 00 38 42 42 42 42 42 42 00 42 42 55 55 55 55 55 00 55 55 55 53 53 53 53 00 53 53 53 53 31 32 33 00 34 35 36 37 38 20 20 00 20 20 20 20 20 20 20 00 20 20 20 20 20 20 20 00 20 20 20 20 20 20 20 00 20 20 20 20 20 20 20 00 20 20 20 20 20 20 20 00 20 20 20 20 20 20 20 00 20 20 20 20 20 20 20 00 20 20 20 20 20 20 20 00 20 20 20 20 20 20 20 00 20 20 20 20 20 20 20 00 20 20 20 20 20 20 20 00 20 20 20 20 20 20 20 00 20 20 20 20 20 20 20 00 20 20 20 41 41 41 41 00 41 41 41 41 55 55 55 00 55 55 55 55 55 58 58 00 58 58 58 58 58 58 31 00 32 33 34 35 36 37 38 00 41 41 41 41 41 41 41 00 41 55 55 55 55 55 55 00 55 55 58 58 58 58 58 00 58 58 58 31 32 33 34 00 35 36 37 38 20 20 20 00 20 20 20 20 20 20 20 00 20 20 20 20 20 20 20 00 20 20 20 20 20 20 20 00 20 20 20 20 20 20 20 00 20 20 20 20 20 20 20 00 20 20 20 20 20 20 20 00 20 20 20 20 20 20 20 00 20 20 20 20 20 20 20 00 20 20 20 20 20 20 20 00 20 20 20 20 20 20 20 00 20 20 20 20 20 20 20 00 20 20 20 20 20 20 20 00 20 20 20 20 20 20 20 00 20 20 53 54 20 20 53 00 54 45 52 45 4F 20 20 00 20 20 20 20 20 20 20 00 20 25 3A 14 F7
[17:45:53] 💻 S→Y (16b): F0 43 20 7E 4C 4D 20 20 38 43 39 33 4C 00 00 F7
[17:45:53] 🎹 Y→S (16b): F0 43 10 3E 7F 5E 01 4F 02 00 00 00 00 00 00 F7
[17:45:53] 💻 S→Y (16b): F0 43 10 3E 7F 5E 01 4F 02 00 00 00 00 00 00 F7
[17:45:53] 🎹 Y→S (2048b): F0 43 00 7E 11 02 4C 4D 20 20 38 43 39 33 4C 00 00 00 00 00 20 20 20 20 20 20 20 00 20 20 20 20 20 20 20 00 20 20 00 01 00 01 47 00 65 6E 65 72 61 6C 20 00 4D 49 44 49 20 31 20 00 20 47 47 47 47 47 47 00 47 47 47 47 47 47 47 00 47 47 47 4D 4D 4D 4D 00 4D 4D 4D 4D 4D 4D 4D 00 4D 4D 4D 4D 4D 31 32 00 33 34 35 36 37 38 39 00 31 31 31 31 31 31 31 00 20 20 20 20 20 20 20 00 20 20 30 31 32 33 34 00 35 36 47 47 47 47 47 00 47 47 47 47 47 47 47 00 47 47 47 47 4D 4D 4D 00 4D 4D 4D 4D 4D 4D 4D 00 4D 4D 4D 4D 4D 4D 2D 00 2D 2D 2D 2D 2D 2D 2D 00 2D 2D 2D 2D 2D 2D 2D 00 2D 43 43 43 43 43 43 00 43 43 43 43 43 43 43 00 43 43 43 48 48 48 48 00 48 48 48 48 48 48 48 00 48 48 48 48 48 31 32 00 33 34 35 36 37 38 39 00 31 31 31 31 31 31 31 00 20 20 20 20 20 20 20 00 20 20 30 31 32 33 34 00 35 36 20 20 20 20 20 00 20 20 20 20 20 20 20 00 20 20 20 20 56 56 56 00 56 56 56 56 56 56 56 00 56 56 56 56 56 56 4F 00 4F 4F 4F 4F 4F 4F 4F 00 4F 4F 4F 4F 4F 4F 4F 00 4F 4C 4C 4C 4C 4C 4C 00 4C 4C 4C 4C 4C 4C 4C 00 4C 4C 4C 55 55 55 55 00 55 55 55 55 55 55 55 00 55 55 55 55 55 4D 4D 00 4D 4D 4D 4D 4D 4D 4D 00 4D 4D 4D 4D 4D 4D 4D 00 45 45 45 45 45 45 45 00 45 45 45 45 45 45 45 00 45 45 20 20 20 20 20 00 20 20 20 20 20 20 20 00 20 20 20 20 20 20 20 00 20 20 20 20 20 20 20 00 20 20 20 20 20 20 01 00 02 01 02 01 02 01 02 00 01 02 01 02 01 02 01 00 02 01 02 01 02 01 02 00 01 02 01 02 01 02 01 00 02 01 02 01 01 01 01 00 01 01 01 01 01 01 01 00 01 01 01 01 01 01 01 00 01 01 01 01 01 01 01 00 01 01 01 01 01 01 01 00 01 01 01 01 01 01 01 00 01 01 01 01 01 01 01 00 01 01 01 01 01 01 01 00 01 01 01 01 01 01 01 00 01 01 01 01 01 01 01 00 01 01 01 01 01 01 01 00 01 01 01 01 01 01 01 00 01 01 01 01 01 01 01 00 01 01 01 01 01 01 01 00 01 01 01 01 01 01 01 00 01 01 01 01 01 01 01 00 01 01 01 01 01 01 01 00 01 01 01 01 01 01 01 00 01 01 01 01 01 01 01 00 01 01 01 01 01 01 01 00 01 01 01 01 01 01 01 00 01 01 01 01 01 01 01 00 01 01 01 01 01 01 01 00 01 01 01 01 01 01 01 00 01 01 01 01 01 01 01 00 01 01 01 01 01 01 01 00 01 01 01 01 01 01 01 00 01 01 01 01 01 01 01 00 01 01 01 01 01 01 01 00 01 01 01 01 01 01 01 00 01 01 01 01 01 01 01 00 01 01 01 01 01 01 01 00 01 01 01 01 01 01 01 00 01 01 01 01 01 01 01 00 01 01 01 01 01 01 01 00 01 01 01 01 01 01 01 00 01 01 01 01 01 01 01 00 01 01 01 01 01 01 01 00 01 01 01 01 01 01 01 00 01 01 01 01 01 01 01 00 01 01 01 01 01 01 01 00 01 01 01 01 01 01 01 00 01 01 01 01 01 01 01 00 01 01 01 01 01 01 01 00 01 01 01 01 01 01 01 00 01 01 01 01 01 01 01 00 01 01 01 01 01 01 01 00 01 01 01 01 01 01 01 00 01 01 01 01 01 01 01 00 01 01 01 01 01 01 01 00 01 01 01 01 01 01 01 00 01 01 01 01 01 01 01 00 01 01 01 01 01 01 01 00 01 01 01 01 01 01 01 00 01 01 01 01 01 01 01 00 01 01 01 01 01 01 01 00 01 01 01 01 01 01 01 00 01 01 01 01 01 01 01 00 01 01 01 01 01 01 01 00 01 01 01 01 01 01 01 00 01 01 01 01 01 01 01 00 01 01 01 01 01 01 01 00 01 01 01 01 01 01 01 00 01 01 01 01 01 01 01 00 01 01 01 01 01 01 01 00 01 01 01 01 01 01 01 00 01 01 01 01 01 01 01 00 01 01 01 01 01 01 01 00 01 01 01 01 01 01 01 2A 00 30 00 31 00 32 00 55 33 00 34 00 35 00 36 2A 00 37 00 38 00 39 00 55 3A 00 3B 00 3C 00 3D 28 00 3E 00 3F 00 07 00 00 07 00 07 00 07 00 07 00 00 07 00 07 00 07 00 00 07 00 07 00 07 00 07 00 00 07 00 07 00 07 00 00 07 01 00 01 00 01 00 00 01 00 01 00 01 00 01 00 00 01 00 01 00 01 00 00 01 00 01 00 01 00 01 00 00 01 00 01 00 01 02 00 01 02 01 02 01 02 01 00 02 01 02 01 02 01 02 00 01 02 01 02 01 02 01 00 02 01 02 01 02 01 02 00 01 02 01 01 01 01 01 00 01 01 01 01 01 01 01 00 01 01 01 01 01 01 01 00 01 01 01 01 01 01 01 00 01 01 01 01 01 01 01 00 01 01 01 01 01 01 01 00 01 01 01 01 01 01 01 00 01 01 01 01 01 01 01 00 01 01 01 01 01 01 01 00 01 01 01 01 01 01 01 00 01 01 01 01 01 01 01 00 01 01 01 01 01 01 01 00 01 01 01 01 01 01 01 00 01 01 01 01 01 01 01 00 01 01 01 01 01 01 01 00 01 01 01 01 01 01 01 00 01 01 01 01 01 01 01 00 01 01 01 01 01 01 01 00 01 01 01 01 01 01 01 00 01 01 01 01 01 01 01 00 01 01 01 01 01 01 01 00 01 01 01 01 01 01 01 00 01 01 01 01 01 01 01 00 01 01 01 01 01 01 01 00 01 01 01 01 01 01 01 00 01 01 01 01 01 01 01 00 01 01 01 01 01 01 01 00 01 01 01 01 01 01 01 00 01 01 01 01 01 01 01 00 01 01 01 01 01 01 01 00 01 01 01 01 01 01 01 00 01 01 01 01 01 01 01 00 01 01 01 01 01 01 01 00 01 01 01 01 01 01 01 00 01 01 01 01 01 01 01 00 01 01 01 01 01 01 01 00 01 01 01 01 01 01 01 00 01 01 01 01 01 01 01 00 01 01 01 01 01 01 01 00 01 01 01 01 01 01 01 00 01 01 01 01 01 01 01 00 01 01 01 01 01 01 01 00 01 01 01 01 01 01 01 00 01 01 01 01 01 01 01 00 01 01 01 01 01 01 01 00 01 01 01 01 01 01 01 00 01 01 01 01 01 01 01 00 01 01 01 01 01 01 01 00 01 01 01 01 01 01 01 00 01 01 01 01 01 01 01 00 01 01 01 01 01 01 01 00 01 01 01 01 01 01 01 00 01 01 01 01 01 01 01 00 01 01 01 01 01 01 01 00 01 01 01 01 01 01 01 15 01 00 30 00 31 00 32 2A 00 33 00 34 00 35 00 55 36 00 37 00 38 00 39 2A 00 3A 00 3B 00 3C 00 54 3D 00 3E 00 3F 00 0A 00 00 0A 00 0A 00 0A 00 00 0A 00 0A 00 0A 00 0A 00 00 0A 00 0A 00 0A 00 00 0A 00 0A 00 0A 00 0A 00 00 0A 01 00 01 00 01 00 00 01 00 01 00 01 00 00 01 00 01 00 01 00 01 00 00 01 00 01 00 01 00 00 01 00 01 00 01 00 01 00 02 01 02 01 02 01 02 00 01 02 01 02 01 02 01 00 02 01 02 01 02 01 02 00 01 02 01 02 01 02 01 00 02 01 02 01 01 01 01 00 01 01 01 01 01 01 01 00 01 01 01 01 01 01 01 00 01 01 01 01 01 01 01 00 01 01 01 01 01 01 01 00 01 01 01 01 01 01 01 00 01 01 01 01 01 01 01 00 01 01 01 01 01 01 01 00 01 01 01 01 01 01 01 00 01 01 01 01 01 01 01 00 01 01 01 01 01 01 01 00 01 01 01 01 01 01 01 00 01 01 01 01 01 01 01 00 01 01 01 01 01 01 01 00 01 01 01 01 01 01 01 00 01 01 01 01 01 01 01 00 01 01 01 01 01 01 01 00 01 01 01 01 01 01 01 00 01 01 01 01 01 01 01 00 01 01 01 01 01 01 01 00 01 01 01 01 01 01 01 00 01 01 01 01 01 01 01 00 01 01 01 01 01 01 01 00 01 01 01 01 01 01 01 00 01 01 01 01 01 01 01 00 01 01 01 01 01 01 01 00 01 01 01 01 01 01 01 00 01 01 01 01 01 01 01 00 01 01 01 01 01 01 01 00 01 01 01 01 01 01 01 00 01 01 01 01 01 01 01 00 01 01 01 01 01 01 01 00 01 01 01 01 01 01 01 00 01 01 01 01 01 01 01 00 01 01 01 01 01 01 01 00 01 01 01 01 01 01 01 00 01 01 01 01 01 01 01 00 01 01 01 01 01 01 01 00 01 01 01 01
[17:45:53] 🎹 Y→S (138b): 01 01 01 00 01 01 01 01 01 01 01 00 01 01 01 01 01 01 01 00 01 01 01 01 01 01 01 00 01 01 01 01 01 01 01 00 01 01 01 01 01 01 01 00 01 01 01 01 01 01 01 00 01 01 01 01 01 01 01 00 01 01 01 01 01 01 01 00 01 01 01 01 01 01 01 00 01 01 01 01 01 01 01 00 01 01 01 01 01 01 01 00 01 01 01 01 01 01 01 00 01 01 01 01 01 01 01 00 01 01 01 01 01 01 01 00 01 01 01 01 01 01 01 00 01 01 01 01 01 01 01 00 01 01 2D 77 02 F7
[17:45:53] 💻 S→Y (2048b): F0 43 00 7E 11 02 4C 4D 20 20 38 43 39 33 4C 00 00 00 00 00 20 20 20 20 20 20 20 00 20 20 20 20 20 20 20 00 20 20 00 01 00 01 47 00 65 6E 65 72 61 6C 20 00 4D 49 44 49 20 31 20 00 20 47 47 47 47 47 47 00 47 47 47 47 47 47 47 00 47 47 47 4D 4D 4D 4D 00 4D 4D 4D 4D 4D 4D 4D 00 4D 4D 4D 4D 4D 31 32 00 33 34 35 36 37 38 39 00 31 31 31 31 31 31 31 00 20 20 20 20 20 20 20 00 20 20 30 31 32 33 34 00 35 36 47 47 47 47 47 00 47 47 47 47 47 47 47 00 47 47 47 47 4D 4D 4D 00 4D 4D 4D 4D 4D 4D 4D 00 4D 4D 4D 4D 4D 4D 2D 00 2D 2D 2D 2D 2D 2D 2D 00 2D 2D 2D 2D 2D 2D 2D 00 2D 43 43 43 43 43 43 00 43 43 43 43 43 43 43 00 43 43 43 48 48 48 48 00 48 48 48 48 48 48 48 00 48 48 48 48 48 31 32 00 33 34 35 36 37 38 39 00 31 31 31 31 31 31 31 00 20 20 20 20 20 20 20 00 20 20 30 31 32 33 34 00 35 36 20 20 20 20 20 00 20 20 20 20 20 20 20 00 20 20 20 20 56 56 56 00 56 56 56 56 56 56 56 00 56 56 56 56 56 56 4F 00 4F 4F 4F 4F 4F 4F 4F 00 4F 4F 4F 4F 4F 4F 4F 00 4F 4C 4C 4C 4C 4C 4C 00 4C 4C 4C 4C 4C 4C 4C 00 4C 4C 4C 55 55 55 55 00 55 55 55 55 55 55 55 00 55 55 55 55 55 4D 4D 00 4D 4D 4D 4D 4D 4D 4D 00 4D 4D 4D 4D 4D 4D 4D 00 45 45 45 45 45 45 45 00 45 45 45 45 45 45 45 00 45 45 20 20 20 20 20 00 20 20 20 20 20 20 20 00 20 20 20 20 20 20 20 00 20 20 20 20 20 20 20 00 20 20 20 20 20 20 01 00 02 01 02 01 02 01 02 00 01 02 01 02 01 02 01 00 02 01 02 01 02 01 02 00 01 02 01 02 01 02 01 00 02 01 02 01 01 01 01 00 01 01 01 01 01 01 01 00 01 01 01 01 01 01 01 00 01 01 01 01 01 01 01 00 01 01 01 01 01 01 01 00 01 01 01 01 01 01 01 00 01 01 01 01 01 01 01 00 01 01 01 01 01 01 01 00 01 01 01 01 01 01 01 00 01 01 01 01 01 01 01 00 01 01 01 01 01 01 01 00 01 01 01 01 01 01 01 00 01 01 01 01 01 01 01 00 01 01 01 01 01 01 01 00 01 01 01 01 01 01 01 00 01 01 01 01 01 01 01 00 01 01 01 01 01 01 01 00 01 01 01 01 01 01 01 00 01 01 01 01 01 01 01 00 01 01 01 01 01 01 01 00 01 01 01 01 01 01 01 00 01 01 01 01 01 01 01 00 01 01 01 01 01 01 01 00 01 01 01 01 01 01 01 00 01 01 01 01 01 01 01 00 01 01 01 01 01 01 01 00 01 01 01 01 01 01 01 00 01 01 01 01 01 01 01 00 01 01 01 01 01 01 01 00 01 01 01 01 01 01 01 00 01 01 01 01 01 01 01 00 01 01 01 01 01 01 01 00 01 01 01 01 01 01 01 00 01 01 01 01 01 01 01 00 01 01 01 01 01 01 01 00 01 01 01 01 01 01 01 00 01 01 01 01 01 01 01 00 01 01 01 01 01 01 01 00 01 01 01 01 01 01 01 00 01 01 01 01 01 01 01 00 01 01 01 01 01 01 01 00 01 01 01 01 01 01 01 00 01 01 01 01 01 01 01 00 01 01 01 01 01 01 01 00 01 01 01 01 01 01 01 00 01 01 01 01 01 01 01 00 01 01 01 01 01 01 01 00 01 01 01 01 01 01 01 00 01 01 01 01 01 01 01 00 01 01 01 01 01 01 01 00 01 01 01 01 01 01 01 00 01 01 01 01 01 01 01 00 01 01 01 01 01 01 01 00 01 01 01 01 01 01 01 00 01 01 01 01 01 01 01 00 01 01 01 01 01 01 01 00 01 01 01 01 01 01 01 00 01 01 01 01 01 01 01 00 01 01 01 01 01 01 01 00 01 01 01 01 01 01 01 00 01 01 01 01 01 01 01 00 01 01 01 01 01 01 01 00 01 01 01 01 01 01 01 00 01 01 01 01 01 01 01 00 01 01 01 01 01 01 01 00 01 01 01 01 01 01 01 00 01 01 01 01 01 01 01 00 01 01 01 01 01 01 01 00 01 01 01 01 01 01 01 2A 00 30 00 31 00 32 00 55 33 00 34 00 35 00 36 2A 00 37 00 38 00 39 00 55 3A 00 3B 00 3C 00 3D 28 00 3E 00 3F 00 07 00 00 07 00 07 00 07 00 07 00 00 07 00 07 00 07 00 00 07 00 07 00 07 00 07 00 00 07 00 07 00 07 00 00 07 01 00 01 00 01 00 00 01 00 01 00 01 00 01 00 00 01 00 01 00 01 00 00 01 00 01 00 01 00 01 00 00 01 00 01 00 01 02 00 01 02 01 02 01 02 01 00 02 01 02 01 02 01 02 00 01 02 01 02 01 02 01 00 02 01 02 01 02 01 02 00 01 02 01 01 01 01 01 00 01 01 01 01 01 01 01 00 01 01 01 01 01 01 01 00 01 01 01 01 01 01 01 00 01 01 01 01 01 01 01 00 01 01 01 01 01 01 01 00 01 01 01 01 01 01 01 00 01 01 01 01 01 01 01 00 01 01 01 01 01 01 01 00 01 01 01 01 01 01 01 00 01 01 01 01 01 01 01 00 01 01 01 01 01 01 01 00 01 01 01 01 01 01 01 00 01 01 01 01 01 01 01 00 01 01 01 01 01 01 01 00 01 01 01 01 01 01 01 00 01 01 01 01 01 01 01 00 01 01 01 01 01 01 01 00 01 01 01 01 01 01 01 00 01 01 01 01 01 01 01 00 01 01 01 01 01 01 01 00 01 01 01 01 01 01 01 00 01 01 01 01 01 01 01 00 01 01 01 01 01 01 01 00 01 01 01 01 01 01 01 00 01 01 01 01 01 01 01 00 01 01 01 01 01 01 01 00 01 01 01 01 01 01 01 00 01 01 01 01 01 01 01 00 01 01 01 01 01 01 01 00 01 01 01 01 01 01 01 00 01 01 01 01 01 01 01 00 01 01 01 01 01 01 01 00 01 01 01 01 01 01 01 00 01 01 01 01 01 01 01 00 01 01 01 01 01 01 01 00 01 01 01 01 01 01 01 00 01 01 01 01 01 01 01 00 01 01 01 01 01 01 01 00 01 01 01 01 01 01 01 00 01 01 01 01 01 01 01 00 01 01 01 01 01 01 01 00 01 01 01 01 01 01 01 00 01 01 01 01 01 01 01 00 01 01 01 01 01 01 01 00 01 01 01 01 01 01 01 00 01 01 01 01 01 01 01 00 01 01 01 01 01 01 01 00 01 01 01 01 01 01 01 00 01 01 01 01 01 01 01 00 01 01 01 01 01 01 01 00 01 01 01 01 01 01 01 00 01 01 01 01 01 01 01 00 01 01 01 01 01 01 01 00 01 01 01 01 01 01 01 15 01 00 30 00 31 00 32 2A 00 33 00 34 00 35 00 55 36 00 37 00 38 00 39 2A 00 3A 00 3B 00 3C 00 54 3D 00 3E 00 3F 00 0A 00 00 0A 00 0A 00 0A 00 00 0A 00 0A 00 0A 00 0A 00 00 0A 00 0A 00 0A 00 00 0A 00 0A 00 0A 00 0A 00 00 0A 01 00 01 00 01 00 00 01 00 01 00 01 00 00 01 00 01 00 01 00 01 00 00 01 00 01 00 01 00 00 01 00 01 00 01 00 01 00 02 01 02 01 02 01 02 00 01 02 01 02 01 02 01 00 02 01 02 01 02 01 02 00 01 02 01 02 01 02 01 00 02 01 02 01 01 01 01 00 01 01 01 01 01 01 01 00 01 01 01 01 01 01 01 00 01 01 01 01 01 01 01 00 01 01 01 01 01 01 01 00 01 01 01 01 01 01 01 00 01 01 01 01 01 01 01 00 01 01 01 01 01 01 01 00 01 01 01 01 01 01 01 00 01 01 01 01 01 01 01 00 01 01 01 01 01 01 01 00 01 01 01 01 01 01 01 00 01 01 01 01 01 01 01 00 01 01 01 01 01 01 01 00 01 01 01 01 01 01 01 00 01 01 01 01 01 01 01 00 01 01 01 01 01 01 01 00 01 01 01 01 01 01 01 00 01 01 01 01 01 01 01 00 01 01 01 01 01 01 01 00 01 01 01 01 01 01 01 00 01 01 01 01 01 01 01 00 01 01 01 01 01 01 01 00 01 01 01 01 01 01 01 00 01 01 01 01 01 01 01 00 01 01 01 01 01 01 01 00 01 01 01 01 01 01 01 00 01 01 01 01 01 01 01 00 01 01 01 01 01 01 01 00 01 01 01 01 01 01 01 00 01 01 01 01 01 01 01 00 01 01 01 01 01 01 01 00 01 01 01 01 01 01 01 00 01 01 01 01 01 01 01 00 01 01 01 01 01 01 01 00 01 01 01 01 01 01 01 00 01 01 01 01 01 01 01 00 01 01 01 01 01 01 01 00 01 01 01 01
[17:45:53] 💻 S→Y (16b): F0 43 20 7E 4C 4D 20 20 38 43 39 33 4C 00 01 F7
[17:45:53] 🎹 Y→S (2048b): F0 43 00 7E 11 02 4C 4D 20 20 38 43 39 33 4C 00 01 00 00 00 20 20 20 20 20 20 20 00 20 20 20 20 20 20 20 00 20 20 00 01 00 01 47 00 65 6E 65 72 61 6C 20 00 4D 49 44 49 20 32 20 00 20 47 47 47 47 47 47 00 47 47 47 47 47 47 47 00 47 47 47 4D 4D 4D 4D 00 4D 4D 4D 4D 4D 4D 4D 00 4D 4D 4D 4D 4D 31 32 00 33 34 35 36 37 38 39 00 31 31 31 31 31 31 31 00 20 20 20 20 20 20 20 00 20 20 30 31 32 33 34 00 35 36 47 47 47 47 47 00 47 47 47 47 47 47 47 00 47 47 47 47 4D 4D 4D 00 4D 4D 4D 4D 4D 4D 4D 00 4D 4D 4D 4D 4D 4D 2D 00 2D 2D 2D 2D 2D 2D 2D 00 2D 2D 2D 2D 2D 2D 2D 00 2D 43 43 43 43 43 43 00 43 43 43 43 43 43 43 00 43 43 43 48 48 48 48 00 48 48 48 48 48 48 48 00 48 48 48 48 48 31 32 00 33 34 35 36 37 38 39 00 31 31 31 31 31 31 31 00 20 20 20 20 20 20 20 00 20 20 30 31 32 33 34 00 35 36 20 20 20 20 20 00 20 20 20 20 20 20 20 00 20 20 20 20 45 45 45 00 45 45 45 45 45 45 45 00 45 45 45 45 45 45 46 00 46 46 46 46 46 46 46 00 46 46 46 46 46 46 46 00 46 46 46 46 46 46 46 00 46 46 46 46 46 46 46 00 46 46 46 45 45 45 45 00 45 45 45 45 45 45 45 00 45 45 45 45 45 43 43 00 43 43 43 43 43 43 43 00 43 43 43 43 43 43 43 00 54 54 54 54 54 54 54 00 54 54 54 54 54 54 54 00 54 54 31 31 31 31 31 00 31 31 31 31 31 31 31 00 31 31 31 31 20 20 20 00 20 20 20 20 20 20 20 00 20 20 20 20 20 20 01 00 02 01 02 01 02 01 02 00 01 02 01 02 01 02 01 00 02 01 02 01 02 01 02 00 01 02 01 02 01 02 01 00 02 01 02 01 01 01 01 00 01 01 01 01 01 01 01 00 01 01 01 01 01 01 01 00 01 01 01 01 01 01 01 00 01 01 01 01 01 01 01 00 01 01 01 01 01 01 01 00 01 01 01 01 01 01 01 00 01 01 01 01 01 01 01 00 01 01 01 01 01 01 01 00 01 01 01 01 01 01 01 00 01 01 01 01 01 01 01 00 01 01 01 01 01 01 01 00 01 01 01 01 01 01 01 00 01 01 01 01 01 01 01 00 01 01 01 01 01 01 01 00 01 01 01 01 01 01 01 00 01 01 01 01 01 01 01 00 01 01 01 01 01 01 01 00 01 01 01 01 01 01 01 00 01 01 01 01 01 01 01 00 01 01 01 01 01 01 01 00 01 01 01 01 01 01 01 00 01 01 01 01 01 01 01 00 01 01 01 01 01 01 01 00 01 01 01 01 01 01 01 00 01 01 01 01 01 01 01 00 01 01 01 01 01 01 01 00 01 01 01 01 01 01 01 00 01 01 01 01 01 01 01 00 01 01 01 01 01 01 01 00 01 01 01 01 01 01 01 00 01 01 01 01 01 01 01 00 01 01 01 01 01 01 01 00 01 01 01 01 01 01 01 00 01 01 01 01 01 01 01 00 01 01 01 01 01 01 01 00 01 01 01 01 01 01 01 00 01 01 01 01 01 01 01 00 01 01 01 01 01 01 01 00 01 01 01 01 01 01 01 00 01 01 01 01 01 01 01 00 01 01 01 01 01 01 01 00 01 01 01 01 01 01 01 00 01 01 01 01 01 01 01 00 01 01 01 01 01 01 01 00 01 01 01 01 01 01 01 00 01 01 01 01 01 01 01 00 01 01 01 01 01 01 01 00 01 01 01 01 01 01 01 00 01 01 01 01 01 01 01 00 01 01 01 01 01 01 01 00 01 01 01 01 01 01 01 00 01 01 01 01 01 01 01 00 01 01 01 01 01 01 01 00 01 01 01 01 01 01 01 00 01 01 01 01 01 01 01 00 01 01 01 01 01 01 01 00 01 01 01 01 01 01 01 00 01 01 01 01 01 01 01 00 01 01 01 01 01 01 01 00 01 01 01 01 01 01 01 00 01 01 01 01 01 01 01 00 01 01 01 01 01 01 01 00 01 01 01 01 01 01 01 00 01 01 01 01 01 01 01 00 01 01 01 01 01 01 01 00 01 01 01 01 01 01 01 00 01 01 01 01 01 01 01 00 01 01 01 01 01 01 01 2A 00 30 00 31 00 32 00 55 33 00 34 00 35 00 36 2A 00 37 00 38 00 39 00 55 3A 00 3B 00 3C 00 3D 28 00 3E 00 3F 00 5B 00 00 5B 00 5B 00 5B 00 5B 00 00 5B 00 5B 00 5B 00 00 5B 00 5B 00 5B 00 5B 00 00 5B 00 5B 00 5B 00 00 5B 01 00 01 00 01 00 00 01 00 01 00 01 00 01 00 00 01 00 01 00 01 00 00 01 00 01 00 01 00 01 00 00 01 00 01 00 01 02 00 01 02 01 02 01 02 01 00 02 01 02 01 02 01 02 00 01 02 01 02 01 02 01 00 02 01 02 01 02 01 02 00 01 02 01 01 01 01 01 00 01 01 01 01 01 01 01 00 01 01 01 01 01 01 01 00 01 01 01 01 01 01 01 00 01 01 01 01 01 01 01 00 01 01 01 01 01 01 01 00 01 01 01 01 01 01 01 00 01 01 01 01 01 01 01 00 01 01 01 01 01 01 01 00 01 01 01 01 01 01 01 00 01 01 01 01 01 01 01 00 01 01 01 01 01 01 01 00 01 01 01 01 01 01 01 00 01 01 01 01 01 01 01 00 01 01 01 01 01 01 01 00 01 01 01 01 01 01 01 00 01 01 01 01 01 01 01 00 01 01 01 01 01 01 01 00 01 01 01 01 01 01 01 00 01 01 01 01 01 01 01 00 01 01 01 01 01 01 01 00 01 01 01 01 01 01 01 00 01 01 01 01 01 01 01 00 01 01 01 01 01 01 01 00 01 01 01 01 01 01 01 00 01 01 01 01 01 01 01 00 01 01 01 01 01 01 01 00 01 01 01 01 01 01 01 00 01 01 01 01 01 01 01 00 01 01 01 01 01 01 01 00 01 01 01 01 01 01 01 00 01 01 01 01 01 01 01 00 01 01 01 01 01 01 01 00 01 01 01 01 01 01 01 00 01 01 01 01 01 01 01 00 01 01 01 01 01 01 01 00 01 01 01 01 01 01 01 00 01 01 01 01 01 01 01 00 01 01 01 01 01 01 01 00 01 01 01 01 01 01 01 00 01 01 01 01 01 01 01 00 01 01 01 01 01 01 01 00 01 01 01 01 01 01 01 00 01 01 01 01 01 01 01 00 01 01 01 01 01 01 01 00 01 01 01 01 01 01 01 00 01 01 01 01 01 01 01 00 01 01 01 01 01 01 01 00 01 01 01 01 01 01 01 00 01 01 01 01 01 01 01 00 01 01 01 01 01 01 01 00 01 01 01 01 01 01 01 00 01 01 01 01 01 01 01 00 01 01 01 01 01 01 01 00 01 01 01 01 01 01 01 15 01 00 30 00 31 00 32 2A 00 33 00 34 00 35 00 55 36 00 37 00 38 00 39 2A 00 3A 00 3B 00 3C 00 54 3D 00 3E 00 3F 00 5B 00 00 5B 00 5B 00 5B 00 00 5B 00 5B 00 5B 00 5B 00 00 5B 00 5B 00 5B 00 00 5B 00 5B 00 5B 00 5B 00 00 5B 01 00 01 00 01 00 00 01 00 01 00 01 00 00 01 00 01 00 01 00 01 00 00 01 00 01 00 01 00 00 01 00 01 00 01 00 01 00 02 01 02 01 02 01 02 00 01 02 01 02 01 02 01 00 02 01 02 01 02 01 02 00 01 02 01 02 01 02 01 00 02 01 02 01 01 01 01 00 01 01 01 01 01 01 01 00 01 01 01 01 01 01 01 00 01 01 01 01 01 01 01 00 01 01 01 01 01 01 01 00 01 01 01 01 01 01 01 00 01 01 01 01 01 01 01 00 01 01 01 01 01 01 01 00 01 01 01 01 01 01 01 00 01 01 01 01 01 01 01 00 01 01 01 01 01 01 01 00 01 01 01 01 01 01 01 00 01 01 01 01 01 01 01 00 01 01 01 01 01 01 01 00 01 01 01 01 01 01 01 00 01 01 01 01 01 01 01 00 01 01 01 01 01 01 01 00 01 01 01 01 01 01 01 00 01 01 01 01 01 01 01 00 01 01 01 01 01 01 01 00 01 01 01 01 01 01 01 00 01 01 01 01 01 01 01 00 01 01 01 01 01 01 01 00 01 01 01 01 01 01 01 00 01 01 01 01 01 01 01 00 01 01 01 01 01 01 01 00 01 01 01 01 01 01 01 00 01 01 01 01 01 01 01 00 01 01 01 01 01 01 01 00 01 01 01 01 01 01 01 00 01 01 01 01 01 01 01 00 01 01 01 01 01 01 01 00 01 01 01 01 01 01 01 00 01 01 01 01 01 01 01 00 01 01 01 01 01 01 01 00 01 01 01 01 01 01 01 00 01 01 01 01 01 01 01 00 01 01 01 01 01 01 01 00 01 01 01 01
[17:45:53] 🎹 Y→S (138b): 01 01 01 00 01 01 01 01 01 01 01 00 01 01 01 01 01 01 01 00 01 01 01 01 01 01 01 00 01 01 01 01 01 01 01 00 01 01 01 01 01 01 01 00 01 01 01 01 01 01 01 00 01 01 01 01 01 01 01 00 01 01 01 01 01 01 01 00 01 01 01 01 01 01 01 00 01 01 01 01 01 01 01 00 01 01 01 01 01 01 01 00 01 01 01 01 01 01 01 00 01 01 01 01 01 01 01 00 01 01 01 01 01 01 01 00 01 01 01 01 01 01 01 00 01 01 01 01 01 01 01 18 01 01 73 76 73 F7
[17:45:53] 🎹 Y→S (14b): F0 43 10 3E 7F 01 1C 00 05 00 00 01 51 F7
[17:45:53] 💻 S→Y (2048b): F0 43 00 7E 11 02 4C 4D 20 20 38 43 39 33 4C 00 01 00 00 00 20 20 20 20 20 20 20 00 20 20 20 20 20 20 20 00 20 20 00 01 00 01 47 00 65 6E 65 72 61 6C 20 00 4D 49 44 49 20 32 20 00 20 47 47 47 47 47 47 00 47 47 47 47 47 47 47 00 47 47 47 4D 4D 4D 4D 00 4D 4D 4D 4D 4D 4D 4D 00 4D 4D 4D 4D 4D 31 32 00 33 34 35 36 37 38 39 00 31 31 31 31 31 31 31 00 20 20 20 20 20 20 20 00 20 20 30 31 32 33 34 00 35 36 47 47 47 47 47 00 47 47 47 47 47 47 47 00 47 47 47 47 4D 4D 4D 00 4D 4D 4D 4D 4D 4D 4D 00 4D 4D 4D 4D 4D 4D 2D 00 2D 2D 2D 2D 2D 2D 2D 00 2D 2D 2D 2D 2D 2D 2D 00 2D 43 43 43 43 43 43 00 43 43 43 43 43 43 43 00 43 43 43 48 48 48 48 00 48 48 48 48 48 48 48 00 48 48 48 48 48 31 32 00 33 34 35 36 37 38 39 00 31 31 31 31 31 31 31 00 20 20 20 20 20 20 20 00 20 20 30 31 32 33 34 00 35 36 20 20 20 20 20 00 20 20 20 20 20 20 20 00 20 20 20 20 45 45 45 00 45 45 45 45 45 45 45 00 45 45 45 45 45 45 46 00 46 46 46 46 46 46 46 00 46 46 46 46 46 46 46 00 46 46 46 46 46 46 46 00 46 46 46 46 46 46 46 00 46 46 46 45 45 45 45 00 45 45 45 45 45 45 45 00 45 45 45 45 45 43 43 00 43 43 43 43 43 43 43 00 43 43 43 43 43 43 43 00 54 54 54 54 54 54 54 00 54 54 54 54 54 54 54 00 54 54 31 31 31 31 31 00 31 31 31 31 31 31 31 00 31 31 31 31 20 20 20 00 20 20 20 20 20 20 20 00 20 20 20 20 20 20 01 00 02 01 02 01 02 01 02 00 01 02 01 02 01 02 01 00 02 01 02 01 02 01 02 00 01 02 01 02 01 02 01 00 02 01 02 01 01 01 01 00 01 01 01 01 01 01 01 00 01 01 01 01 01 01 01 00 01 01 01 01 01 01 01 00 01 01 01 01 01 01 01 00 01 01 01 01 01 01 01 00 01 01 01 01 01 01 01 00 01 01 01 01 01 01 01 00 01 01 01 01 01 01 01 00 01 01 01 01 01 01 01 00 01 01 01 01 01 01 01 00 01 01 01 01 01 01 01 00 01 01 01 01 01 01 01 00 01 01 01 01 01 01 01 00 01 01 01 01 01 01 01 00 01 01 01 01 01 01 01 00 01 01 01 01 01 01 01 00 01 01 01 01 01 01 01 00 01 01 01 01 01 01 01 00 01 01 01 01 01 01 01 00 01 01 01 01 01 01 01 00 01 01 01 01 01 01 01 00 01 01 01 01 01 01 01 00 01 01 01 01 01 01 01 00 01 01 01 01 01 01 01 00 01 01 01 01 01 01 01 00 01 01 01 01 01 01 01 00 01 01 01 01 01 01 01 00 01 01 01 01 01 01 01 00 01 01 01 01 01 01 01 00 01 01 01 01 01 01 01 00 01 01 01 01 01 01 01 00 01 01 01 01 01 01 01 00 01 01 01 01 01 01 01 00 01 01 01 01 01 01 01 00 01 01 01 01 01 01 01 00 01 01 01 01 01 01 01 00 01 01 01 01 01 01 01 00 01 01 01 01 01 01 01 00 01 01 01 01 01 01 01 00 01 01 01 01 01 01 01 00 01 01 01 01 01 01 01 00 01 01 01 01 01 01 01 00 01 01 01 01 01 01 01 00 01 01 01 01 01 01 01 00 01 01 01 01 01 01 01 00 01 01 01 01 01 01 01 00 01 01 01 01 01 01 01 00 01 01 01 01 01 01 01 00 01 01 01 01 01 01 01 00 01 01 01 01 01 01 01 00 01 01 01 01 01 01 01 00 01 01 01 01 01 01 01 00 01 01 01 01 01 01 01 00 01 01 01 01 01 01 01 00 01 01 01 01 01 01 01 00 01 01 01 01 01 01 01 00 01 01 01 01 01 01 01 00 01 01 01 01 01 01 01 00 01 01 01 01 01 01 01 00 01 01 01 01 01 01 01 00 01 01 01 01 01 01 01 00 01 01 01 01 01 01 01 00 01 01 01 01 01 01 01 00 01 01 01 01 01 01 01 00 01 01 01 01 01 01 01 00 01 01 01 01 01 01 01 00 01 01 01 01 01 01 01 00 01 01 01 01 01 01 01 2A 00 30 00 31 00 32 00 55 33 00 34 00 35 00 36 2A 00 37 00 38 00 39 00 55 3A 00 3B 00 3C 00 3D 28 00 3E 00 3F 00 5B 00 00 5B 00 5B 00 5B 00 5B 00 00 5B 00 5B 00 5B 00 00 5B 00 5B 00 5B 00 5B 00 00 5B 00 5B 00 5B 00 00 5B 01 00 01 00 01 00 00 01 00 01 00 01 00 01 00 00 01 00 01 00 01 00 00 01 00 01 00 01 00 01 00 00 01 00 01 00 01 02 00 01 02 01 02 01 02 01 00 02 01 02 01 02 01 02 00 01 02 01 02 01 02 01 00 02 01 02 01 02 01 02 00 01 02 01 01 01 01 01 00 01 01 01 01 01 01 01 00 01 01 01 01 01 01 01 00 01 01 01 01 01 01 01 00 01 01 01 01 01 01 01 00 01 01 01 01 01 01 01 00 01 01 01 01 01 01 01 00 01 01 01 01 01 01 01 00 01 01 01 01 01 01 01 00 01 01 01 01 01 01 01 00 01 01 01 01 01 01 01 00 01 01 01 01 01 01 01 00 01 01 01 01 01 01 01 00 01 01 01 01 01 01 01 00 01 01 01 01 01 01 01 00 01 01 01 01 01 01 01 00 01 01 01 01 01 01 01 00 01 01 01 01 01 01 01 00 01 01 01 01 01 01 01 00 01 01 01 01 01 01 01 00 01 01 01 01 01 01 01 00 01 01 01 01 01 01 01 00 01 01 01 01 01 01 01 00 01 01 01 01 01 01 01 00 01 01 01 01 01 01 01 00 01 01 01 01 01 01 01 00 01 01 01 01 01 01 01 00 01 01 01 01 01 01 01 00 01 01 01 01 01 01 01 00 01 01 01 01 01 01 01 00 01 01 01 01 01 01 01 00 01 01 01 01 01 01 01 00 01 01 01 01 01 01 01 00 01 01 01 01 01 01 01 00 01 01 01 01 01 01 01 00 01 01 01 01 01 01 01 00 01 01 01 01 01 01 01 00 01 01 01 01 01 01 01 00 01 01 01 01 01 01 01 00 01 01 01 01 01 01 01 00 01 01 01 01 01 01 01 00 01 01 01 01 01 01 01 00 01 01 01 01 01 01 01 00 01 01 01 01 01 01 01 00 01 01 01 01 01 01 01 00 01 01 01 01 01 01 01 00 01 01 01 01 01 01 01 00 01 01 01 01 01 01 01 00 01 01 01 01 01 01 01 00 01 01 01 01 01 01 01 00 01 01 01 01 01 01 01 00 01 01 01 01 01 01 01 00 01 01 01 01 01 01 01 00 01 01 01 01 01 01 01 00 01 01 01 01 01 01 01 15 01 00 30 00 31 00 32 2A 00 33 00 34 00 35 00 55 36 00 37 00 38 00 39 2A 00 3A 00 3B 00 3C 00 54 3D 00 3E 00 3F 00 5B 00 00 5B 00 5B 00 5B 00 00 5B 00 5B 00 5B 00 5B 00 00 5B 00 5B 00 5B 00 00 5B 00 5B 00 5B 00 5B 00 00 5B 01 00 01 00 01 00 00 01 00 01 00 01 00 00 01 00 01 00 01 00 01 00 00 01 00 01 00 01 00 00 01 00 01 00 01 00 01 00 02 01 02 01 02 01 02 00 01 02 01 02 01 02 01 00 02 01 02 01 02 01 02 00 01 02 01 02 01 02 01 00 02 01 02 01 01 01 01 00 01 01 01 01 01 01 01 00 01 01 01 01 01 01 01 00 01 01 01 01 01 01 01 00 01 01 01 01 01 01 01 00 01 01 01 01 01 01 01 00 01 01 01 01 01 01 01 00 01 01 01 01 01 01 01 00 01 01 01 01 01 01 01 00 01 01 01 01 01 01 01 00 01 01 01 01 01 01 01 00 01 01 01 01 01 01 01 00 01 01 01 01 01 01 01 00 01 01 01 01 01 01 01 00 01 01 01 01 01 01 01 00 01 01 01 01 01 01 01 00 01 01 01 01 01 01 01 00 01 01 01 01 01 01 01 00 01 01 01 01 01 01 01 00 01 01 01 01 01 01 01 00 01 01 01 01 01 01 01 00 01 01 01 01 01 01 01 00 01 01 01 01 01 01 01 00 01 01 01 01 01 01 01 00 01 01 01 01 01 01 01 00 01 01 01 01 01 01 01 00 01 01 01 01 01 01 01 00 01 01 01 01 01 01 01 00 01 01 01 01 01 01 01 00 01 01 01 01 01 01 01 00 01 01 01 01 01 01 01 00 01 01 01 01 01 01 01 00 01 01 01 01 01 01 01 00 01 01 01 01 01 01 01 00 01 01 01 01 01 01 01 00 01 01 01 01 01 01 01 00 01 01 01 01 01 01 01 00 01 01 01 01 01 01 01 00 01 01 01 01
[17:45:53] 💻 S→Y (14b): F0 43 10 3E 7F 01 1C 00 05 00 00 01 51 F7
[17:45:53] 💻 S→Y (16b): F0 43 20 7E 4C 4D 20 20 38 43 39 33 4C 00 02 F7
[17:45:53] 🎹 Y→S (2048b): F0 43 00 7E 11 02 4C 4D 20 20 38 43 39 33 4C 00 02 00 00 00 20 20 20 20 20 20 20 00 20 20 20 20 20 20 20 00 20 20 00 01 00 01 58 00 47 20 50 61 72 61 6D 00 65 74 65 72 20 31 20 00 20 58 58 58 58 58 58 00 58 58 58 58 58 58 58 00 58 58 58 47 47 47 47 00 47 47 47 47 47 47 47 00 47 47 47 47 47 31 32 00 33 34 35 36 37 38 39 00 31 31 31 31 31 31 31 00 20 20 20 20 20 20 20 00 20 20 30 31 32 33 34 00 35 36 58 58 58 58 58 00 58 58 58 58 58 58 58 00 58 58 58 58 47 47 47 00 47 47 47 47 47 47 47 00 47 47 47 47 47 47 2D 00 2D 2D 2D 2D 2D 2D 2D 00 2D 2D 2D 2D 2D 2D 2D 00 2D 43 43 43 43 43 43 00 43 43 43 43 43 43 43 00 43 43 43 48 48 48 48 00 48 48 48 48 48 48 48 00 48 48 48 48 48 31 32 00 33 34 35 36 37 38 39 00 31 31 31 31 31 31 31 00 20 20 20 20 20 20 20 00 20 20 30 31 32 33 34 00 35 36 20 20 20 20 20 00 20 20 20 20 20 20 20 00 20 20 20 20 56 56 56 00 56 56 56 56 56 56 56 00 56 56 56 56 56 56 4F 00 4F 4F 4F 4F 4F 4F 4F 00 4F 4F 4F 4F 4F 4F 4F 00 4F 4C 4C 4C 4C 4C 4C 00 4C 4C 4C 4C 4C 4C 4C 00 4C 4C 4C 55 55 55 55 00 55 55 55 55 55 55 55 00 55 55 55 55 55 4D 4D 00 4D 4D 4D 4D 4D 4D 4D 00 4D 4D 4D 4D 4D 4D 4D 00 45 45 45 45 45 45 45 00 45 45 45 45 45 45 45 00 45 45 20 20 20 20 20 00 20 20 20 20 20 20 20 00 20 20 20 20 20 20 20 00 20 20 20 20 20 20 20 00 20 20 20 20 20 20 01 00 02 01 02 01 02 01 02 00 01 02 01 02 01 02 01 00 02 01 02 01 02 01 02 00 01 02 01 02 01 02 01 00 02 01 02 01 01 01 01 00 01 01 01 01 01 01 01 00 01 01 01 01 01 01 01 00 01 01 01 01 01 01 01 00 01 01 01 01 01 01 01 00 01 01 01 01 01 01 01 00 01 01 01 01 01 01 01 00 01 01 01 01 01 01 01 00 01 01 01 01 01 01 01 00 01 01 01 01 01 01 01 00 01 01 01 01 01 01 01 00 01 01 01 01 01 01 01 00 01 01 01 01 01 01 01 00 01 01 01 01 01 01 01 00 01 01 01 01 01 01 01 00 01 01 01 01 01 01 01 00 01 01 01 01 01 01 01 00 01 01 01 01 01 01 01 00 01 01 01 01 01 01 01 00 01 01 01 01 01 01 01 00 01 01 01 01 01 01 01 00 01 01 01 01 01 01 01 00 01 01 01 01 01 01 01 00 01 01 01 01 01 01 01 00 01 01 01 01 01 01 01 00 01 01 01 01 01 01 01 00 01 01 01 01 01 01 01 00 01 01 01 01 01 01 01 00 01 01 01 01 01 01 01 00 01 01 01 01 01 01 01 00 01 01 01 01 01 01 01 00 01 01 01 01 01 01 01 00 01 01 01 01 01 01 01 00 01 01 01 01 01 01 01 00 01 01 01 01 01 01 01 00 01 01 01 01 01 01 01 00 01 01 01 01 01 01 01 00 01 01 01 01 01 01 01 00 01 01 01 01 01 01 01 00 01 01 01 01 01 01 01 00 01 01 01 01 01 01 01 00 01 01 01 01 01 01 01 00 01 01 01 01 01 01 01 00 01 01 01 01 01 01 01 00 01 01 01 01 01 01 01 00 01 01 01 01 01 01 01 00 01 01 01 01 01 01 01 00 01 01 01 01 01 01 01 00 01 01 01 01 01 01 01 00 01 01 01 01 01 01 01 00 01 01 01 01 01 01 01 00 01 01 01 01 01 01 01 00 01 01 01 01 01 01 01 00 01 01 01 01 01 01 01 00 01 01 01 01 01 01 01 00 01 01 01 01 01 01 01 00 01 01 01 01 01 01 01 00 01 01 01 01 01 01 01 00 01 01 01 01 01 01 01 00 01 01 01 01 01 01 01 00 01 01 01 01 01 01 01 00 01 01 01 01 01 01 01 00 01 01 01 01 01 01 01 00 01 01 01 01 01 01 01 00 01 01 01 01 01 01 01 00 01 01 01 01 01 01 01 00 01 01 01 01 01 01 01 00 01 01 01 01 01 01 01 00 01 01 01 01 01 01 01 2A 00 70 00 70 00 70 00 55 70 00 70 00 70 00 70 2A 00 70 00 70 00 70 00 55 70 00 70 00 70 00 70 28 00 70 00 70 00 43 00 00 43 00 43 00 43 00 43 00 00 43 00 43 00 43 00 00 43 00 43 00 43 00 43 00 00 43 00 43 00 43 00 00 43 00 10 00 10 00 10 00 00 10 00 10 00 10 00 00 10 00 10 00 10 00 10 00 00 10 00 10 00 10 00 00 10 00 10 00 10 00 4C 00 00 4C 00 4C 00 4C 00 00 4C 00 4C 00 4C 00 4C 00 00 4C 00 4C 00 4C 00 00 4C 00 4C 00 4C 00 4C 00 00 4C 00 08 00 08 00 00 08 00 08 00 08 00 08 00 00 08 00 08 00 08 00 00 08 00 08 00 08 00 08 00 00 08 00 08 00 08 00 00 00 00 01 00 02 00 03 00 00 04 00 05 00 06 00 00 07 00 08 00 09 00 0A 00 00 0B 00 0C 00 0D 00 00 0E 00 0F 00 0B 00 0B 00 00 0B 00 0B 00 0B 00 00 0B 00 0B 00 0B 00 0B 00 00 0B 00 0B 00 0B 00 00 0B 00 0B 00 0B 00 0B 00 01 00 01 00 01 00 01 00 00 01 00 01 00 01 00 00 01 00 01 00 01 00 01 00 00 01 00 01 00 01 00 02 01 00 01 00 00 77 00 55 77 00 77 00 77 00 77 2A 00 77 00 77 00 77 00 55 77 00 77 00 77 00 77 2A 00 77 00 77 00 77 00 40 77 01 02 01 02 01 02 00 01 02 01 02 01 02 01 00 02 01 02 01 02 01 02 00 01 02 01 02 01 02 01 00 02 01 02 01 02 01 01 00 01 01 01 01 01 01 01 00 01 01 01 01 01 01 01 00 01 01 01 01 01 01 01 00 01 01 01 01 01 01 01 00 01 01 01 01 01 01 01 00 01 01 01 01 01 01 01 00 01 01 01 01 01 01 01 00 01 01 01 01 01 01 01 00 01 01 01 01 01 01 01 00 01 01 01 01 01 01 01 00 01 01 01 01 01 01 01 00 01 01 01 01 01 01 01 00 01 01 01 01 01 01 01 00 01 01 01 01 01 01 01 00 01 01 01 01 01 01 01 00 01 01 01 01 01 01 01 00 01 01 01 01 01 01 01 00 01 01 01 01 01 01 01 00 01 01 01 01 01 01 01 00 01 01 01 01 01 01 01 00 01 01 01 01 01 01 01 00 01 01 01 01 01 01 01 00 01 01 01 01 01 01 01 00 01 01 01 01 01 01 01 00 01 01 01 01 01 01 01 00 01 01 01 01 01 01 01 00 01 01 01 01 01 01 01 15 01 00 70 00 70 00 70 2A 00 70 00 70 00 70 00 55 70 00 70 00 70 00 70 2A 00 70 00 70 00 70 00 54 70 00 70 00 70 00 43 00 00 43 00 43 00 43 00 00 43 00 43 00 43 00 43 00 00 43 00 43 00 43 00 00 43 00 43 00 43 00 43 00 00 43 00 10 00 10 00 00 10 00 10 00 10 00 10 00 00 10 00 10 00 10 00 00 10 00 10 00 10 00 10 00 00 10 00 10 00 10 00 00 4C 00 4C 00 4C 00 4C 00 00 4C 00 4C 00 4C 00 00 4C 00 4C 00 4C 00 4C 00 00 4C 00 4C 00 4C 00 00 4C 00 4C 00 08 00 08 00 00 08 00 08 00 08 00 00 08 00 08 00 08 00 08 00 00 08 00 08 00 08 00 00 08 00 08 00 08 00 08 00 00 00 00 01 00 02 00 00 03 00 04 00 05 00 06 00 00 07 00 08 00 09 00 00 0A 00 0B 00 0C 00 0D 00 00 0E 00 0F 00 0E 00 00 0E 00 0E 00 0E 00 0E 00 00 0E 00 0E 00 0E 00 00 0E 00 0E 00 0E 00 0E 00 00 0E 00 0E 00 0E 00 00 0E 01 00 01 00 01 00 00 01 00 01 00 01 00 01 00 00 01 00 01 00 01 00 00 01 00 01 00 01 00 01 01 00 01 00 01 00 00 77 2A 00 77 00 77 00 77 00 55 77 00 77 00 77 00 77 2A 00 77 00 77 00 77 00 55 77 00 77 00 77 00 77 20 00 77 01 02 01 02 01 00 02 01 02 01 02 01 02 00 01 02 01 02 01 02 01 00 02 01 02 01 02 01 02 00 01 02 01 02 01 02 01 00 01 01 01 01 01 01 01 00 01 01 01 01 01 01 01 00 01 01 01 01 01 01 01 00 01 01 01 01 01 01 01 00 01 01 01 01 01 01 01 00 01 01 01 01 01 01 01 00 01 01 01 01 01 01 01 00 01 01 01 01 01 01 01 00 01 01 01 01 01 01 01 00 01 01 01 01 01 01 01 00 01 01 01 01
[17:45:53] 🎹 Y→S (138b): 01 01 01 00 01 01 01 01 01 01 01 00 01 01 01 01 01 01 01 00 01 01 01 01 01 01 01 00 01 01 01 01 01 01 01 00 01 01 01 01 01 01 01 00 01 01 01 01 01 01 01 00 01 01 01 01 01 01 01 00 01 01 01 01 01 01 01 00 01 01 01 01 01 01 01 00 01 01 01 01 01 01 01 00 01 01 01 01 01 01 01 00 01 01 01 01 01 01 01 00 01 01 01 01 01 01 01 00 01 01 01 01 01 01 01 00 01 01 01 01 01 01 01 00 01 01 01 01 01 01 01 08 01 01 20 48 56 F7
[17:45:53] 🎹 Y→S (14b): F0 43 10 3E 7F 01 1C 00 05 00 00 01 54 F7
[17:45:53] 💻 S→Y (2048b): F0 43 00 7E 11 02 4C 4D 20 20 38 43 39 33 4C 00 02 00 00 00 20 20 20 20 20 20 20 00 20 20 20 20 20 20 20 00 20 20 00 01 00 01 58 00 47 20 50 61 72 61 6D 00 65 74 65 72 20 31 20 00 20 58 58 58 58 58 58 00 58 58 58 58 58 58 58 00 58 58 58 47 47 47 47 00 47 47 47 47 47 47 47 00 47 47 47 47 47 31 32 00 33 34 35 36 37 38 39 00 31 31 31 31 31 31 31 00 20 20 20 20 20 20 20 00 20 20 30 31 32 33 34 00 35 36 58 58 58 58 58 00 58 58 58 58 58 58 58 00 58 58 58 58 47 47 47 00 47 47 47 47 47 47 47 00 47 47 47 47 47 47 2D 00 2D 2D 2D 2D 2D 2D 2D 00 2D 2D 2D 2D 2D 2D 2D 00 2D 43 43 43 43 43 43 00 43 43 43 43 43 43 43 00 43 43 43 48 48 48 48 00 48 48 48 48 48 48 48 00 48 48 48 48 48 31 32 00 33 34 35 36 37 38 39 00 31 31 31 31 31 31 31 00 20 20 20 20 20 20 20 00 20 20 30 31 32 33 34 00 35 36 20 20 20 20 20 00 20 20 20 20 20 20 20 00 20 20 20 20 56 56 56 00 56 56 56 56 56 56 56 00 56 56 56 56 56 56 4F 00 4F 4F 4F 4F 4F 4F 4F 00 4F 4F 4F 4F 4F 4F 4F 00 4F 4C 4C 4C 4C 4C 4C 00 4C 4C 4C 4C 4C 4C 4C 00 4C 4C 4C 55 55 55 55 00 55 55 55 55 55 55 55 00 55 55 55 55 55 4D 4D 00 4D 4D 4D 4D 4D 4D 4D 00 4D 4D 4D 4D 4D 4D 4D 00 45 45 45 45 45 45 45 00 45 45 45 45 45 45 45 00 45 45 20 20 20 20 20 00 20 20 20 20 20 20 20 00 20 20 20 20 20 20 20 00 20 20 20 20 20 20 20 00 20 20 20 20 20 20 01 00 02 01 02 01 02 01 02 00 01 02 01 02 01 02 01 00 02 01 02 01 02 01 02 00 01 02 01 02 01 02 01 00 02 01 02 01 01 01 01 00 01 01 01 01 01 01 01 00 01 01 01 01 01 01 01 00 01 01 01 01 01 01 01 00 01 01 01 01 01 01 01 00 01 01 01 01 01 01 01 00 01 01 01 01 01 01 01 00 01 01 01 01 01 01 01 00 01 01 01 01 01 01 01 00 01 01 01 01 01 01 01 00 01 01 01 01 01 01 01 00 01 01 01 01 01 01 01 00 01 01 01 01 01 01 01 00 01 01 01 01 01 01 01 00 01 01 01 01 01 01 01 00 01 01 01 01 01 01 01 00 01 01 01 01 01 01 01 00 01 01 01 01 01 01 01 00 01 01 01 01 01 01 01 00 01 01 01 01 01 01 01 00 01 01 01 01 01 01 01 00 01 01 01 01 01 01 01 00 01 01 01 01 01 01 01 00 01 01 01 01 01 01 01 00 01 01 01 01 01 01 01 00 01 01 01 01 01 01 01 00 01 01 01 01 01 01 01 00 01 01 01 01 01 01 01 00 01 01 01 01 01 01 01 00 01 01 01 01 01 01 01 00 01 01 01 01 01 01 01 00 01 01 01 01 01 01 01 00 01 01 01 01 01 01 01 00 01 01 01 01 01 01 01 00 01 01 01 01 01 01 01 00 01 01 01 01 01 01 01 00 01 01 01 01 01 01 01 00 01 01 01 01 01 01 01 00 01 01 01 01 01 01 01 00 01 01 01 01 01 01 01 00 01 01 01 01 01 01 01 00 01 01 01 01 01 01 01 00 01 01 01 01 01 01 01 00 01 01 01 01 01 01 01 00 01 01 01 01 01 01 01 00 01 01 01 01 01 01 01 00 01 01 01 01 01 01 01 00 01 01 01 01 01 01 01 00 01 01 01 01 01 01 01 00 01 01 01 01 01 01 01 00 01 01 01 01 01 01 01 00 01 01 01 01 01 01 01 00 01 01 01 01 01 01 01 00 01 01 01 01 01 01 01 00 01 01 01 01 01 01 01 00 01 01 01 01 01 01 01 00 01 01 01 01 01 01 01 00 01 01 01 01 01 01 01 00 01 01 01 01 01 01 01 00 01 01 01 01 01 01 01 00 01 01 01 01 01 01 01 00 01 01 01 01 01 01 01 00 01 01 01 01 01 01 01 00 01 01 01 01 01 01 01 00 01 01 01 01 01 01 01 00 01 01 01 01 01 01 01 00 01 01 01 01 01 01 01 00 01 01 01 01 01 01 01 00 01 01 01 01 01 01 01 2A 00 70 00 70 00 70 00 55 70 00 70 00 70 00 70 2A 00 70 00 70 00 70 00 55 70 00 70 00 70 00 70 28 00 70 00 70 00 43 00 00 43 00 43 00 43 00 43 00 00 43 00 43 00 43 00 00 43 00 43 00 43 00 43 00 00 43 00 43 00 43 00 00 43 00 10 00 10 00 10 00 00 10 00 10 00 10 00 00 10 00 10 00 10 00 10 00 00 10 00 10 00 10 00 00 10 00 10 00 10 00 4C 00 00 4C 00 4C 00 4C 00 00 4C 00 4C 00 4C 00 4C 00 00 4C 00 4C 00 4C 00 00 4C 00 4C 00 4C 00 4C 00 00 4C 00 08 00 08 00 00 08 00 08 00 08 00 08 00 00 08 00 08 00 08 00 00 08 00 08 00 08 00 08 00 00 08 00 08 00 08 00 00 00 00 01 00 02 00 03 00 00 04 00 05 00 06 00 00 07 00 08 00 09 00 0A 00 00 0B 00 0C 00 0D 00 00 0E 00 0F 00 0B 00 0B 00 00 0B 00 0B 00 0B 00 00 0B 00 0B 00 0B 00 0B 00 00 0B 00 0B 00 0B 00 00 0B 00 0B 00 0B 00 0B 00 01 00 01 00 01 00 01 00 00 01 00 01 00 01 00 00 01 00 01 00 01 00 01 00 00 01 00 01 00 01 00 02 01 00 01 00 00 77 00 55 77 00 77 00 77 00 77 2A 00 77 00 77 00 77 00 55 77 00 77 00 77 00 77 2A 00 77 00 77 00 77 00 40 77 01 02 01 02 01 02 00 01 02 01 02 01 02 01 00 02 01 02 01 02 01 02 00 01 02 01 02 01 02 01 00 02 01 02 01 02 01 01 00 01 01 01 01 01 01 01 00 01 01 01 01 01 01 01 00 01 01 01 01 01 01 01 00 01 01 01 01 01 01 01 00 01 01 01 01 01 01 01 00 01 01 01 01 01 01 01 00 01 01 01 01 01 01 01 00 01 01 01 01 01 01 01 00 01 01 01 01 01 01 01 00 01 01 01 01 01 01 01 00 01 01 01 01 01 01 01 00 01 01 01 01 01 01 01 00 01 01 01 01 01 01 01 00 01 01 01 01 01 01 01 00 01 01 01 01 01 01 01 00 01 01 01 01 01 01 01 00 01 01 01 01 01 01 01 00 01 01 01 01 01 01 01 00 01 01 01 01 01 01 01 00 01 01 01 01 01 01 01 00 01 01 01 01 01 01 01 00 01 01 01 01 01 01 01 00 01 01 01 01 01 01 01 00 01 01 01 01 01 01 01 00 01 01 01 01 01 01 01 00 01 01 01 01 01 01 01 00 01 01 01 01 01 01 01 15 01 00 70 00 70 00 70 2A 00 70 00 70 00 70 00 55 70 00 70 00 70 00 70 2A 00 70 00 70 00 70 00 54 70 00 70 00 70 00 43 00 00 43 00 43 00 43 00 00 43 00 43 00 43 00 43 00 00 43 00 43 00 43 00 00 43 00 43 00 43 00 43 00 00 43 00 10 00 10 00 00 10 00 10 00 10 00 10 00 00 10 00 10 00 10 00 00 10 00 10 00 10 00 10 00 00 10 00 10 00 10 00 00 4C 00 4C 00 4C 00 4C 00 00 4C 00 4C 00 4C 00 00 4C 00 4C 00 4C 00 4C 00 00 4C 00 4C 00 4C 00 00 4C 00 4C 00 08 00 08 00 00 08 00 08 00 08 00 00 08 00 08 00 08 00 08 00 00 08 00 08 00 08 00 00 08 00 08 00 08 00 08 00 00 00 00 01 00 02 00 00 03 00 04 00 05 00 06 00 00 07 00 08 00 09 00 00 0A 00 0B 00 0C 00 0D 00 00 0E 00 0F 00 0E 00 00 0E 00 0E 00 0E 00 0E 00 00 0E 00 0E 00 0E 00 00 0E 00 0E 00 0E 00 0E 00 00 0E 00 0E 00 0E 00 00 0E 01 00 01 00 01 00 00 01 00 01 00 01 00 01 00 00 01 00 01 00 01 00 00 01 00 01 00 01 00 01 01 00 01 00 01 00 00 77 2A 00 77 00 77 00 77 00 55 77 00 77 00 77 00 77 2A 00 77 00 77 00 77 00 55 77 00 77 00 77 00 77 20 00 77 01 02 01 02 01 00 02 01 02 01 02 01 02 00 01 02 01 02 01 02 01 00 02 01 02 01 02 01 02 00 01 02 01 02 01 02 01 00 01 01 01 01 01 01 01 00 01 01 01 01 01 01 01 00 01 01 01 01 01 01 01 00 01 01 01 01 01 01 01 00 01 01 01 01 01 01 01 00 01 01 01 01 01 01 01 00 01 01 01 01 01 01 01 00 01 01 01 01 01 01 01 00 01 01 01 01 01 01 01 00 01 01 01 01 01 01 01 00 01 01 01 01
[17:45:53] 💻 S→Y (14b): F0 43 10 3E 7F 01 1C 00 05 00 00 01 54 F7
[17:45:53] 💻 S→Y (16b): F0 43 20 7E 4C 4D 20 20 38 43 39 33 4C 00 03 F7
[17:45:54] 🎹 Y→S (2048b): F0 43 00 7E 11 02 4C 4D 20 20 38 43 39 33 4C 00 03 00 00 00 20 20 20 20 20 20 20 00 20 20 20 20 20 20 20 00 20 20 00 01 00 01 4E 00 55 45 4E 44 4F 20 56 00 53 54 20 4D 49 58 45 00 52 43 43 43 43 43 43 00 43 43 43 43 43 43 43 00 43 43 43 48 48 48 48 00 48 48 48 48 48 48 48 00 48 48 48 48 48 31 32 00 33 34 35 36 37 38 39 00 31 31 31 31 31 31 31 00 20 20 20 20 20 20 20 00 20 20 30 31 32 33 34 00 35 36 56 56 56 56 56 00 56 56 56 56 56 56 56 00 56 56 56 56 53 53 53 00 53 53 53 53 53 53 53 00 53 53 53 53 53 53 54 00 54 54 54 54 54 54 54 00 54 54 54 54 54 54 54 00 54 20 20 20 20 20 20 00 20 20 20 20 20 20 20 00 20 20 20 4D 4D 4D 4D 00 4D 4D 4D 4D 4D 4D 4D 00 4D 4D 4D 4D 4D 49 49 00 49 49 49 49 49 49 49 00 49 49 49 49 49 49 49 00 58 58 58 58 58 58 58 00 58 58 58 58 58 58 58 00 58 58 45 45 45 45 45 00 45 45 45 45 45 45 45 00 45 45 45 45 52 52 52 00 52 52 52 52 52 52 52 00 52 52 52 52 52 52 20 00 20 20 20 20 20 20 20 00 20 20 20 20 20 20 20 00 20 43 43 43 43 43 43 00 43 43 43 43 43 43 43 00 43 43 43 48 48 48 48 00 48 48 48 48 48 48 48 00 48 48 48 48 48 31 32 00 33 34 35 36 37 38 39 00 31 31 31 31 31 31 31 00 20 20 20 20 20 20 20 00 20 20 30 31 32 33 34 00 35 36 20 20 20 20 20 00 20 20 20 20 20 20 20 00 20 20 20 20 20 20 20 00 20 20 20 20 20 20 20 00 20 20 20 20 20 20 00 55 30 00 31 00 32 00 33 2A 00 34 00 35 00 36 00 55 37 00 38 00 39 00 3A 2A 00 3B 00 3C 00 3D 00 50 3E 00 3F 00 40 00 40 00 00 40 00 40 00 40 00 00 40 00 40 00 40 00 40 00 00 40 00 40 00 40 00 00 40 00 40 00 40 00 40 00 01 00 01 00 01 00 01 00 00 01 00 01 00 01 00 00 01 00 01 00 01 00 01 00 00 01 00 01 00 01 00 00 01 00 01 00 01 02 01 00 02 01 02 01 02 01 02 00 01 02 01 02 01 02 01 00 02 01 02 01 02 01 02 00 01 02 01 02 01 02 01 00 02 01 01 01 01 01 01 00 01 01 01 01 01 01 01 00 01 01 01 01 01 01 01 00 01 01 01 01 01 01 01 00 01 01 01 01 01 01 01 00 01 01 01 01 01 01 01 00 01 01 01 01 01 01 01 00 01 01 01 01 01 01 01 00 01 01 01 01 01 01 01 00 01 01 01 01 01 01 01 00 01 01 01 01 01 01 01 00 01 01 01 01 01 01 01 00 01 01 01 01 01 01 01 00 01 01 01 01 01 01 01 00 01 01 01 01 01 01 01 00 01 01 01 01 01 01 01 00 01 01 01 01 01 01 01 00 01 01 01 01 01 01 01 00 01 01 01 01 01 01 01 00 01 01 01 01 01 01 01 00 01 01 01 01 01 01 01 00 01 01 01 01 01 01 01 00 01 01 01 01 01 01 01 00 01 01 01 01 01 01 01 00 01 01 01 01 01 01 01 00 01 01 01 01 01 01 01 00 01 01 01 01 01 01 01 00 01 01 01 01 01 01 01 00 01 01 01 01 01 01 01 00 01 01 01 01 01 01 01 00 01 01 01 01 01 01 01 00 01 01 01 01 01 01 01 00 01 01 01 01 01 01 01 00 01 01 01 01 01 01 01 00 01 01 01 01 01 01 01 00 01 01 01 01 01 01 01 00 01 01 01 01 01 01 01 00 01 01 01 01 01 01 01 00 01 01 01 01 01 01 01 00 01 01 01 01 01 01 01 00 01 01 01 01 01 01 01 00 01 01 01 01 01 01 01 00 01 01 01 01 01 01 01 00 01 01 01 01 01 01 01 00 01 01 01 01 01 01 01 00 01 01 01 01 01 01 01 00 01 01 01 01 01 01 01 00 01 01 01 01 01 01 01 00 01 01 01 01 01 01 01 00 01 01 01 01 01 01 01 00 01 01 01 01 01 01 01 00 01 01 01 01 01 01 01 00 01 01 01 01 01 01 01 00 01 01 01 01 01 01 01 00 01 01 01 01 01 01 01 2A 00 30 00 31 00 32 00 55 33 00 34 00 35 00 36 2A 00 37 00 38 00 39 00 55 3A 00 3B 00 3C 00 3D 28 00 3E 00 3F 00 07 00 00 07 00 07 00 07 00 07 00 00 07 00 07 00 07 00 00 07 00 07 00 07 00 07 00 00 07 00 07 00 07 00 00 07 01 00 01 00 01 00 00 01 00 01 00 01 00 01 00 00 01 00 01 00 01 00 00 01 00 01 00 01 00 01 00 00 01 00 01 00 01 02 00 01 02 01 02 01 02 01 00 02 01 02 01 02 01 02 00 01 02 01 02 01 02 01 00 02 01 02 01 02 01 02 00 01 02 01 01 01 01 01 00 01 01 01 01 01 01 01 00 01 01 01 01 01 01 01 00 01 01 01 01 01 01 01 00 01 01 01 01 01 01 01 00 01 01 01 01 01 01 01 00 01 01 01 01 01 01 01 00 01 01 01 01 01 01 01 00 01 01 01 01 01 01 01 00 01 01 01 01 01 01 01 00 01 01 01 01 01 01 01 00 01 01 01 01 01 01 01 00 01 01 01 01 01 01 01 00 01 01 01 01 01 01 01 00 01 01 01 01 01 01 01 00 01 01 01 01 01 01 01 00 01 01 01 01 01 01 01 00 01 01 01 01 01 01 01 00 01 01 01 01 01 01 01 00 01 01 01 01 01 01 01 00 01 01 01 01 01 01 01 00 01 01 01 01 01 01 01 00 01 01 01 01 01 01 01 00 01 01 01 01 01 01 01 00 01 01 01 01 01 01 01 00 01 01 01 01 01 01 01 00 01 01 01 01 01 01 01 00 01 01 01 01 01 01 01 00 01 01 01 01 01 01 01 00 01 01 01 01 01 01 01 00 01 01 01 01 01 01 01 00 01 01 01 01 01 01 01 00 01 01 01 01 01 01 01 00 01 01 01 01 01 01 01 00 01 01 01 01 01 01 01 00 01 01 01 01 01 01 01 00 01 01 01 01 01 01 01 00 01 01 01 01 01 01 01 00 01 01 01 01 01 01 01 00 01 01 01 01 01 01 01 00 01 01 01 01 01 01 01 00 01 01 01 01 01 01 01 00 01 01 01 01 01 01 01 00 01 01 01 01 01 01 01 00 01 01 01 01 01 01 01 00 01 01 01 01 01 01 01 00 01 01 01 01 01 01 01 00 01 01 01 01 01 01 01 00 01 01 01 01 01 01 01 00 01 01 01 01 01 01 01 00 01 01 01 01 01 01 01 00 01 01 01 01 01 01 01 00 01 01 01 01 01 01 01 00 01 01 01 01 01 01 01 00 01 01 01 01 01 01 01 15 01 00 30 00 31 00 32 2A 00 33 00 34 00 35 00 55 36 00 37 00 38 00 39 2A 00 3A 00 3B 00 3C 00 54 3D 00 3E 00 3F 00 0A 00 00 0A 00 0A 00 0A 00 00 0A 00 0A 00 0A 00 0A 00 00 0A 00 0A 00 0A 00 00 0A 00 0A 00 0A 00 0A 00 00 0A 01 00 01 00 01 00 00 01 00 01 00 01 00 00 01 00 01 00 01 00 01 00 00 01 00 01 00 01 00 00 01 00 01 00 01 00 01 00 02 01 02 01 02 01 02 00 01 02 01 02 01 02 01 00 02 01 02 01 02 01 02 00 01 02 01 02 01 02 01 00 02 01 02 01 01 01 01 00 01 01 01 01 01 01 01 00 01 01 01 01 01 01 01 00 01 01 01 01 01 01 01 00 01 01 01 01 01 01 01 00 01 01 01 01 01 01 01 00 01 01 01 01 01 01 01 00 01 01 01 01 01 01 01 00 01 01 01 01 01 01 01 00 01 01 01 01 01 01 01 00 01 01 01 01 01 01 01 00 01 01 01 01 01 01 01 00 01 01 01 01 01 01 01 00 01 01 01 01 01 01 01 00 01 01 01 01 01 01 01 00 01 01 01 01 01 01 01 00 01 01 01 01 01 01 01 00 01 01 01 01 01 01 01 00 01 01 01 01 01 01 01 00 01 01 01 01 01 01 01 00 01 01 01 01 01 01 01 00 01 01 01 01 01 01 01 00 01 01 01 01 01 01 01 00 01 01 01 01 01 01 01 00 01 01 01 01 01 01 01 00 01 01 01 01 01 01 01 00 01 01 01 01 01 01 01 00 01 01 01 01 01 01 01 00 01 01 01 01 01 01 01 00 01 01 01 01 01 01 01 00 01 01 01 01 01 01 01 00 01 01 01 01 01 01 01 00 01 01 01 01 01 01 01 00 01 01 01 01 01 01 01 00 01 01 01 01 01 01 01 00 01 01 01 01 01 01 01 00 01 01 01 01 01 01 01 00 01 01 01 01 01 01 01 00 01 01 01 01
[17:45:54] 🎹 Y→S (138b): 01 01 01 00 01 01 01 01 01 01 01 00 01 01 01 01 01 01 01 00 01 01 01 01 01 01 01 00 01 01 01 01 01 01 01 00 01 01 01 01 01 01 01 00 01 01 01 01 01 01 01 00 01 01 01 01 01 01 01 00 01 01 01 01 01 01 01 00 01 01 01 01 01 01 01 00 01 01 01 01 01 01 01 00 01 01 01 01 01 01 01 00 01 01 01 01 01 01 01 00 01 01 01 01 01 01 01 00 01 01 01 01 01 01 01 00 01 01 01 01 01 01 01 00 01 01 01 01 01 01 01 18 01 01 29 4A 29 F7
[17:45:54] 💻 S→Y (2048b): F0 43 00 7E 11 02 4C 4D 20 20 38 43 39 33 4C 00 03 00 00 00 20 20 20 20 20 20 20 00 20 20 20 20 20 20 20 00 20 20 00 01 00 01 4E 00 55 45 4E 44 4F 20 56 00 53 54 20 4D 49 58 45 00 52 43 43 43 43 43 43 00 43 43 43 43 43 43 43 00 43 43 43 48 48 48 48 00 48 48 48 48 48 48 48 00 48 48 48 48 48 31 32 00 33 34 35 36 37 38 39 00 31 31 31 31 31 31 31 00 20 20 20 20 20 20 20 00 20 20 30 31 32 33 34 00 35 36 56 56 56 56 56 00 56 56 56 56 56 56 56 00 56 56 56 56 53 53 53 00 53 53 53 53 53 53 53 00 53 53 53 53 53 53 54 00 54 54 54 54 54 54 54 00 54 54 54 54 54 54 54 00 54 20 20 20 20 20 20 00 20 20 20 20 20 20 20 00 20 20 20 4D 4D 4D 4D 00 4D 4D 4D 4D 4D 4D 4D 00 4D 4D 4D 4D 4D 49 49 00 49 49 49 49 49 49 49 00 49 49 49 49 49 49 49 00 58 58 58 58 58 58 58 00 58 58 58 58 58 58 58 00 58 58 45 45 45 45 45 00 45 45 45 45 45 45 45 00 45 45 45 45 52 52 52 00 52 52 52 52 52 52 52 00 52 52 52 52 52 52 20 00 20 20 20 20 20 20 20 00 20 20 20 20 20 20 20 00 20 43 43 43 43 43 43 00 43 43 43 43 43 43 43 00 43 43 43 48 48 48 48 00 48 48 48 48 48 48 48 00 48 48 48 48 48 31 32 00 33 34 35 36 37 38 39 00 31 31 31 31 31 31 31 00 20 20 20 20 20 20 20 00 20 20 30 31 32 33 34 00 35 36 20 20 20 20 20 00 20 20 20 20 20 20 20 00 20 20 20 20 20 20 20 00 20 20 20 20 20 20 20 00 20 20 20 20 20 20 00 55 30 00 31 00 32 00 33 2A 00 34 00 35 00 36 00 55 37 00 38 00 39 00 3A 2A 00 3B 00 3C 00 3D 00 50 3E 00 3F 00 40 00 40 00 00 40 00 40 00 40 00 00 40 00 40 00 40 00 40 00 00 40 00 40 00 40 00 00 40 00 40 00 40 00 40 00 01 00 01 00 01 00 01 00 00 01 00 01 00 01 00 00 01 00 01 00 01 00 01 00 00 01 00 01 00 01 00 00 01 00 01 00 01 02 01 00 02 01 02 01 02 01 02 00 01 02 01 02 01 02 01 00 02 01 02 01 02 01 02 00 01 02 01 02 01 02 01 00 02 01 01 01 01 01 01 00 01 01 01 01 01 01 01 00 01 01 01 01 01 01 01 00 01 01 01 01 01 01 01 00 01 01 01 01 01 01 01 00 01 01 01 01 01 01 01 00 01 01 01 01 01 01 01 00 01 01 01 01 01 01 01 00 01 01 01 01 01 01 01 00 01 01 01 01 01 01 01 00 01 01 01 01 01 01 01 00 01 01 01 01 01 01 01 00 01 01 01 01 01 01 01 00 01 01 01 01 01 01 01 00 01 01 01 01 01 01 01 00 01 01 01 01 01 01 01 00 01 01 01 01 01 01 01 00 01 01 01 01 01 01 01 00 01 01 01 01 01 01 01 00 01 01 01 01 01 01 01 00 01 01 01 01 01 01 01 00 01 01 01 01 01 01 01 00 01 01 01 01 01 01 01 00 01 01 01 01 01 01 01 00 01 01 01 01 01 01 01 00 01 01 01 01 01 01 01 00 01 01 01 01 01 01 01 00 01 01 01 01 01 01 01 00 01 01 01 01 01 01 01 00 01 01 01 01 01 01 01 00 01 01 01 01 01 01 01 00 01 01 01 01 01 01 01 00 01 01 01 01 01 01 01 00 01 01 01 01 01 01 01 00 01 01 01 01 01 01 01 00 01 01 01 01 01 01 01 00 01 01 01 01 01 01 01 00 01 01 01 01 01 01 01 00 01 01 01 01 01 01 01 00 01 01 01 01 01 01 01 00 01 01 01 01 01 01 01 00 01 01 01 01 01 01 01 00 01 01 01 01 01 01 01 00 01 01 01 01 01 01 01 00 01 01 01 01 01 01 01 00 01 01 01 01 01 01 01 00 01 01 01 01 01 01 01 00 01 01 01 01 01 01 01 00 01 01 01 01 01 01 01 00 01 01 01 01 01 01 01 00 01 01 01 01 01 01 01 00 01 01 01 01 01 01 01 00 01 01 01 01 01 01 01 00 01 01 01 01 01 01 01 00 01 01 01 01 01 01 01 2A 00 30 00 31 00 32 00 55 33 00 34 00 35 00 36 2A 00 37 00 38 00 39 00 55 3A 00 3B 00 3C 00 3D 28 00 3E 00 3F 00 07 00 00 07 00 07 00 07 00 07 00 00 07 00 07 00 07 00 00 07 00 07 00 07 00 07 00 00 07 00 07 00 07 00 00 07 01 00 01 00 01 00 00 01 00 01 00 01 00 01 00 00 01 00 01 00 01 00 00 01 00 01 00 01 00 01 00 00 01 00 01 00 01 02 00 01 02 01 02 01 02 01 00 02 01 02 01 02 01 02 00 01 02 01 02 01 02 01 00 02 01 02 01 02 01 02 00 01 02 01 01 01 01 01 00 01 01 01 01 01 01 01 00 01 01 01 01 01 01 01 00 01 01 01 01 01 01 01 00 01 01 01 01 01 01 01 00 01 01 01 01 01 01 01 00 01 01 01 01 01 01 01 00 01 01 01 01 01 01 01 00 01 01 01 01 01 01 01 00 01 01 01 01 01 01 01 00 01 01 01 01 01 01 01 00 01 01 01 01 01 01 01 00 01 01 01 01 01 01 01 00 01 01 01 01 01 01 01 00 01 01 01 01 01 01 01 00 01 01 01 01 01 01 01 00 01 01 01 01 01 01 01 00 01 01 01 01 01 01 01 00 01 01 01 01 01 01 01 00 01 01 01 01 01 01 01 00 01 01 01 01 01 01 01 00 01 01 01 01 01 01 01 00 01 01 01 01 01 01 01 00 01 01 01 01 01 01 01 00 01 01 01 01 01 01 01 00 01 01 01 01 01 01 01 00 01 01 01 01 01 01 01 00 01 01 01 01 01 01 01 00 01 01 01 01 01 01 01 00 01 01 01 01 01 01 01 00 01 01 01 01 01 01 01 00 01 01 01 01 01 01 01 00 01 01 01 01 01 01 01 00 01 01 01 01 01 01 01 00 01 01 01 01 01 01 01 00 01 01 01 01 01 01 01 00 01 01 01 01 01 01 01 00 01 01 01 01 01 01 01 00 01 01 01 01 01 01 01 00 01 01 01 01 01 01 01 00 01 01 01 01 01 01 01 00 01 01 01 01 01 01 01 00 01 01 01 01 01 01 01 00 01 01 01 01 01 01 01 00 01 01 01 01 01 01 01 00 01 01 01 01 01 01 01 00 01 01 01 01 01 01 01 00 01 01 01 01 01 01 01 00 01 01 01 01 01 01 01 00 01 01 01 01 01 01 01 00 01 01 01 01 01 01 01 00 01 01 01 01 01 01 01 00 01 01 01 01 01 01 01 00 01 01 01 01 01 01 01 00 01 01 01 01 01 01 01 15 01 00 30 00 31 00 32 2A 00 33 00 34 00 35 00 55 36 00 37 00 38 00 39 2A 00 3A 00 3B 00 3C 00 54 3D 00 3E 00 3F 00 0A 00 00 0A 00 0A 00 0A 00 00 0A 00 0A 00 0A 00 0A 00 00 0A 00 0A 00 0A 00 00 0A 00 0A 00 0A 00 0A 00 00 0A 01 00 01 00 01 00 00 01 00 01 00 01 00 00 01 00 01 00 01 00 01 00 00 01 00 01 00 01 00 00 01 00 01 00 01 00 01 00 02 01 02 01 02 01 02 00 01 02 01 02 01 02 01 00 02 01 02 01 02 01 02 00 01 02 01 02 01 02 01 00 02 01 02 01 01 01 01 00 01 01 01 01 01 01 01 00 01 01 01 01 01 01 01 00 01 01 01 01 01 01 01 00 01 01 01 01 01 01 01 00 01 01 01 01 01 01 01 00 01 01 01 01 01 01 01 00 01 01 01 01 01 01 01 00 01 01 01 01 01 01 01 00 01 01 01 01 01 01 01 00 01 01 01 01 01 01 01 00 01 01 01 01 01 01 01 00 01 01 01 01 01 01 01 00 01 01 01 01 01 01 01 00 01 01 01 01 01 01 01 00 01 01 01 01 01 01 01 00 01 01 01 01 01 01 01 00 01 01 01 01 01 01 01 00 01 01 01 01 01 01 01 00 01 01 01 01 01 01 01 00 01 01 01 01 01 01 01 00 01 01 01 01 01 01 01 00 01 01 01 01 01 01 01 00 01 01 01 01 01 01 01 00 01 01 01 01 01 01 01 00 01 01 01 01 01 01 01 00 01 01 01 01 01 01 01 00 01 01 01 01 01 01 01 00 01 01 01 01 01 01 01 00 01 01 01 01 01 01 01 00 01 01 01 01 01 01 01 00 01 01 01 01 01 01 01 00 01 01 01 01 01 01 01 00 01 01 01 01 01 01 01 00 01 01 01 01 01 01 01 00 01 01 01 01 01 01 01 00 01 01 01 01 01 01 01 00 01 01 01 01 01 01 01 00 01 01 01 01
[17:45:54] 💻 S→Y (16b): F0 43 20 7E 4C 4D 20 20 38 43 39 33 56 00 00 F7
[17:45:54] 🎹 Y→S (83b): F0 43 00 7E 00 4B 4C 4D 20 20 38 43 39 33 56 00 00 00 00 00 20 20 20 20 20 20 20 00 20 20 20 20 20 20 20 00 20 20 00 02 00 03 03 00 03 03 03 03 03 03 02 00 03 04 05 06 07 08 09 00 53 63 65 6E 65 20 52 00 65 63 61 6C 6C 20 20 00 20 20 00 75 5F 6F F7
[17:45:54] 💻 S→Y (83b): F0 43 00 7E 00 4B 4C 4D 20 20 38 43 39 33 56 00 00 00 00 00 20 20 20 20 20 20 20 00 20 20 20 20 20 20 20 00 20 20 00 02 00 03 03 00 03 03 03 03 03 03 02 00 03 04 05 06 07 08 09 00 53 63 65 6E 65 20 52 00 65 63 61 6C 6C 20 20 00 20 20 00 75 5F 6F F7
[17:45:54] 💻 S→Y (16b): F0 43 20 7E 4C 4D 20 20 38 43 39 33 56 00 01 F7
[17:45:54] 🎹 Y→S (16b): F0 43 10 3E 7F 5E 01 56 00 00 00 00 00 00 00 F7
[17:45:54] 💻 S→Y (16b): F0 43 10 3E 7F 5E 01 56 00 00 00 00 00 00 00 F7
[17:45:54] 🎹 Y→S (14b): F0 43 10 3E 7F 01 1C 00 05 00 00 01 51 F7
[17:45:54] 💻 S→Y (14b): F0 43 10 3E 7F 01 1C 00 05 00 00 01 51 F7
[17:45:54] 🎹 Y→S (83b): F0 43 00 7E 00 4B 4C 4D 20 20 38 43 39 33 56 00 01 00 00 00 20 20 20 20 20 20 20 00 20 20 20 20 20 20 20 00 20 20 00 02 00 26 2E 00 27 2F 28 30 29 31 00 00 00 00 00 00 00 00 00 00 47 72 6F 75 70 20 45 00 6E 61 62 6C 65 20 20 0C 20 20 00 41 67 63 F7
[17:45:54] 💻 S→Y (83b): F0 43 00 7E 00 4B 4C 4D 20 20 38 43 39 33 56 00 01 00 00 00 20 20 20 20 20 20 20 00 20 20 20 20 20 20 20 00 20 20 00 02 00 26 2E 00 27 2F 28 30 29 31 00 00 00 00 00 00 00 00 00 00 47 72 6F 75 70 20 45 00 6E 61 62 6C 65 20 20 0C 20 20 00 41 67 63 F7
[17:45:54] 💻 S→Y (16b): F0 43 20 7E 4C 4D 20 20 38 43 39 33 56 00 02 F7
[17:45:54] 🎹 Y→S (16b): F0 43 10 3E 7F 5E 01 56 00 01 00 00 00 00 00 F7
[17:45:54] 💻 S→Y (16b): F0 43 10 3E 7F 5E 01 56 00 01 00 00 00 00 00 F7
[17:45:54] 🎹 Y→S (83b): F0 43 00 7E 00 4B 4C 4D 20 20 38 43 39 33 56 00 02 00 00 00 20 20 20 20 20 20 20 00 20 20 20 20 20 20 20 01 20 20 00 02 00 4A 17 60 23 22 77 78 74 73 03 00 00 00 00 00 00 00 00 00 44 41 57 20 31 20 20 00 20 20 20 20 20 20 20 0C 20 20 00 36 36 01 F7
[17:45:54] 💻 S→Y (83b): F0 43 00 7E 00 4B 4C 4D 20 20 38 43 39 33 56 00 02 00 00 00 20 20 20 20 20 20 20 00 20 20 20 20 20 20 20 01 20 20 00 02 00 4A 17 60 23 22 77 78 74 73 03 00 00 00 00 00 00 00 00 00 44 41 57 20 31 20 20 00 20 20 20 20 20 20 20 0C 20 20 00 36 36 01 F7
[17:45:54] 💻 S→Y (16b): F0 43 20 7E 4C 4D 20 20 38 43 39 33 56 00 03 F7
[17:45:54] 🎹 Y→S (16b): F0 43 10 3E 7F 5E 01 56 00 02 00 00 00 00 00 F7
[17:45:54] 💻 S→Y (16b): F0 43 10 3E 7F 5E 01 56 00 02 00 00 00 00 00 F7
[17:45:54] 🎹 Y→S (83b): F0 43 00 7E 00 4B 4C 4D 20 20 38 43 39 33 56 00 03 00 00 00 20 20 20 20 20 20 20 00 20 20 20 20 20 20 20 01 20 20 00 02 00 4A 1F 7E 0A 0B 0C 0D 0E 0F 02 00 00 00 00 00 00 00 00 00 44 41 57 20 32 20 20 00 20 20 20 20 20 20 20 0C 20 20 00 14 20 62 F7
[17:45:54] 💻 S→Y (83b): F0 43 00 7E 00 4B 4C 4D 20 20 38 43 39 33 56 00 03 00 00 00 20 20 20 20 20 20 20 00 20 20 20 20 20 20 20 01 20 20 00 02 00 4A 1F 7E 0A 0B 0C 0D 0E 0F 02 00 00 00 00 00 00 00 00 00 44 41 57 20 32 20 20 00 20 20 20 20 20 20 20 0C 20 20 00 14 20 62 F7
[17:45:54] 💻 S→Y (16b): F0 43 20 7E 4C 4D 20 20 38 43 39 33 56 00 04 F7
[17:45:54] 🎹 Y→S (16b): F0 43 10 3E 7F 5E 01 56 00 03 00 00 00 00 00 F7
[17:45:54] 💻 S→Y (16b): F0 43 10 3E 7F 5E 01 56 00 03 00 00 00 00 00 F7
[17:45:54] 🎹 Y→S (83b): F0 43 00 7E 00 4B 4C 4D 20 20 38 43 39 33 56 00 04 00 00 00 20 20 20 20 20 20 20 00 20 20 20 20 20 20 20 00 20 20 00 02 00 53 54 00 57 4E 50 4F 52 51 00 00 01 02 03 00 00 00 00 00 4D 61 63 68 69 6E 65 00 20 43 6F 6E 74 72 6F 0C 6C 20 00 6B 22 61 F7
[17:45:54] 💻 S→Y (83b): F0 43 00 7E 00 4B 4C 4D 20 20 38 43 39 33 56 00 04 00 00 00 20 20 20 20 20 20 20 00 20 20 20 20 20 20 20 00 20 20 00 02 00 53 54 00 57 4E 50 4F 52 51 00 00 01 02 03 00 00 00 00 00 4D 61 63 68 69 6E 65 00 20 43 6F 6E 74 72 6F 0C 6C 20 00 6B 22 61 F7
[17:45:54] 💻 S→Y (16b): F0 43 20 7E 4C 4D 20 20 38 43 39 33 56 00 05 F7
[17:45:54] 🎹 Y→S (16b): F0 43 10 3E 7F 5E 01 56 00 04 00 00 00 00 00 F7
[17:45:54] 💻 S→Y (16b): F0 43 10 3E 7F 5E 01 56 00 04 00 00 00 00 00 F7
[17:45:54] 🎹 Y→S (83b): F0 43 00 7E 00 4B 4C 4D 20 20 38 43 39 33 56 00 05 00 00 00 20 20 20 20 20 20 20 00 20 20 20 20 20 20 20 00 20 20 00 02 00 4C 4C 00 4C 4C 4C 4C 4C 4C 00 00 01 02 03 04 05 06 07 00 50 72 6F 67 72 61 6D 00 20 43 68 61 6E 67 65 04 20 20 00 05 78 68 F7
[17:45:54] 💻 S→Y (83b): F0 43 00 7E 00 4B 4C 4D 20 20 38 43 39 33 56 00 05 00 00 00 20 20 20 20 20 20 20 00 20 20 20 20 20 20 20 00 20 20 00 02 00 4C 4C 00 4C 4C 4C 4C 4C 4C 00 00 01 02 03 04 05 06 07 00 50 72 6F 67 72 61 6D 00 20 43 68 61 6E 67 65 04 20 20 00 05 78 68 F7
[17:45:54] 💻 S→Y (16b): F0 43 20 7E 4C 4D 20 20 38 43 39 33 56 00 06 F7
[17:45:54] 🎹 Y→S (16b): F0 43 10 3E 7F 5E 01 56 00 05 00 00 00 00 00 F7
[17:45:54] 💻 S→Y (16b): F0 43 10 3E 7F 5E 01 56 00 05 00 00 00 00 00 F7
[17:45:54] 🎹 Y→S (83b): F0 43 00 7E 00 4B 4C 4D 20 20 38 43 39 33 56 00 06 00 00 00 20 20 20 20 20 20 20 00 20 20 20 20 20 20 20 00 20 20 00 02 00 46 47 00 44 45 00 00 00 00 00 00 00 00 00 00 00 00 00 00 53 70 65 63 69 61 6C 00 20 46 75 6E 63 74 69 00 6F 6E 00 6C 4F 6A F7
[17:45:54] 💻 S→Y (83b): F0 43 00 7E 00 4B 4C 4D 20 20 38 43 39 33 56 00 06 00 00 00 20 20 20 20 20 20 20 00 20 20 20 20 20 20 20 00 20 20 00 02 00 46 47 00 44 45 00 00 00 00 00 00 00 00 00 00 00 00 00 00 53 70 65 63 69 61 6C 00 20 46 75 6E 63 74 69 00 6F 6E 00 6C 4F 6A F7
[17:45:54] 💻 S→Y (16b): F0 43 20 7E 4C 4D 20 20 38 43 39 33 56 00 07 F7
[17:45:54] 🎹 Y→S (16b): F0 43 10 3E 7F 5E 01 56 00 06 00 00 00 00 00 F7
[17:45:54] 💻 S→Y (16b): F0 43 10 3E 7F 5E 01 56 00 06 00 00 00 00 00 F7
[17:45:54] 🎹 Y→S (83b): F0 43 00 7E 00 4B 4C 4D 20 20 38 43 39 33 56 00 07 00 00 00 20 20 20 20 20 20 20 00 20 20 20 20 20 20 20 00 20 20 00 02 00 00 00 00 00 00 00 00 00 00 00 00 00 00 00 00 00 00 00 00 4E 6F 20 41 73 73 69 00 67 6E 20 20 20 20 20 0C 20 20 00 72 65 5C F7
[17:45:54] 💻 S→Y (83b): F0 43 00 7E 00 4B 4C 4D 20 20 38 43 39 33 56 00 07 00 00 00 20 20 20 20 20 20 20 00 20 20 20 20 20 20 20 00 20 20 00 02 00 00 00 00 00 00 00 00 00 00 00 00 00 00 00 00 00 00 00 00 4E 6F 20 41 73 73 69 00 67 6E 20 20 20 20 20 0C 20 20 00 72 65 5C F7
[17:45:54] 💻 S→Y (16b): F0 43 20 7E 4C 4D 20 20 38 43 39 33 55 00 00 F7
[17:45:54] 🎹 Y→S (16b): F0 43 10 3E 7F 5E 01 56 00 07 00 00 00 00 00 F7
[17:45:54] 💻 S→Y (16b): F0 43 10 3E 7F 5E 01 56 00 07 00 00 00 00 00 F7
[17:45:54] 🎹 Y→S (83b): F0 43 00 7E 00 4B 4C 4D 20 20 38 43 39 33 55 00 00 00 00 00 20 20 20 20 20 20 20 00 20 20 20 20 20 20 20 00 20 20 00 00 00 00 00 00 00 00 00 00 00 00 00 00 00 00 00 00 00 00 00 00 00 00 00 00 00 00 00 00 00 00 00 00 00 00 00 0C 00 00 00 7E 7F 62 F7
[17:45:54] 💻 S→Y (83b): F0 43 00 7E 00 4B 4C 4D 20 20 38 43 39 33 55 00 00 00 00 00 20 20 20 20 20 20 20 00 20 20 20 20 20 20 20 00 20 20 00 00 00 00 00 00 00 00 00 00 00 00 00 00 00 00 00 00 00 00 00 00 00 00 00 00 00 00 00 00 00 00 00 00 00 00 00 0C 00 00 00 7E 7F 62 F7
[17:45:54] 💻 S→Y (16b): F0 43 20 7E 4C 4D 20 20 38 43 39 33 55 00 01 F7
[17:45:54] 🎹 Y→S (16b): F0 43 10 3E 7F 5E 01 55 00 00 00 00 00 00 00 F7
[17:45:54] 💻 S→Y (16b): F0 43 10 3E 7F 5E 01 55 00 00 00 00 00 00 00 F7
[17:45:54] 🎹 Y→S (83b): F0 43 00 7E 00 4B 4C 4D 20 20 38 43 39 33 55 00 01 00 00 00 20 20 20 20 20 20 20 00 20 20 20 20 20 20 20 00 20 20 00 00 00 00 00 00 00 00 00 00 00 00 00 00 00 00 00 00 00 00 00 00 00 00 00 00 00 00 00 00 00 00 00 00 00 00 00 0C 00 00 00 7E 7F 61 F7
[17:45:54] 💻 S→Y (83b): F0 43 00 7E 00 4B 4C 4D 20 20 38 43 39 33 55 00 01 00 00 00 20 20 20 20 20 20 20 00 20 20 20 20 20 20 20 00 20 20 00 00 00 00 00 00 00 00 00 00 00 00 00 00 00 00 00 00 00 00 00 00 00 00 00 00 00 00 00 00 00 00 00 00 00 00 00 0C 00 00 00 7E 7F 61 F7
[17:45:54] 💻 S→Y (16b): F0 43 20 7E 4C 4D 20 20 38 43 39 33 55 00 02 F7
[17:45:54] 🎹 Y→S (14b): F0 43 10 3E 7F 01 1C 00 05 00 00 01 50 F7
[17:45:54] 💻 S→Y (14b): F0 43 10 3E 7F 01 1C 00 05 00 00 01 50 F7
[17:45:54] 🎹 Y→S (16b): F0 43 10 3E 7F 5E 01 55 00 01 00 00 00 00 00 F7
[17:45:54] 💻 S→Y (16b): F0 43 10 3E 7F 5E 01 55 00 01 00 00 00 00 00 F7
[17:45:54] 🎹 Y→S (83b): F0 43 00 7E 00 4B 4C 4D 20 20 38 43 39 33 55 00 02 00 00 00 20 20 20 20 20 20 20 00 20 20 20 20 20 20 20 00 20 20 00 00 00 00 00 00 00 00 00 00 00 00 00 00 00 00 00 00 00 00 00 00 00 00 00 00 00 00 00 00 00 00 00 00 00 00 00 0C 00 00 00 7E 7F 60 F7
[17:45:54] 💻 S→Y (83b): F0 43 00 7E 00 4B 4C 4D 20 20 38 43 39 33 55 00 02 00 00 00 20 20 20 20 20 20 20 00 20 20 20 20 20 20 20 00 20 20 00 00 00 00 00 00 00 00 00 00 00 00 00 00 00 00 00 00 00 00 00 00 00 00 00 00 00 00 00 00 00 00 00 00 00 00 00 0C 00 00 00 7E 7F 60 F7
[17:45:54] 💻 S→Y (16b): F0 43 20 7E 4C 4D 20 20 38 43 39 33 55 00 03 F7
[17:45:54] 🎹 Y→S (16b): F0 43 10 3E 7F 5E 01 55 00 02 00 00 00 00 00 F7
[17:45:54] 💻 S→Y (16b): F0 43 10 3E 7F 5E 01 55 00 02 00 00 00 00 00 F7
[17:45:54] 🎹 Y→S (83b): F0 43 00 7E 00 4B 4C 4D 20 20 38 43 39 33 55 00 03 00 00 00 20 20 20 20 20 20 20 00 20 20 20 20 20 20 20 00 20 20 00 00 00 00 00 00 00 00 00 00 00 00 00 00 00 00 00 00 00 00 00 00 00 00 00 00 00 00 00 00 00 00 00 00 00 00 00 0C 00 00 00 7E 7F 5F F7
[17:45:54] 💻 S→Y (83b): F0 43 00 7E 00 4B 4C 4D 20 20 38 43 39 33 55 00 03 00 00 00 20 20 20 20 20 20 20 00 20 20 20 20 20 20 20 00 20 20 00 00 00 00 00 00 00 00 00 00 00 00 00 00 00 00 00 00 00 00 00 00 00 00 00 00 00 00 00 00 00 00 00 00 00 00 00 0C 00 00 00 7E 7F 5F F7
[17:45:54] 💻 S→Y (16b): F0 43 20 7E 4C 4D 20 20 38 43 39 33 50 02 00 F7
[17:45:54] 🎹 Y→S (16b): F0 43 10 3E 7F 5E 01 55 00 03 00 00 00 00 00 F7
[17:45:54] 💻 S→Y (16b): F0 43 10 3E 7F 5E 01 55 00 03 00 00 00 00 00 F7
📊 Y→S: 708 | S→Y: 1342 | 📶 Meters: 20 | 🔁 Loopback filtrado: 24 | 🔧 Remontados: 4
[17:45:54] 🎹 Y→S (193b): F0 43 00 7E 01 39 4C 4D 20 20 38 43 39 33 50 02 00 00 00 00 20 20 20 20 20 20 20 00 20 20 20 20 20 20 20 00 20 20 00 00 00 01 02 00 03 04 05 06 07 08 09 00 0A 0B 0C 0D 0E 0F 10 00 11 12 13 14 15 16 17 00 18 19 1A 1B 1C 1D 1E 00 1F 20 21 22 23 24 25 00 26 27 28 29 2A 2B 2C 00 2D 2E 2F 30 31 32 33 00 34 35 36 37 38 39 3A 00 3B 3C 3D 3E 3F 40 41 00 42 43 44 45 46 47 48 00 49 4A 4B 4C 4D 4E 4F 00 50 51 52 53 54 55 56 00 57 58 59 5A 5B 5C 5D 00 5E 5F 60 61 62 63 00 00 64 64 64 64 64 64 64 00 64 64 64 64 64 64 64 00 64 64 64 64 64 64 64 00 64 64 64 64 64 64 64 30 00 65 43 50 F7
[17:45:54] 💻 S→Y (193b): F0 43 00 7E 01 39 4C 4D 20 20 38 43 39 33 50 02 00 00 00 00 20 20 20 20 20 20 20 00 20 20 20 20 20 20 20 00 20 20 00 00 00 01 02 00 03 04 05 06 07 08 09 00 0A 0B 0C 0D 0E 0F 10 00 11 12 13 14 15 16 17 00 18 19 1A 1B 1C 1D 1E 00 1F 20 21 22 23 24 25 00 26 27 28 29 2A 2B 2C 00 2D 2E 2F 30 31 32 33 00 34 35 36 37 38 39 3A 00 3B 3C 3D 3E 3F 40 41 00 42 43 44 45 46 47 48 00 49 4A 4B 4C 4D 4E 4F 00 50 51 52 53 54 55 56 00 57 58 59 5A 5B 5C 5D 00 5E 5F 60 61 62 63 00 00 64 64 64 64 64 64 64 00 64 64 64 64 64 64 64 00 64 64 64 64 64 64 64 00 64 64 64 64 64 64 64 30 00 65 43 50 F7
[17:45:54] 💻 S→Y (16b): F0 43 20 7E 4C 4D 20 20 38 43 39 33 43 02 00 F7
[17:45:54] 🎹 Y→S (16b): F0 43 10 3E 7F 5E 01 50 02 00 00 00 00 00 00 F7
[17:45:54] 💻 S→Y (16b): F0 43 10 3E 7F 5E 01 50 02 00 00 00 00 00 00 F7
[17:45:54] 🎹 Y→S (2048b): F0 43 00 7E 1F 4D 4C 4D 20 20 38 43 39 33 43 02 00 01 00 00 20 20 20 20 20 20 20 00 20 20 20 20 20 20 20 00 20 20 00 02 00 00 01 00 01 01 01 01 01 01 01 00 01 01 01 01 01 01 01 00 01 01 01 01 01 01 01 00 01 01 00 00 00 00 00 00 01 00 00 02 02 02 02 00 02 02 02 02 02 02 02 00 02 02 02 02 02 02 02 00 02 02 02 02 02 02 00 00 00 00 00 00 02 00 03 00 03 03 03 03 03 03 03 00 03 03 03 03 03 03 03 00 03 03 03 03 03 03 03 00 03 03 00 0C 0C 0C 0C 00 0C 0C 0C 0C 0C 0C 0C 00 0C 0C 0C 0C 0C 0C 0C 00 0C 0C 0C 0C 0C 0C 00 00 00 00 00 00 00 00 00 00 00 00 00 00 00 00 00 00 00 00 00 00 00 00 00 00 00 00 00 00 00 00 00 00 00 00 01 00 00 00 00 00 00 00 00 00 00 00 00 00 00 00 00 00 00 00 00 00 00 00 00 00 00 00 00 00 00 00 00 00 00 00 01 00 00 00 00 00 00 00 00 00 00 00 00 00 00 00 00 00 00 00 00 00 00 00 00 00 00 00 00 00 00 00 00 00 00 00 00 00 00 00 00 00 00 00 00 00 00 00 00 00 00 00 00 00 00 00 00 00 00 00 00 00 01 02 03 00 04 05 06 07 08 09 0A 00 0B 0C 0D 0E 0F 10 11 00 12 13 14 15 16 17 00 00 00 00 00 00 10 00 00 00 00 01 02 03 04 05 06 00 07 08 09 0A 0B 0C 0D 00 0E 0F 10 11 12 13 14 00 15 16 17 00 00 00 00 00 00 10 00 00 01 02 03 00 04 05 06 07 08 09 0A 00 0B 0C 0D 0E 0F 10 11 00 12 13 14 15 16 17 00 00 00 01 02 03 04 05 06 00 07 08 09 0A 0B 0C 0D 00 0E 0F 10 11 12 13 14 00 15 16 17 00 00 01 01 00 01 01 01 01 01 01 01 00 01 01 01 01 01 01 01 00 01 01 01 01 01 01 01 00 01 01 01 01 01 00 03 00 00 00 02 02 02 02 02 00 02 02 02 02 02 02 02 00 02 02 02 02 02 02 02 00 02 02 02 02 02 02 02 00 02 02 00 0D 00 03 03 00 03 03 03 03 03 03 03 00 03 03 03 03 03 03 03 00 03 03 03 03 00 00 00 00 00 00 0C 0C 0C 0C 0C 00 0C 0C 0C 0C 0C 0C 0C 00 0C 0C 0C 0C 03 03 03 00 03 03 03 03 03 00 00 00 00 00 00 00 00 00 00 00 00 00 00 00 00 01 01 00 01 01 01 01 01 01 01 00 01 01 01 01 01 01 01 00 00 01 00 00 00 00 00 00 00 00 00 00 00 00 00 00 00 00 01 01 01 01 01 00 01 01 01 01 01 01 01 00 01 01 01 01 00 00 00 00 00 00 00 00 00 00 00 00 00 00 00 00 00 01 01 00 01 01 01 01 01 01 00 00 00 00 00 00 00 00 00 00 00 00 00 00 00 00 00 00 00 00 00 00 00 00 01 00 01 01 01 01 01 01 01 00 00 00 18 19 1A 1B 1C 00 1D 1E 1F 20 21 22 23 00 00 01 02 03 04 05 06 00 07 08 09 0A 0B 0C 0D 00 0E 0F 00 10 00 00 18 00 19 1A 1B 1C 1D 1E 1F 00 20 21 22 23 00 01 02 00 03 04 05 06 07 08 09 00 0A 0B 0C 0D 0E 0F 00 00 00 00 18 19 1A 1B 1C 00 1D 1E 1F 20 21 22 23 00 00 01 02 03 04 05 06 00 07 00 00 00 00 00 18 00 19 1A 1B 1C 1D 1E 1F 00 20 21 22 23 24 25 26 00 27 08 09 0A 0B 0C 0D 00 0E 0F 00 00 09 09 09 00 09 09 09 09 09 09 09 00 09 09 09 09 09 09 09 00 09 09 09 09 09 09 09 00 00 00 00 00 00 00 00 00 00 09 09 09 09 09 09 00 09 09 09 09 09 09 09 00 09 09 09 09 09 09 09 00 09 09 09 09 00 00 00 00 00 00 00 00 09 09 09 00 09 09 09 09 09 09 09 00 09 09 09 09 09 09 09 00 09 09 09 09 09 09 09 00 00 09 09 09 09 09 09 00 09 09 09 09 09 09 09 00 09 09 09 09 09 09 09 00 09 09 09 09 00 00 03 00 03 03 03 03 03 03 03 00 03 03 03 03 03 03 03 00 03 03 03 03 03 03 03 00 03 03 00 00 00 00 00 00 00 00 00 04 04 04 04 00 04 04 04 04 04 04 04 00 04 04 04 04 04 04 04 00 04 04 04 04 04 04 00 00 00 00 00 00 00 00 02 00 02 02 02 02 02 02 02 00 02 02 02 02 02 02 02 00 02 02 02 02 02 02 02 00 02 02 00 01 01 01 01 00 01 01 01 01 01 01 01 00 01 01 01 01 01 01 01 00 01 01 01 01 01 01 00 00 00 00 01 02 03 04 05 00 06 07 08 09 0A 0B 0C 00 0D 0E 0F 10 11 12 13 00 14 15 16 17 00 00 00 00 00 00 00 00 00 00 01 00 02 03 04 05 06 07 08 00 09 0A 0B 0C 0D 0E 0F 00 10 11 12 13 14 15 16 00 17 00 00 00 00 00 00 00 00 00 01 02 03 04 05 00 06 07 08 09 0A 0B 0C 00 0D 0E 0F 10 11 12 13 00 14 15 16 17 00 00 01 00 02 03 04 05 06 07 08 00 09 0A 0B 0C 0D 0E 0F 00 10 11 12 13 14 15 16 00 17 00 00 09 09 09 09 00 09 09 09 09 09 09 09 00 09 00 00 00 00 00 00 00 00 00 00 00 00 00 00 00 00 00 00 00 00 00 00 00 09 09 09 09 09 09 09 00 09 09 09 09 09 00 00 00 00 00 00 00 00 00 00 00 00 00 00 00 00 00 00 00 00 00 00 09 09 09 09 00 09 09 09 09 09 09 09 00 09 00 00 00 00 00 00 00 00 00 00 00 00 00 00 00 09 09 09 09 09 09 09 00 09 09 09 09 09 00 00 00 00 00 00 00 00 00 00 00 00 00 00 00 00 03 03 00 03 03 03 03 03 03 03 00 03 03 03 00 00 00 00 00 00 00 00 00 00 00 00 00 00 00 00 00 00 00 00 00 00 00 04 04 04 04 04 00 04 04 04 04 04 04 04 00 00 00 00 00 00 00 00 00 00 00 00 00 00 00 00 00 00 00 00 00 00 02 02 00 02 02 02 02 02 02 02 00 02 02 02 00 00 00 00 00 00 00 00 00 00 00 00 00 00 00 01 01 01 01 01 00 01 01 01 01 01 01 01 00 00 00 00 00 00 00 00 00 00 00 00 00 00 00 00 00 18 19 1A 1B 1C 1D 1E 00 1F 20 21 22 23 00 00 00 00 00 00 00 00 00 00 00 00 00 00 00 00 00 00 00 00 00 00 00 18 19 1A 00 1B 1C 1D 1E 1F 20 21 00 22 23 00 00 00 00 00 00 00 00 00 00 00 00 00 00 00 00 00 00 00 00 00 00 18 19 1A 1B 1C 1D 1E 00 1F 20 21 22 23 00 00 00 00 00 00 00 00 00 00 00 00 00 00 00 18 19 1A 00 1B 1C 1D 1E 1F 20 21 00 22 23 00 00 00 00 00 00 00 00 00 00 00 00 00 00 00 00 09 09 09 09 09 00 09 09 09 09 09 09 09 00 09 09 09 09 09 09 09 00 09 09 09 09 09 00 00 00 00 00 00 00 00 00 09 00 09 09 09 09 09 09 09 00 09 09 09 09 09 09 09 00 09 09 09 09 09 09 09 00 09 09 00 00 00 00 00 00 00 00 09 09 09 09 09 00 09 09 09 09 09 09 09 00 09 09 09 09 09 09 09 00 09 09 09 09 09 00 09 00 09 09 09 09 09 09 09 00 09 09 09 09 09 09 09 00 09 09 09 09 09 09 09 00 09 09 00 00 07 07 07 00 07 07 07 07 07 07 07 00 07 07 07 07 07 07 07 00 07 07 07 07 07 07 07 00 00 00 00 00 00 00 00 00 00 08 08 08 08 08 08 00 08 08 08 08 08 08 08 00 08 08 08 08 08 08 08 00 08 08 08 08 00 00 00 00 00 00 00 00 06 06 06 00 06 06 06 06 06 06 06 00 06 06 06 06 06 06 06 00 06 06 06 06 06 06 06 00 00 05 05 05 05 05 05 00 05 05 05 05 05 05 05 00 05 05 05 05 05 05 05 00 05 05 05 05 00 00 00 00 01 02 03 04 05 06 07 00 08 09 0A 0B 0C 0D 0E 00 0F 10 11 12 13 14 15 00 16 17 00 00 00 00 00 00 00 00 00 00 01 02 03 00 04 05 06 07 08 09 0A 00 0B 0C 0D 0E 0F 10 11 00 12 13 14 15 16 17 00 00 00 00 00 00 00 00 00 00 01 02 03 04 05 06 07 00 08 09 0A 0B 0C 0D 0E 00 0F 10 11 12 13 14 15 00 16 17 00 00 01 02 03 00 04 05 06 07 08 09 0A 00 0B 0C 0D 0E 0F 10 11 00 12 13 14 15 16 17 00 00 00 09 09 09 09 09 09 00 09 09 09 09 09 09 00 00 00 00 00 00 00 00 00 00 00 00 00 00 00 00 00 00 00 00 00 00 00 09 09 00 09 09 09 09 09 09 09 00 09 09 09 00
[17:45:54] 🎹 Y→S (2005b): 00 00 00 00 00 00 00 00 00 00 00 00 00 00 00 00 00 00 00 00 00 09 09 09 09 09 09 00 09 09 09 09 09 09 00 00 00 00 00 00 00 00 00 00 00 00 00 00 00 09 09 00 09 09 09 09 09 09 09 00 09 09 09 00 00 00 00 00 00 00 00 00 00 00 00 00 00 00 00 07 07 07 07 00 07 07 07 07 07 07 07 00 07 00 00 00 00 00 00 00 00 00 00 00 00 00 00 00 00 00 00 00 00 00 00 00 08 08 08 08 08 08 08 00 08 08 08 08 08 00 00 00 00 00 00 00 00 00 00 00 00 00 00 00 00 00 00 00 00 00 00 06 06 06 06 00 06 06 06 06 06 06 06 00 06 00 00 00 00 00 00 00 00 00 00 00 00 00 00 00 05 05 05 05 05 05 05 00 05 05 05 05 05 00 00 00 00 00 00 00 00 00 00 00 00 00 00 00 00 18 19 00 1A 1B 1C 1D 1E 1F 20 00 21 22 23 00 00 00 00 00 00 00 00 00 00 00 00 00 00 00 00 00 00 00 00 00 00 00 18 19 1A 1B 1C 00 1D 1E 1F 20 21 22 23 00 00 00 00 00 00 00 00 00 00 00 00 00 00 00 00 00 00 00 00 00 00 18 19 00 1A 1B 1C 1D 1E 1F 20 00 21 22 23 00 00 00 00 00 00 00 00 00 00 00 00 00 00 00 18 19 1A 1B 1C 00 1D 1E 1F 20 21 22 23 00 00 00 00 00 00 00 00 00 00 00 00 00 00 00 00 00 09 09 09 09 09 09 09 00 09 09 09 09 09 09 09 00 09 09 09 09 09 09 09 00 09 09 09 00 00 00 00 00 00 00 00 00 09 09 09 00 09 09 09 09 09 09 09 00 09 09 09 09 09 09 09 00 09 09 09 09 09 09 09 00 00 00 00 00 00 00 00 00 09 09 09 09 09 09 09 00 09 09 09 09 09 09 09 00 09 09 09 09 09 09 09 00 09 09 09 00 09 09 09 00 09 09 09 09 09 09 09 00 09 09 09 09 09 09 09 00 09 09 09 09 09 09 09 00 00 00 0B 0B 0B 0B 0B 00 0B 0B 0B 0B 0B 0B 0B 00 0B 0B 0B 0B 0B 0B 0B 00 0B 0B 0B 0B 0B 00 00 00 00 00 00 00 00 00 0C 00 0C 0C 0C 0C 0C 0C 0C 00 0C 0C 0C 0C 0C 0C 0C 00 0C 0C 0C 0C 0C 0C 0C 00 0C 0C 00 00 00 00 00 00 00 00 0A 0A 0A 0A 0A 00 0A 0A 0A 0A 0A 0A 0A 00 0A 0A 0A 0A 0A 0A 0A 00 0A 0A 0A 0A 0A 00 09 00 09 09 09 09 09 09 09 00 09 09 09 09 09 09 09 00 09 09 09 09 09 09 09 00 09 09 00 00 00 01 02 00 03 04 05 06 07 08 09 00 0A 0B 0C 0D 0E 0F 10 00 11 12 13 14 15 16 17 00 00 00 00 00 00 00 00 00 00 00 01 02 03 04 05 00 06 07 08 09 0A 0B 0C 00 0D 0E 0F 10 11 12 13 00 14 15 16 17 00 00 00 00 00 00 00 00 00 01 02 00 03 04 05 06 07 08 09 00 0A 0B 0C 0D 0E 0F 10 00 11 12 13 14 15 16 17 00 00 00 01 02 03 04 05 00 06 07 08 09 0A 0B 0C 00 0D 0E 0F 10 11 12 13 00 14 15 16 17 00 00 09 00 09 09 09 09 09 09 09 00 09 09 09 09 00 00 00 00 00 00 00 00 00 00 00 00 00 00 00 00 00 00 00 00 00 00 00 09 09 09 09 00 09 09 09 09 09 09 09 00 09 00 00 00 00 00 00 00 00 00 00 00 00 00 00 00 00 00 00 00 00 00 09 00 09 09 09 09 09 09 09 00 09 09 09 09 00 00 00 00 00 00 00 00 00 00 00 00 00 00 00 09 09 09 09 00 09 09 09 09 09 09 09 00 09 00 00 00 00 00 00 00 00 00 00 00 00 00 00 00 00 0B 0B 0B 0B 0B 0B 00 0B 0B 0B 0B 0B 0B 00 00 00 00 00 00 00 00 00 00 00 00 00 00 00 00 00 00 00 00 00 00 00 0C 0C 00 0C 0C 0C 0C 0C 0C 0C 00 0C 0C 0C 00 00 00 00 00 00 00 00 00 00 00 00 00 00 00 00 00 00 00 00 00 00 0A 0A 0A 0A 0A 0A 00 0A 0A 0A 0A 0A 0A 00 00 00 00 00 00 00 00 00 00 00 00 00 00 00 09 09 00 09 09 09 09 09 09 09 00 09 09 09 00 00 00 00 00 00 00 00 00 00 00 00 00 00 00 00 18 19 1A 1B 00 1C 1D 1E 1F 20 21 22 00 23 00 00 00 00 00 00 00 00 00 00 00 00 00 00 00 00 00 00 00 00 00 00 00 18 19 1A 1B 1C 1D 1E 00 1F 20 21 22 23 00 00 00 00 00 00 00 00 00 00 00 00 00 00 00 00 00 00 00 00 00 00 18 19 1A 1B 00 1C 1D 1E 1F 20 21 22 00 23 00 00 00 00 00 00 00 00 00 00 00 00 00 00 00 18 19 1A 1B 1C 1D 1E 00 1F 20 21 22 23 00 00 00 00 00 00 00 00 00 00 00 00 00 00 00 00 09 09 00 09 09 09 09 09 09 09 00 09 09 09 09 09 09 09 00 09 09 09 09 09 09 09 00 09 00 00 00 00 00 00 00 00 00 09 09 09 09 09 00 09 09 09 09 09 09 09 00 09 09 09 09 09 09 09 00 09 09 09 09 09 00 00 00 00 00 00 00 00 09 09 00 09 09 09 09 09 09 09 00 09 09 09 09 09 09 09 00 09 09 09 09 09 09 09 00 09 00 09 09 09 09 09 00 09 09 09 09 09 09 09 00 09 09 09 09 09 09 09 00 09 09 09 09 09 00 00 00 0F 0F 0F 0F 0F 0F 0F 00 0F 0F 0F 0F 0F 0F 0F 00 0F 0F 0F 0F 0F 0F 0F 00 0F 0F 0F 00 00 00 00 00 00 00 00 00 10 10 10 00 10 10 10 10 10 10 10 00 10 10 10 10 10 10 10 00 10 10 10 10 10 10 10 00 00 00 00 00 00 00 00 00 0E 0E 0E 0E 0E 0E 0E 00 0E 0E 0E 0E 0E 0E 0E 00 0E 0E 0E 0E 0E 0E 0E 00 0E 0E 0E 00 0D 0D 0D 00 0D 0D 0D 0D 0D 0D 0D 00 0D 0D 0D 0D 0D 0D 0D 00 0D 0D 0D 0D 0D 0D 0D 00 00 00 00 01 02 03 04 00 05 06 07 08 09 0A 0B 00 0C 0D 0E 0F 10 11 12 00 13 14 15 16 17 00 00 00 00 00 00 00 00 00 00 00 01 02 03 04 05 06 07 00 08 09 0A 0B 0C 0D 0E 00 0F 10 11 12 13 14 15 00 16 17 00 00 00 00 00 00 00 00 00 01 02 03 04 00 05 06 07 08 09 0A 0B 00 0C 0D 0E 0F 10 11 12 00 13 14 15 16 17 00 00 00 01 02 03 04 05 06 07 00 08 09 0A 0B 0C 0D 0E 00 0F 10 11 12 13 14 15 00 16 17 00 00 09 09 09 00 09 09 09 09 09 09 09 00 09 09 00 00 00 00 00 00 00 00 00 00 00 00 00 00 00 00 00 00 00 00 00 00 00 09 09 09 09 09 09 00 09 09 09 09 09 09 00 00 00 00 00 00 00 00 00 00 00 00 00 00 00 00 00 00 00 00 00 00 09 09 09 00 09 09 09 09 09 09 09 00 09 09 00 00 00 00 00 00 00 00 00 00 00 00 00 00 00 09 09 09 09 09 09 00 09 09 09 09 09 09 00 00 00 00 00 00 00 00 00 00 00 00 00 00 00 00 0F 00 0F 0F 0F 0F 0F 0F 0F 00 0F 0F 0F 0F 00 00 00 00 00 00 00 00 00 00 00 00 00 00 00 00 00 00 00 00 00 00 00 10 10 10 10 00 10 10 10 10 10 10 10 00 10 00 00 00 00 00 00 00 00 00 00 00 00 00 00 00 00 00 00 00 00 00 0E 00 0E 0E 0E 0E 0E 0E 0E 00 0E 0E 0E 0E 00 00 00 00 00 00 00 00 00 00 00 00 00 00 00 0D 0D 0D 0D 00 0D 0D 0D 0D 0D 0D 0D 00 0D 00 00 00 00 00 00 00 00 00 00 00 00 00 00 00 00 18 19 1A 1B 1C 1D 00 1E 1F 20 21 22 23 00 00 00 00 00 00 00 00 00 00 00 00 00 00 00 00 00 00 00 00 00 00 00 18 19 00 1A 1B 1C 1D 1E 1F 20 00 21 22 23 00 00 00 00 00 00 00 00 00 00 00 00 00 00 00 00 00 00 00 00 00 00 18 19 1A 1B 1C 1D 00 1E 1F 20 21 22 23 00 00 00 00 00 00 00 02 00 00 00 00 00 00 00 18 19 00 1A 1B 1C 1D 1E 1F 20 00 21 22 23 00 00 00 00 00 00 00 00 00 00 00 00 00 00 00 00 09 09 09 09 00 09 09 09 09 09 09 09 00 09 09 09 09 09 09 09 00 09 09 09 09 09 09 00 00 00 00 00 00 00 00 00 00 09 09 09 09 09 09 09 00 09 09 09 09 09 09 09 00 09 09 09 09 09 09 09 00 09 09 09 00 00 00 00 00 00 00 00 09 09 09 09 00 09 09 09 09 09 09 09 00 09 09 09 09 09 09 09 00 09 09 09 09 09 09 00 4A F7
[17:45:54] 💻 S→Y (2048b): F0 43 00 7E 1F 4D 4C 4D 20 20 38 43 39 33 43 02 00 01 00 00 20 20 20 20 20 20 20 00 20 20 20 20 20 20 20 00 20 20 00 02 00 00 01 00 01 01 01 01 01 01 01 00 01 01 01 01 01 01 01 00 01 01 01 01 01 01 01 00 01 01 00 00 00 00 00 00 01 00 00 02 02 02 02 00 02 02 02 02 02 02 02 00 02 02 02 02 02 02 02 00 02 02 02 02 02 02 00 00 00 00 00 00 02 00 03 00 03 03 03 03 03 03 03 00 03 03 03 03 03 03 03 00 03 03 03 03 03 03 03 00 03 03 00 0C 0C 0C 0C 00 0C 0C 0C 0C 0C 0C 0C 00 0C 0C 0C 0C 0C 0C 0C 00 0C 0C 0C 0C 0C 0C 00 00 00 00 00 00 00 00 00 00 00 00 00 00 00 00 00 00 00 00 00 00 00 00 00 00 00 00 00 00 00 00 00 00 00 00 01 00 00 00 00 00 00 00 00 00 00 00 00 00 00 00 00 00 00 00 00 00 00 00 00 00 00 00 00 00 00 00 00 00 00 00 01 00 00 00 00 00 00 00 00 00 00 00 00 00 00 00 00 00 00 00 00 00 00 00 00 00 00 00 00 00 00 00 00 00 00 00 00 00 00 00 00 00 00 00 00 00 00 00 00 00 00 00 00 00 00 00 00 00 00 00 00 00 01 02 03 00 04 05 06 07 08 09 0A 00 0B 0C 0D 0E 0F 10 11 00 12 13 14 15 16 17 00 00 00 00 00 00 10 00 00 00 00 01 02 03 04 05 06 00 07 08 09 0A 0B 0C 0D 00 0E 0F 10 11 12 13 14 00 15 16 17 00 00 00 00 00 00 10 00 00 01 02 03 00 04 05 06 07 08 09 0A 00 0B 0C 0D 0E 0F 10 11 00 12 13 14 15 16 17 00 00 00 01 02 03 04 05 06 00 07 08 09 0A 0B 0C 0D 00 0E 0F 10 11 12 13 14 00 15 16 17 00 00 01 01 00 01 01 01 01 01 01 01 00 01 01 01 01 01 01 01 00 01 01 01 01 01 01 01 00 01 01 01 01 01 00 03 00 00 00 02 02 02 02 02 00 02 02 02 02 02 02 02 00 02 02 02 02 02 02 02 00 02 02 02 02 02 02 02 00 02 02 00 0D 00 03 03 00 03 03 03 03 03 03 03 00 03 03 03 03 03 03 03 00 03 03 03 03 00 00 00 00 00 00 0C 0C 0C 0C 0C 00 0C 0C 0C 0C 0C 0C 0C 00 0C 0C 0C 0C 03 03 03 00 03 03 03 03 03 00 00 00 00 00 00 00 00 00 00 00 00 00 00 00 00 01 01 00 01 01 01 01 01 01 01 00 01 01 01 01 01 01 01 00 00 01 00 00 00 00 00 00 00 00 00 00 00 00 00 00 00 00 01 01 01 01 01 00 01 01 01 01 01 01 01 00 01 01 01 01 00 00 00 00 00 00 00 00 00 00 00 00 00 00 00 00 00 01 01 00 01 01 01 01 01 01 00 00 00 00 00 00 00 00 00 00 00 00 00 00 00 00 00 00 00 00 00 00 00 00 01 00 01 01 01 01 01 01 01 00 00 00 18 19 1A 1B 1C 00 1D 1E 1F 20 21 22 23 00 00 01 02 03 04 05 06 00 07 08 09 0A 0B 0C 0D 00 0E 0F 00 10 00 00 18 00 19 1A 1B 1C 1D 1E 1F 00 20 21 22 23 00 01 02 00 03 04 05 06 07 08 09 00 0A 0B 0C 0D 0E 0F 00 00 00 00 18 19 1A 1B 1C 00 1D 1E 1F 20 21 22 23 00 00 01 02 03 04 05 06 00 07 00 00 00 00 00 18 00 19 1A 1B 1C 1D 1E 1F 00 20 21 22 23 24 25 26 00 27 08 09 0A 0B 0C 0D 00 0E 0F 00 00 09 09 09 00 09 09 09 09 09 09 09 00 09 09 09 09 09 09 09 00 09 09 09 09 09 09 09 00 00 00 00 00 00 00 00 00 00 09 09 09 09 09 09 00 09 09 09 09 09 09 09 00 09 09 09 09 09 09 09 00 09 09 09 09 00 00 00 00 00 00 00 00 09 09 09 00 09 09 09 09 09 09 09 00 09 09 09 09 09 09 09 00 09 09 09 09 09 09 09 00 00 09 09 09 09 09 09 00 09 09 09 09 09 09 09 00 09 09 09 09 09 09 09 00 09 09 09 09 00 00 03 00 03 03 03 03 03 03 03 00 03 03 03 03 03 03 03 00 03 03 03 03 03 03 03 00 03 03 00 00 00 00 00 00 00 00 00 04 04 04 04 00 04 04 04 04 04 04 04 00 04 04 04 04 04 04 04 00 04 04 04 04 04 04 00 00 00 00 00 00 00 00 02 00 02 02 02 02 02 02 02 00 02 02 02 02 02 02 02 00 02 02 02 02 02 02 02 00 02 02 00 01 01 01 01 00 01 01 01 01 01 01 01 00 01 01 01 01 01 01 01 00 01 01 01 01 01 01 00 00 00 00 01 02 03 04 05 00 06 07 08 09 0A 0B 0C 00 0D 0E 0F 10 11 12 13 00 14 15 16 17 00 00 00 00 00 00 00 00 00 00 01 00 02 03 04 05 06 07 08 00 09 0A 0B 0C 0D 0E 0F 00 10 11 12 13 14 15 16 00 17 00 00 00 00 00 00 00 00 00 01 02 03 04 05 00 06 07 08 09 0A 0B 0C 00 0D 0E 0F 10 11 12 13 00 14 15 16 17 00 00 01 00 02 03 04 05 06 07 08 00 09 0A 0B 0C 0D 0E 0F 00 10 11 12 13 14 15 16 00 17 00 00 09 09 09 09 00 09 09 09 09 09 09 09 00 09 00 00 00 00 00 00 00 00 00 00 00 00 00 00 00 00 00 00 00 00 00 00 00 09 09 09 09 09 09 09 00 09 09 09 09 09 00 00 00 00 00 00 00 00 00 00 00 00 00 00 00 00 00 00 00 00 00 00 09 09 09 09 00 09 09 09 09 09 09 09 00 09 00 00 00 00 00 00 00 00 00 00 00 00 00 00 00 09 09 09 09 09 09 09 00 09 09 09 09 09 00 00 00 00 00 00 00 00 00 00 00 00 00 00 00 00 03 03 00 03 03 03 03 03 03 03 00 03 03 03 00 00 00 00 00 00 00 00 00 00 00 00 00 00 00 00 00 00 00 00 00 00 00 04 04 04 04 04 00 04 04 04 04 04 04 04 00 00 00 00 00 00 00 00 00 00 00 00 00 00 00 00 00 00 00 00 00 00 02 02 00 02 02 02 02 02 02 02 00 02 02 02 00 00 00 00 00 00 00 00 00 00 00 00 00 00 00 01 01 01 01 01 00 01 01 01 01 01 01 01 00 00 00 00 00 00 00 00 00 00 00 00 00 00 00 00 00 18 19 1A 1B 1C 1D 1E 00 1F 20 21 22 23 00 00 00 00 00 00 00 00 00 00 00 00 00 00 00 00 00 00 00 00 00 00 00 18 19 1A 00 1B 1C 1D 1E 1F 20 21 00 22 23 00 00 00 00 00 00 00 00 00 00 00 00 00 00 00 00 00 00 00 00 00 00 18 19 1A 1B 1C 1D 1E 00 1F 20 21 22 23 00 00 00 00 00 00 00 00 00 00 00 00 00 00 00 18 19 1A 00 1B 1C 1D 1E 1F 20 21 00 22 23 00 00 00 00 00 00 00 00 00 00 00 00 00 00 00 00 09 09 09 09 09 00 09 09 09 09 09 09 09 00 09 09 09 09 09 09 09 00 09 09 09 09 09 00 00 00 00 00 00 00 00 00 09 00 09 09 09 09 09 09 09 00 09 09 09 09 09 09 09 00 09 09 09 09 09 09 09 00 09 09 00 00 00 00 00 00 00 00 09 09 09 09 09 00 09 09 09 09 09 09 09 00 09 09 09 09 09 09 09 00 09 09 09 09 09 00 09 00 09 09 09 09 09 09 09 00 09 09 09 09 09 09 09 00 09 09 09 09 09 09 09 00 09 09 00 00 07 07 07 00 07 07 07 07 07 07 07 00 07 07 07 07 07 07 07 00 07 07 07 07 07 07 07 00 00 00 00 00 00 00 00 00 00 08 08 08 08 08 08 00 08 08 08 08 08 08 08 00 08 08 08 08 08 08 08 00 08 08 08 08 00 00 00 00 00 00 00 00 06 06 06 00 06 06 06 06 06 06 06 00 06 06 06 06 06 06 06 00 06 06 06 06 06 06 06 00 00 05 05 05 05 05 05 00 05 05 05 05 05 05 05 00 05 05 05 05 05 05 05 00 05 05 05 05 00 00 00 00 01 02 03 04 05 06 07 00 08 09 0A 0B 0C 0D 0E 00 0F 10 11 12 13 14 15 00 16 17 00 00 00 00 00 00 00 00 00 00 01 02 03 00 04 05 06 07 08 09 0A 00 0B 0C 0D 0E 0F 10 11 00 12 13 14 15 16 17 00 00 00 00 00 00 00 00 00 00 01 02 03 04 05 06 07 00 08 09 0A 0B 0C 0D 0E 00 0F 10 11 12 13 14 15 00 16 17 00 00 01 02 03 00 04 05 06 07 08 09 0A 00 0B 0C 0D 0E 0F 10 11 00 12 13 14 15 16 17 00 00 00 09 09 09 09 09 09 00 09 09 09 09 09 09 00 00 00 00 00 00 00 00 00 00 00 00 00 00 00 00 00 00 00 00 00 00 00 09 09 00 09 09 09 09 09 09 09 00 09 09 09 00
[17:45:54] 🎹 Y→S (2048b): F0 43 00 7E 11 54 4C 4D 20 20 38 43 39 33 43 02 00 01 01 00 09 09 09 09 09 09 09 00 09 09 09 09 09 09 09 00 09 09 09 09 09 09 09 00 09 09 09 00 00 11 11 00 11 11 11 11 11 11 11 00 11 11 11 11 11 11 11 00 11 11 11 11 11 11 11 00 11 00 00 00 00 00 00 00 00 00 12 12 12 12 12 00 12 12 12 12 12 12 12 00 12 12 12 12 12 12 12 00 12 12 12 12 12 00 00 00 00 00 00 00 00 13 13 00 13 13 13 13 13 13 13 00 13 13 13 13 13 13 13 00 13 13 13 13 13 13 13 00 13 00 14 14 14 14 14 00 14 14 14 14 14 14 14 00 14 14 14 14 14 14 14 00 14 14 14 14 14 00 00 00 00 01 02 03 04 05 06 00 07 08 09 0A 0B 0C 0D 00 0E 0F 10 11 12 13 14 00 15 16 17 00 00 00 00 00 00 00 00 00 00 01 02 00 03 04 05 06 07 08 09 00 0A 0B 0C 0D 0E 0F 10 00 11 12 13 14 15 16 17 00 00 00 00 00 00 00 00 00 00 01 02 03 04 05 06 00 07 08 09 0A 0B 0C 0D 00 0E 0F 10 11 12 13 14 00 15 16 17 00 00 01 02 00 03 04 05 06 07 08 09 00 0A 0B 0C 0D 0E 0F 10 00 11 12 13 14 15 16 17 00 00 00 09 09 09 09 09 00 09 09 09 09 09 09 09 00 09 09 09 09 00 00 00 00 00 00 00 00 00 00 00 00 00 00 00 00 00 00 09 00 09 09 09 09 09 09 09 00 09 09 09 09 09 09 09 00 09 00 00 00 00 00 00 00 00 00 00 00 00 00 00 00 00 00 09 09 09 09 09 00 09 09 09 09 09 09 09 00 00 00 00 00 00 00 00 00 00 00 00 00 00 00 09 00 09 09 09 09 09 09 09 00 09 09 09 09 00 00 00 00 00 00 00 00 00 00 00 00 00 00 00 00 11 11 11 00 11 11 11 11 11 11 11 00 11 11 11 11 11 11 00 00 00 00 00 00 00 00 00 00 00 00 00 00 00 00 00 00 00 12 12 12 12 12 12 00 12 12 12 12 12 12 12 00 12 12 12 00 00 00 00 00 00 00 00 00 00 00 00 00 00 00 00 00 13 13 13 00 13 13 13 13 13 13 13 00 13 13 00 00 00 00 00 00 00 00 00 00 00 00 00 00 00 14 14 14 14 14 14 00 14 14 14 14 14 14 00 00 00 00 00 00 00 00 00 00 00 00 00 00 00 00 18 00 19 1A 1B 1C 1D 1E 1F 00 20 21 22 23 24 25 26 00 27 00 00 00 00 00 00 00 00 00 00 00 00 00 00 00 00 00 00 18 19 1A 1B 00 1C 1D 1E 1F 20 21 22 00 23 24 25 26 27 00 00 00 00 00 00 00 00 00 00 00 00 00 00 00 00 00 18 00 19 1A 1B 1C 1D 1E 1F 00 20 21 22 23 00 00 00 00 00 00 00 02 00 00 00 00 00 00 00 18 19 1A 1B 00 1C 1D 1E 1F 20 21 22 00 23 00 00 00 00 00 00 00 00 00 00 00 00 00 00 00 00 0E 0E 0E 0E 0E 0E 00 0E 0E 0E 0E 0E 0E 0E 00 0E 0E 0E 0E 0E 0E 0E 00 0E 0E 0E 0E 00 00 00 00 00 00 00 00 00 0E 0E 00 0E 0E 0E 0E 0E 0E 0E 00 0E 0E 0E 0E 0E 0E 0E 00 0E 0E 0E 0E 0E 0E 0E 00 0E 00 00 00 00 00 00 00 00 0E 0E 0E 0E 0E 0E 00 0E 0E 0E 0E 0E 0E 0E 00 0E 0E 0E 0E 0E 0E 0E 00 0E 0E 0E 0E 00 09 09 00 09 09 09 09 09 09 09 00 09 09 09 09 09 09 09 00 09 09 09 09 09 09 09 00 09 00 00 00 00 00 00 00 00 00 00 00 00 00 00 00 00 00 00 00 00 00 00 00 00 00 00 00 00 00 00 00 00 00 00 00 00 00 00 00 01 01 01 01 01 01 01 00 01 01 01 01 01 01 01 00 01 01 01 01 01 01 01 00 01 01 01 00 00 00 00 00 00 00 00 02 02 02 02 00 02 02 02 02 02 02 02 00 02 02 02 02 02 02 02 00 02 02 02 02 02 02 00 00 00 00 00 00 00 00 00 00 00 00 00 00 00 00 00 00 00 00 00 00 00 00 00 00 00 00 00 00 00 00 01 00 02 03 04 05 06 07 08 00 09 0A 0B 0C 0D 0E 0F 00 10 11 12 13 14 15 16 00 17 00 00 00 00 00 00 00 00 00 00 01 02 03 04 00 05 06 07 08 09 0A 0B 00 0C 0D 0E 0F 10 11 12 00 13 14 15 16 17 00 00 00 00 00 00 00 00 00 01 00 02 03 04 05 06 07 08 00 09 0A 0B 0C 0D 0E 0F 00 10 11 12 13 14 15 16 00 17 00 00 01 02 03 04 00 05 06 07 08 09 0A 0B 00 0C 0D 0E 0F 10 11 12 00 13 14 15 16 17 00 00 00 0E 0E 0E 0E 0E 0E 0E 00 0E 0E 0E 0E 0E 0E 0E 00 0E 0E 00 00 00 00 00 00 00 00 00 00 00 00 00 00 00 00 00 00 0E 0E 0E 00 0E 0E 0E 0E 0E 0E 0E 00 0E 0E 0E 0E 0E 0E 00 00 00 00 00 00 00 00 00 00 00 00 00 00 00 00 00 00 0E 0E 0E 0E 0E 0E 0E 00 0E 0E 0E 0E 0E 0E 0E 00 0E 0E 00 00 00 00 00 00 00 00 00 00 09 09 09 00 09 09 09 09 09 09 09 00 09 09 00 00 00 00 00 00 00 00 00 00 00 00 00 00 00 00 00 00 00 00 00 00 00 00 00 00 00 00 00 00 00 00 00 00 00 00 00 00 00 00 00 00 00 00 00 00 00 00 00 00 00 00 01 00 01 01 01 01 01 01 01 00 01 01 01 01 01 01 01 00 01 00 00 00 00 00 00 00 00 00 00 00 00 00 00 00 00 00 02 02 02 02 02 00 02 02 02 02 02 02 02 00 02 02 02 02 00 00 00 00 00 00 00 00 00 00 00 00 00 00 00 00 00 00 00 00 00 00 00 00 00 00 00 00 00 00 00 00 00 00 00 00 00 00 00 00 18 19 1A 00 1B 1C 1D 1E 1F 20 21 00 22 23 24 25 26 27 00 00 00 00 00 00 00 00 00 00 00 00 00 00 00 00 00 00 00 18 19 1A 1B 1C 1D 00 1E 1F 20 21 22 23 24 00 25 26 27 00 00 00 00 00 00 00 00 00 00 00 00 00 00 00 00 00 18 19 1A 00 1B 1C 1D 1E 1F 20 21 00 22 23 24 25 26 27 00 00 00 02 00 00 00 00 00 00 00 18 19 1A 1B 1C 1D 00 1E 1F 20 21 22 23 00 00 00 00 00 00 00 00 00 00 00 00 00 00 00 00 0E 00 0E 0E 0E 0E 0E 0E 0E 00 0E 0E 0E 0E 0E 0E 0E 00 0E 0E 0E 0E 0E 0E 0E 00 0E 0E 00 00 00 00 00 00 00 00 00 0E 0E 0E 0E 00 0E 0E 0E 0E 0E 0E 0E 00 0E 0E 0E 0E 0E 0E 0E 00 0E 0E 0E 0E 0E 0E 00 00 00 00 00 00 00 00 0E 00 0E 0E 0E 0E 0E 0E 0E 00 0E 0E 0E 0E 0E 0E 0E 00 0E 0E 0E 0E 0E 0E 0E 00 0E 0E 00 0E 0E 0E 0E 00 0E 0E 0E 0E 0E 0E 0E 00 0E 0E 0E 0E 0E 0E 0E 00 0E 0E 0E 0E 0E 0E 00 00 00 04 04 04 04 04 04 00 04 04 04 04 04 04 04 00 04 04 04 04 04 04 04 00 04 04 04 04 00 00 00 00 00 00 00 00 00 05 05 00 05 05 05 05 05 05 05 00 05 05 05 05 05 05 05 00 05 05 05 05 05 05 05 00 05 00 00 00 00 00 00 00 00 06 06 06 06 06 06 00 06 06 06 06 06 06 06 00 06 06 06 06 06 06 06 00 06 06 06 06 00 07 07 00 07 07 07 07 07 07 07 00 07 07 07 07 07 07 07 00 07 07 07 07 07 07 07 00 07 00 00 00 01 02 03 00 04 05 06 07 08 09 0A 00 0B 0C 0D 0E 0F 10 11 00 12 13 14 15 16 17 00 00 00 00 00 00 00 00 00 00 00 01 02 03 04 05 06 00 07 08 09 0A 0B 0C 0D 00 0E 0F 10 11 12 13 14 00 15 16 17 00 00 00 00 00 00 00 00 00 01 02 03 00 04 05 06 07 08 09 0A 00 0B 0C 0D 0E 0F 10 11 00 12 13 14 15 16 17 00 00 00 01 02 03 04 05 06 00 07 08 09 0A 0B 0C 0D 00 0E 0F 10 11 12 13 14 00 15 16 17 00 00 0E 0E 00 0E 0E 0E 0E 0E 0E 0E 00 0E 0E 0E 0E 0E 0E 0E 00 00 00 00 00 00 00 00 00 00 00 00 00 00 00 00 00 00 00 0E 0E 0E 0E 0E 00 0E 0E 0E 0E 0E 0E 0E 00 0E 0E 0E 0E 00 00 00 00 00 00 00 00 00 00 00 00 00 00 00 00 00 0E 0E 00 0E 0E 0E 0E 0E 0E 0E 00 0E 0E 0E 0E 0E 0E 0E 00 00 00 00 00 00 00 00 00 00 00 0E 0E 0E 0E 0E 00 0E 0E 0E 0E 0E 0E 0E 00 0E 0E 0E 0E 00 00 00 00 00 00 00 00 00 00 00 00 04 04 04 04 04 04 04 00 04 04 04 04 04 04 04 00 04 04 00 00 00 00 00 00 00 00 00 00 00 00 00 00 00 00 00 00 05 05 05 00 05 05 05 05
[17:45:54] 🎹 Y→S (220b): 05 05 05 00 05 05 05 05 05 05 00 00 00 00 00 00 00 00 00 00 00 00 00 00 00 00 00 00 06 06 06 06 06 06 06 00 06 06 06 06 06 06 06 00 06 06 00 00 00 00 00 00 00 00 00 00 07 07 07 00 07 07 07 07 07 07 07 00 07 07 07 07 07 07 00 00 00 00 00 00 00 00 00 00 00 00 18 19 1A 1B 1C 00 1D 1E 1F 20 21 22 23 00 24 25 26 27 00 00 00 00 00 00 00 00 00 00 00 00 00 00 00 00 00 00 18 00 19 1A 1B 1C 1D 1E 1F 00 20 21 22 23 24 25 26 00 27 00 00 00 00 00 00 00 00 00 00 00 00 00 00 00 00 00 18 19 1A 1B 1C 00 1D 1E 1F 20 21 22 23 00 24 25 26 27 00 00 02 00 00 00 00 00 00 00 18 00 19 1A 1B 1C 1D 1E 1F 00 20 21 22 23 24 25 26 00 27 00 00 00 00 00 00 04 00 00 00 00 0F 57 7B F7
[17:45:54] 🎹 Y→S (14b): F0 43 10 3E 7F 01 1C 00 05 00 00 01 51 F7
[17:45:54] 💻 S→Y (2048b): F0 43 00 7E 11 54 4C 4D 20 20 38 43 39 33 43 02 00 01 01 00 09 09 09 09 09 09 09 00 09 09 09 09 09 09 09 00 09 09 09 09 09 09 09 00 09 09 09 00 00 11 11 00 11 11 11 11 11 11 11 00 11 11 11 11 11 11 11 00 11 11 11 11 11 11 11 00 11 00 00 00 00 00 00 00 00 00 12 12 12 12 12 00 12 12 12 12 12 12 12 00 12 12 12 12 12 12 12 00 12 12 12 12 12 00 00 00 00 00 00 00 00 13 13 00 13 13 13 13 13 13 13 00 13 13 13 13 13 13 13 00 13 13 13 13 13 13 13 00 13 00 14 14 14 14 14 00 14 14 14 14 14 14 14 00 14 14 14 14 14 14 14 00 14 14 14 14 14 00 00 00 00 01 02 03 04 05 06 00 07 08 09 0A 0B 0C 0D 00 0E 0F 10 11 12 13 14 00 15 16 17 00 00 00 00 00 00 00 00 00 00 01 02 00 03 04 05 06 07 08 09 00 0A 0B 0C 0D 0E 0F 10 00 11 12 13 14 15 16 17 00 00 00 00 00 00 00 00 00 00 01 02 03 04 05 06 00 07 08 09 0A 0B 0C 0D 00 0E 0F 10 11 12 13 14 00 15 16 17 00 00 01 02 00 03 04 05 06 07 08 09 00 0A 0B 0C 0D 0E 0F 10 00 11 12 13 14 15 16 17 00 00 00 09 09 09 09 09 00 09 09 09 09 09 09 09 00 09 09 09 09 00 00 00 00 00 00 00 00 00 00 00 00 00 00 00 00 00 00 09 00 09 09 09 09 09 09 09 00 09 09 09 09 09 09 09 00 09 00 00 00 00 00 00 00 00 00 00 00 00 00 00 00 00 00 09 09 09 09 09 00 09 09 09 09 09 09 09 00 00 00 00 00 00 00 00 00 00 00 00 00 00 00 09 00 09 09 09 09 09 09 09 00 09 09 09 09 00 00 00 00 00 00 00 00 00 00 00 00 00 00 00 00 11 11 11 00 11 11 11 11 11 11 11 00 11 11 11 11 11 11 00 00 00 00 00 00 00 00 00 00 00 00 00 00 00 00 00 00 00 12 12 12 12 12 12 00 12 12 12 12 12 12 12 00 12 12 12 00 00 00 00 00 00 00 00 00 00 00 00 00 00 00 00 00 13 13 13 00 13 13 13 13 13 13 13 00 13 13 00 00 00 00 00 00 00 00 00 00 00 00 00 00 00 14 14 14 14 14 14 00 14 14 14 14 14 14 00 00 00 00 00 00 00 00 00 00 00 00 00 00 00 00 18 00 19 1A 1B 1C 1D 1E 1F 00 20 21 22 23 24 25 26 00 27 00 00 00 00 00 00 00 00 00 00 00 00 00 00 00 00 00 00 18 19 1A 1B 00 1C 1D 1E 1F 20 21 22 00 23 24 25 26 27 00 00 00 00 00 00 00 00 00 00 00 00 00 00 00 00 00 18 00 19 1A 1B 1C 1D 1E 1F 00 20 21 22 23 00 00 00 00 00 00 00 02 00 00 00 00 00 00 00 18 19 1A 1B 00 1C 1D 1E 1F 20 21 22 00 23 00 00 00 00 00 00 00 00 00 00 00 00 00 00 00 00 0E 0E 0E 0E 0E 0E 00 0E 0E 0E 0E 0E 0E 0E 00 0E 0E 0E 0E 0E 0E 0E 00 0E 0E 0E 0E 00 00 00 00 00 00 00 00 00 0E 0E 00 0E 0E 0E 0E 0E 0E 0E 00 0E 0E 0E 0E 0E 0E 0E 00 0E 0E 0E 0E 0E 0E 0E 00 0E 00 00 00 00 00 00 00 00 0E 0E 0E 0E 0E 0E 00 0E 0E 0E 0E 0E 0E 0E 00 0E 0E 0E 0E 0E 0E 0E 00 0E 0E 0E 0E 00 09 09 00 09 09 09 09 09 09 09 00 09 09 09 09 09 09 09 00 09 09 09 09 09 09 09 00 09 00 00 00 00 00 00 00 00 00 00 00 00 00 00 00 00 00 00 00 00 00 00 00 00 00 00 00 00 00 00 00 00 00 00 00 00 00 00 00 01 01 01 01 01 01 01 00 01 01 01 01 01 01 01 00 01 01 01 01 01 01 01 00 01 01 01 00 00 00 00 00 00 00 00 02 02 02 02 00 02 02 02 02 02 02 02 00 02 02 02 02 02 02 02 00 02 02 02 02 02 02 00 00 00 00 00 00 00 00 00 00 00 00 00 00 00 00 00 00 00 00 00 00 00 00 00 00 00 00 00 00 00 00 01 00 02 03 04 05 06 07 08 00 09 0A 0B 0C 0D 0E 0F 00 10 11 12 13 14 15 16 00 17 00 00 00 00 00 00 00 00 00 00 01 02 03 04 00 05 06 07 08 09 0A 0B 00 0C 0D 0E 0F 10 11 12 00 13 14 15 16 17 00 00 00 00 00 00 00 00 00 01 00 02 03 04 05 06 07 08 00 09 0A 0B 0C 0D 0E 0F 00 10 11 12 13 14 15 16 00 17 00 00 01 02 03 04 00 05 06 07 08 09 0A 0B 00 0C 0D 0E 0F 10 11 12 00 13 14 15 16 17 00 00 00 0E 0E 0E 0E 0E 0E 0E 00 0E 0E 0E 0E 0E 0E 0E 00 0E 0E 00 00 00 00 00 00 00 00 00 00 00 00 00 00 00 00 00 00 0E 0E 0E 00 0E 0E 0E 0E 0E 0E 0E 00 0E 0E 0E 0E 0E 0E 00 00 00 00 00 00 00 00 00 00 00 00 00 00 00 00 00 00 0E 0E 0E 0E 0E 0E 0E 00 0E 0E 0E 0E 0E 0E 0E 00 0E 0E 00 00 00 00 00 00 00 00 00 00 09 09 09 00 09 09 09 09 09 09 09 00 09 09 00 00 00 00 00 00 00 00 00 00 00 00 00 00 00 00 00 00 00 00 00 00 00 00 00 00 00 00 00 00 00 00 00 00 00 00 00 00 00 00 00 00 00 00 00 00 00 00 00 00 00 00 01 00 01 01 01 01 01 01 01 00 01 01 01 01 01 01 01 00 01 00 00 00 00 00 00 00 00 00 00 00 00 00 00 00 00 00 02 02 02 02 02 00 02 02 02 02 02 02 02 00 02 02 02 02 00 00 00 00 00 00 00 00 00 00 00 00 00 00 00 00 00 00 00 00 00 00 00 00 00 00 00 00 00 00 00 00 00 00 00 00 00 00 00 00 18 19 1A 00 1B 1C 1D 1E 1F 20 21 00 22 23 24 25 26 27 00 00 00 00 00 00 00 00 00 00 00 00 00 00 00 00 00 00 00 18 19 1A 1B 1C 1D 00 1E 1F 20 21 22 23 24 00 25 26 27 00 00 00 00 00 00 00 00 00 00 00 00 00 00 00 00 00 18 19 1A 00 1B 1C 1D 1E 1F 20 21 00 22 23 24 25 26 27 00 00 00 02 00 00 00 00 00 00 00 18 19 1A 1B 1C 1D 00 1E 1F 20 21 22 23 00 00 00 00 00 00 00 00 00 00 00 00 00 00 00 00 0E 00 0E 0E 0E 0E 0E 0E 0E 00 0E 0E 0E 0E 0E 0E 0E 00 0E 0E 0E 0E 0E 0E 0E 00 0E 0E 00 00 00 00 00 00 00 00 00 0E 0E 0E 0E 00 0E 0E 0E 0E 0E 0E 0E 00 0E 0E 0E 0E 0E 0E 0E 00 0E 0E 0E 0E 0E 0E 00 00 00 00 00 00 00 00 0E 00 0E 0E 0E 0E 0E 0E 0E 00 0E 0E 0E 0E 0E 0E 0E 00 0E 0E 0E 0E 0E 0E 0E 00 0E 0E 00 0E 0E 0E 0E 00 0E 0E 0E 0E 0E 0E 0E 00 0E 0E 0E 0E 0E 0E 0E 00 0E 0E 0E 0E 0E 0E 00 00 00 04 04 04 04 04 04 00 04 04 04 04 04 04 04 00 04 04 04 04 04 04 04 00 04 04 04 04 00 00 00 00 00 00 00 00 00 05 05 00 05 05 05 05 05 05 05 00 05 05 05 05 05 05 05 00 05 05 05 05 05 05 05 00 05 00 00 00 00 00 00 00 00 06 06 06 06 06 06 00 06 06 06 06 06 06 06 00 06 06 06 06 06 06 06 00 06 06 06 06 00 07 07 00 07 07 07 07 07 07 07 00 07 07 07 07 07 07 07 00 07 07 07 07 07 07 07 00 07 00 00 00 01 02 03 00 04 05 06 07 08 09 0A 00 0B 0C 0D 0E 0F 10 11 00 12 13 14 15 16 17 00 00 00 00 00 00 00 00 00 00 00 01 02 03 04 05 06 00 07 08 09 0A 0B 0C 0D 00 0E 0F 10 11 12 13 14 00 15 16 17 00 00 00 00 00 00 00 00 00 01 02 03 00 04 05 06 07 08 09 0A 00 0B 0C 0D 0E 0F 10 11 00 12 13 14 15 16 17 00 00 00 01 02 03 04 05 06 00 07 08 09 0A 0B 0C 0D 00 0E 0F 10 11 12 13 14 00 15 16 17 00 00 0E 0E 00 0E 0E 0E 0E 0E 0E 0E 00 0E 0E 0E 0E 0E 0E 0E 00 00 00 00 00 00 00 00 00 00 00 00 00 00 00 00 00 00 00 0E 0E 0E 0E 0E 00 0E 0E 0E 0E 0E 0E 0E 00 0E 0E 0E 0E 00 00 00 00 00 00 00 00 00 00 00 00 00 00 00 00 00 0E 0E 00 0E 0E 0E 0E 0E 0E 0E 00 0E 0E 0E 0E 0E 0E 0E 00 00 00 00 00 00 00 00 00 00 00 0E 0E 0E 0E 0E 00 0E 0E 0E 0E 0E 0E 0E 00 0E 0E 0E 0E 00 00 00 00 00 00 00 00 00 00 00 00 04 04 04 04 04 04 04 00 04 04 04 04 04 04 04 00 04 04 00 00 00 00 00 00 00 00 00 00 00 00 00 00 00 00 00 00 05 05 05 00 05 05 05 05
[17:45:54] 💻 S→Y (14b): F0 43 10 3E 7F 01 1C 00 05 00 00 01 51 F7
[17:45:54] 💻 S→Y (16b): F0 43 20 7E 4C 4D 20 20 38 43 39 33 4E 00 00 F7
[17:45:54] 🎹 Y→S (27b): F0 43 00 7E 00 13 4C 4D 20 20 38 43 39 33 4E 00 00 00 00 00 00 00 00 00 00 72 F7
[17:45:54] 💻 S→Y (27b): F0 43 00 7E 00 13 4C 4D 20 20 38 43 39 33 4E 00 00 00 00 00 00 00 00 00 00 72 F7
[17:45:54] 💻 S→Y (10b): F0 43 30 3E 0D 03 2E 00 7F F7
[17:45:54] 🎹 Y→S (170b): F0 43 10 3E 0D 03 2E 00 7F 00 00 00 00 00 00 00 00 00 00 00 00 00 00 00 00 00 00 00 00 00 00 00 00 00 00 00 00 00 00 00 00 00 00 00 00 00 00 00 00 00 00 00 00 00 00 00 00 00 00 00 00 00 00 00 00 00 00 00 00 00 00 00 00 00 00 00 00 00 00 00 00 00 00 00 00 00 00 00 00 00 00 00 00 00 00 00 00 00 00 00 00 00 00 00 00 00 00 00 00 00 00 00 00 00 00 00 00 00 00 00 00 00 00 00 00 00 00 00 00 00 00 00 00 00 00 00 00 00 00 00 00 00 00 00 00 00 00 00 00 00 00 00 00 00 00 00 00 00 00 00 00 00 00 00 00 00 00 00 00 F7
[17:45:54] 💻 S→Y (170b): F0 43 10 3E 0D 03 2E 00 7F 00 00 00 00 00 00 00 00 00 00 00 00 00 00 00 00 00 00 00 00 00 00 00 00 00 00 00 00 00 00 00 00 00 00 00 00 00 00 00 00 00 00 00 00 00 00 00 00 00 00 00 00 00 00 00 00 00 00 00 00 00 00 00 00 00 00 00 00 00 00 00 00 00 00 00 00 00 00 00 00 00 00 00 00 00 00 00 00 00 00 00 00 00 00 00 00 00 00 00 00 00 00 00 00 00 00 00 00 00 00 00 00 00 00 00 00 00 00 00 00 00 00 00 00 00 00 00 00 00 00 00 00 00 00 00 00 00 00 00 00 00 00 00 00 00 00 00 00 00 00 00 00 00 00 00 00 00 00 00 00 F7
[17:45:54] 💻 S→Y (10b): F0 43 30 3E 0D 03 2E 01 7F F7
[17:45:54] 🎹 Y→S (170b): F0 43 10 3E 0D 03 2E 01 7F 00 00 00 00 00 00 00 00 00 00 00 00 00 00 00 00 00 00 00 00 00 00 00 00 00 00 00 00 00 00 00 00 00 00 00 00 00 00 00 00 00 00 00 00 00 00 00 00 00 00 00 00 00 00 00 00 00 00 00 00 00 00 00 00 00 00 00 00 00 00 00 00 00 00 00 00 00 00 00 00 00 00 00 00 00 00 00 00 00 00 00 00 00 00 00 00 00 00 00 00 00 00 00 00 00 00 00 00 00 00 00 00 00 00 00 00 00 00 00 00 00 00 00 00 00 00 00 00 00 00 00 00 00 00 00 00 00 00 00 00 00 00 00 00 00 00 00 00 00 00 00 00 00 00 00 00 00 00 00 00 F7
[17:45:54] 💻 S→Y (170b): F0 43 10 3E 0D 03 2E 01 7F 00 00 00 00 00 00 00 00 00 00 00 00 00 00 00 00 00 00 00 00 00 00 00 00 00 00 00 00 00 00 00 00 00 00 00 00 00 00 00 00 00 00 00 00 00 00 00 00 00 00 00 00 00 00 00 00 00 00 00 00 00 00 00 00 00 00 00 00 00 00 00 00 00 00 00 00 00 00 00 00 00 00 00 00 00 00 00 00 00 00 00 00 00 00 00 00 00 00 00 00 00 00 00 00 00 00 00 00 00 00 00 00 00 00 00 00 00 00 00 00 00 00 00 00 00 00 00 00 00 00 00 00 00 00 00 00 00 00 00 00 00 00 00 00 00 00 00 00 00 00 00 00 00 00 00 00 00 00 00 00 F7
[17:45:54] 💻 S→Y (10b): F0 43 30 3E 0D 03 2F 00 7F F7
[17:45:54] 🎹 Y→S (74b): F0 43 10 3E 0D 03 2F 00 7F 00 00 00 00 00 00 00 00 00 00 00 00 00 00 00 00 00 00 00 00 00 00 00 00 00 00 00 00 00 00 00 00 00 00 00 00 00 00 00 00 00 00 00 00 00 00 00 00 00 00 00 00 00 00 00 00 00 00 00 00 00 00 00 00 F7
[17:45:54] 💻 S→Y (74b): F0 43 10 3E 0D 03 2F 00 7F 00 00 00 00 00 00 00 00 00 00 00 00 00 00 00 00 00 00 00 00 00 00 00 00 00 00 00 00 00 00 00 00 00 00 00 00 00 00 00 00 00 00 00 00 00 00 00 00 00 00 00 00 00 00 00 00 00 00 00 00 00 00 00 00 F7
[17:45:54] 💻 S→Y (10b): F0 43 30 3E 0D 03 2F 01 7F F7
[17:45:54] 🎹 Y→S (74b): F0 43 10 3E 0D 03 2F 01 7F 00 00 00 00 00 00 00 00 00 00 00 00 00 00 00 00 00 00 00 00 00 00 00 00 00 00 00 00 00 00 00 00 00 00 00 00 00 00 00 00 00 00 00 00 00 00 00 00 00 00 00 00 00 00 00 00 00 00 00 00 00 00 00 00 F7
[17:45:54] 💻 S→Y (74b): F0 43 10 3E 0D 03 2F 01 7F 00 00 00 00 00 00 00 00 00 00 00 00 00 00 00 00 00 00 00 00 00 00 00 00 00 00 00 00 00 00 00 00 00 00 00 00 00 00 00 00 00 00 00 00 00 00 00 00 00 00 00 00 00 00 00 00 00 00 00 00 00 00 00 00 F7
[17:45:54] 💻 S→Y (10b): F0 43 30 3E 0D 03 77 00 7F F7
[17:45:54] 🎹 Y→S (42b): F0 43 10 3E 0D 03 77 00 7F 00 00 00 00 00 00 00 00 00 00 00 00 00 00 00 00 00 00 00 00 00 00 00 00 00 00 00 00 00 00 00 00 F7
[17:45:54] 💻 S→Y (42b): F0 43 10 3E 0D 03 77 00 7F 00 00 00 00 00 00 00 00 00 00 00 00 00 00 00 00 00 00 00 00 00 00 00 00 00 00 00 00 00 00 00 00 F7
[17:45:54] 💻 S→Y (10b): F0 43 30 3E 0D 03 78 00 7F F7
[17:45:54] 🎹 Y→S (26b): F0 43 10 3E 0D 03 78 00 7F 00 00 00 00 00 00 00 00 00 00 00 00 00 00 00 00 F7
[17:45:54] 💻 S→Y (26b): F0 43 10 3E 0D 03 78 00 7F 00 00 00 00 00 00 00 00 00 00 00 00 00 00 00 00 F7
[17:45:54] 💻 S→Y (10b): F0 43 30 3E 0D 03 78 01 7F F7
[17:45:54] 🎹 Y→S (26b): F0 43 10 3E 0D 03 78 01 7F 00 00 00 00 00 00 00 00 00 00 00 00 00 00 00 00 F7
[17:45:54] 💻 S→Y (26b): F0 43 10 3E 0D 03 78 01 7F 00 00 00 00 00 00 00 00 00 00 00 00 00 00 00 00 F7
[17:45:54] 💻 S→Y (10b): F0 43 30 3E 0D 04 2D 2D 7F F7
[17:45:54] 🎹 Y→S (26b): F0 43 10 3E 0D 04 2D 2D 7F 00 00 00 00 00 00 00 00 00 00 00 00 00 00 00 00 F7
[17:45:54] 💻 S→Y (26b): F0 43 10 3E 0D 04 2D 2D 7F 00 00 00 00 00 00 00 00 00 00 00 00 00 00 00 00 F7
[17:45:54] 💻 S→Y (10b): F0 43 30 3E 0D 04 2D 2E 7F F7
[17:45:54] 🎹 Y→S (26b): F0 43 10 3E 0D 04 2D 2E 7F 00 00 00 00 00 00 00 00 00 00 00 00 00 00 00 00 F7
[17:45:54] 💻 S→Y (26b): F0 43 10 3E 0D 04 2D 2E 7F 00 00 00 00 00 00 00 00 00 00 00 00 00 00 00 00 F7
[17:45:54] 💻 S→Y (10b): F0 43 30 3E 0D 04 09 05 00 F7
[17:45:54] 🎹 Y→S (14b): F0 43 10 3E 0D 04 09 05 00 00 00 00 00 F7
[17:45:54] 💻 S→Y (14b): F0 43 10 3E 0D 04 09 05 00 00 00 00 00 F7
[17:45:54] 💻 S→Y (10b): F0 43 30 3E 0D 04 09 06 00 F7
[17:45:54] 🎹 Y→S (14b): F0 43 10 3E 0D 04 09 06 00 00 00 00 00 F7
[17:45:54] 💻 S→Y (14b): F0 43 10 3E 0D 04 09 06 00 00 00 00 00 F7
[17:45:54] 💻 S→Y (10b): F0 43 30 3E 0D 04 09 17 00 F7
[17:45:54] 🎹 Y→S (14b): F0 43 10 3E 0D 04 09 17 00 00 00 00 00 F7
[17:45:54] 💻 S→Y (14b): F0 43 10 3E 0D 04 09 17 00 00 00 00 00 F7
[17:45:54] 💻 S→Y (10b): F0 43 30 3E 0D 04 09 18 00 F7
[17:45:54] 🎹 Y→S (14b): F0 43 10 3E 0D 04 09 18 00 00 00 00 00 F7
[17:45:54] 💻 S→Y (14b): F0 43 10 3E 0D 04 09 18 00 00 00 00 00 F7
[17:45:54] 💻 S→Y (10b): F0 43 30 3E 0D 04 09 19 00 F7
[17:45:54] 🎹 Y→S (14b): F0 43 10 3E 0D 04 09 19 00 00 00 00 00 F7
[17:45:54] 💻 S→Y (14b): F0 43 10 3E 0D 04 09 19 00 00 00 00 00 F7
[17:45:54] 💻 S→Y (10b): F0 43 30 3E 0D 04 09 1A 00 F7
[17:45:54] 🎹 Y→S (14b): F0 43 10 3E 0D 04 09 1A 00 00 00 00 00 F7
[17:45:54] 💻 S→Y (14b): F0 43 10 3E 0D 04 09 1A 00 00 00 00 00 F7
[17:45:54] 💻 S→Y (10b): F0 43 30 3E 0D 04 09 1B 00 F7
[17:45:54] 🎹 Y→S (14b): F0 43 10 3E 0D 04 09 1B 00 00 00 00 00 F7
[17:45:54] 💻 S→Y (14b): F0 43 10 3E 0D 04 09 1B 00 00 00 00 00 F7
[17:45:54] 💻 S→Y (10b): F0 43 30 3E 0D 04 09 1C 00 F7
[17:45:54] 🎹 Y→S (14b): F0 43 10 3E 0D 04 09 1C 00 00 00 00 00 F7
[17:45:54] 💻 S→Y (14b): F0 43 10 3E 0D 04 09 1C 00 00 00 00 00 F7
[17:45:54] 💻 S→Y (10b): F0 43 30 3E 0D 04 31 7F 00 F7
[17:45:54] 🎹 Y→S (74b): F0 43 10 3E 0D 04 31 7F 00 00 00 00 20 00 00 00 20 00 00 00 20 00 00 00 4E 00 00 00 65 00 00 00 77 00 00 00 20 00 00 00 44 00 00 00 61 00 00 00 74 00 00 00 61 00 00 00 20 00 00 00 20 00 00 00 20 00 00 00 20 00 00 00 20 F7
[17:45:54] 💻 S→Y (74b): F0 43 10 3E 0D 04 31 7F 00 00 00 00 20 00 00 00 20 00 00 00 20 00 00 00 4E 00 00 00 65 00 00 00 77 00 00 00 20 00 00 00 44 00 00 00 61 00 00 00 74 00 00 00 61 00 00 00 20 00 00 00 20 00 00 00 20 00 00 00 20 00 00 00 20 F7
[17:45:54] 💻 S→Y (10b): F0 43 30 3E 0D 04 32 7F 00 F7
[17:45:54] 🎹 Y→S (74b): F0 43 10 3E 0D 04 32 7F 00 00 00 00 20 00 00 00 20 00 00 00 20 00 00 00 4E 00 00 00 65 00 00 00 77 00 00 00 20 00 00 00 44 00 00 00 61 00 00 00 74 00 00 00 61 00 00 00 20 00 00 00 20 00 00 00 20 00 00 00 20 00 00 00 20 F7
[17:45:54] 💻 S→Y (74b): F0 43 10 3E 0D 04 32 7F 00 00 00 00 20 00 00 00 20 00 00 00 20 00 00 00 4E 00 00 00 65 00 00 00 77 00 00 00 20 00 00 00 44 00 00 00 61 00 00 00 74 00 00 00 61 00 00 00 20 00 00 00 20 00 00 00 20 00 00 00 20 00 00 00 20 F7
[17:45:54] 💻 S→Y (10b): F0 43 30 3E 0D 04 33 7F 00 F7
[17:45:54] 🎹 Y→S (74b): F0 43 10 3E 0D 04 33 7F 00 00 00 00 20 00 00 00 20 00 00 00 20 00 00 00 4E 00 00 00 65 00 00 00 77 00 00 00 20 00 00 00 44 00 00 00 61 00 00 00 74 00 00 00 61 00 00 00 20 00 00 00 20 00 00 00 20 00 00 00 20 00 00 00 20 F7
[17:45:54] 💻 S→Y (74b): F0 43 10 3E 0D 04 33 7F 00 00 00 00 20 00 00 00 20 00 00 00 20 00 00 00 4E 00 00 00 65 00 00 00 77 00 00 00 20 00 00 00 44 00 00 00 61 00 00 00 74 00 00 00 61 00 00 00 20 00 00 00 20 00 00 00 20 00 00 00 20 00 00 00 20 F7
[17:45:54] 💻 S→Y (10b): F0 43 30 3E 0D 04 34 7F 00 F7
[17:45:54] 🎹 Y→S (74b): F0 43 10 3E 0D 04 34 7F 00 00 00 00 20 00 00 00 20 00 00 00 20 00 00 00 4E 00 00 00 65 00 00 00 77 00 00 00 20 00 00 00 44 00 00 00 61 00 00 00 74 00 00 00 61 00 00 00 20 00 00 00 20 00 00 00 20 00 00 00 20 00 00 00 20 F7
[17:45:54] 💻 S→Y (74b): F0 43 10 3E 0D 04 34 7F 00 00 00 00 20 00 00 00 20 00 00 00 20 00 00 00 4E 00 00 00 65 00 00 00 77 00 00 00 20 00 00 00 44 00 00 00 61 00 00 00 74 00 00 00 61 00 00 00 20 00 00 00 20 00 00 00 20 00 00 00 20 00 00 00 20 F7
[17:45:54] 💻 S→Y (10b): F0 43 30 3E 0D 04 35 7F 00 F7
[17:45:54] 🎹 Y→S (74b): F0 43 10 3E 0D 04 35 7F 00 00 00 00 20 00 00 00 20 00 00 00 20 00 00 00 4E 00 00 00 65 00 00 00 77 00 00 00 20 00 00 00 44 00 00 00 61 00 00 00 74 00 00 00 61 00 00 00 20 00 00 00 20 00 00 00 20 00 00 00 20 00 00 00 20 F7
[17:45:54] 💻 S→Y (74b): F0 43 10 3E 0D 04 35 7F 00 00 00 00 20 00 00 00 20 00 00 00 20 00 00 00 4E 00 00 00 65 00 00 00 77 00 00 00 20 00 00 00 44 00 00 00 61 00 00 00 74 00 00 00 61 00 00 00 20 00 00 00 20 00 00 00 20 00 00 00 20 00 00 00 20 F7
[17:45:54] 💻 S→Y (10b): F0 43 30 3E 0D 04 36 7F 00 F7
[17:45:54] 🎹 Y→S (74b): F0 43 10 3E 0D 04 36 7F 00 00 00 00 20 00 00 00 20 00 00 00 20 00 00 00 4E 00 00 00 65 00 00 00 77 00 00 00 20 00 00 00 44 00 00 00 61 00 00 00 74 00 00 00 61 00 00 00 20 00 00 00 20 00 00 00 20 00 00 00 20 00 00 00 20 F7
[17:45:54] 💻 S→Y (74b): F0 43 10 3E 0D 04 36 7F 00 00 00 00 20 00 00 00 20 00 00 00 20 00 00 00 4E 00 00 00 65 00 00 00 77 00 00 00 20 00 00 00 44 00 00 00 61 00 00 00 74 00 00 00 61 00 00 00 20 00 00 00 20 00 00 00 20 00 00 00 20 00 00 00 20 F7
[17:45:54] 💻 S→Y (10b): F0 43 30 3E 0D 04 37 7F 00 F7
[17:45:54] 🎹 Y→S (74b): F0 43 10 3E 0D 04 37 7F 00 00 00 00 20 00 00 00 20 00 00 00 20 00 00 00 4E 00 00 00 65 00 00 00 77 00 00 00 20 00 00 00 44 00 00 00 61 00 00 00 74 00 00 00 61 00 00 00 20 00 00 00 20 00 00 00 20 00 00 00 20 00 00 00 20 F7
[17:45:54] 💻 S→Y (74b): F0 43 10 3E 0D 04 37 7F 00 00 00 00 20 00 00 00 20 00 00 00 20 00 00 00 4E 00 00 00 65 00 00 00 77 00 00 00 20 00 00 00 44 00 00 00 61 00 00 00 74 00 00 00 61 00 00 00 20 00 00 00 20 00 00 00 20 00 00 00 20 00 00 00 20 F7
[17:45:54] 💻 S→Y (10b): F0 43 30 3E 0D 04 0A 00 00 F7
[17:45:54] 🎹 Y→S (14b): F0 43 10 3E 0D 04 0A 00 00 00 00 00 06 F7
[17:45:54] 💻 S→Y (14b): F0 43 10 3E 0D 04 0A 00 00 00 00 00 06 F7
[17:45:54] 🎹 Y→S (14b): F0 43 10 3E 7F 01 1C 00 05 00 00 01 50 F7
[17:45:54] 💻 S→Y (10b): F0 43 30 3E 0D 04 0A 01 00 F7
[17:45:54] 💻 S→Y (14b): F0 43 10 3E 7F 01 1C 00 05 00 00 01 50 F7
[17:45:54] 🎹 Y→S (14b): F0 43 10 3E 0D 04 0A 01 00 00 00 00 06 F7
[17:45:54] 💻 S→Y (14b): F0 43 10 3E 0D 04 0A 01 00 00 00 00 06 F7
[17:45:54] 💻 S→Y (10b): F0 43 30 3E 0D 04 0A 02 00 F7
[17:45:54] 🎹 Y→S (14b): F0 43 10 3E 0D 04 0A 02 00 00 00 00 01 F7
[17:45:54] 💻 S→Y (14b): F0 43 10 3E 0D 04 0A 02 00 00 00 00 01 F7
[17:45:54] 🎹 Y→S (14b): F0 43 10 3E 7F 01 1C 00 05 00 00 01 51 F7
[17:45:54] 💻 S→Y (14b): F0 43 10 3E 7F 01 1C 00 05 00 00 01 51 F7
[17:45:55] 🎹 Y→S (14b): F0 43 10 3E 7F 01 1C 00 05 00 00 01 50 F7
[17:45:55] 💻 S→Y (14b): F0 43 10 3E 7F 01 1C 00 05 00 00 01 50 F7
[17:45:55] 🎹 Y→S (14b): F0 43 10 3E 7F 01 1C 00 05 00 00 01 53 F7
[17:45:55] 💻 S→Y (14b): F0 43 10 3E 7F 01 1C 00 05 00 00 01 53 F7
[17:45:55] 🎹 Y→S (14b): F0 43 10 3E 7F 01 1C 00 05 00 00 01 50 F7
[17:45:55] 💻 S→Y (14b): F0 43 10 3E 7F 01 1C 00 05 00 00 01 50 F7
[17:45:55] 🎹 Y→S (14b): F0 43 10 3E 7F 01 1C 00 05 00 00 01 51 F7
[17:45:55] 💻 S→Y (14b): F0 43 10 3E 7F 01 1C 00 05 00 00 01 51 F7
[17:45:56] 🎹 Y→S (14b): F0 43 10 3E 7F 01 1C 00 05 00 00 01 50 F7
[17:45:56] 💻 S→Y (14b): F0 43 10 3E 7F 01 1C 00 05 00 00 01 50 F7
[17:45:56] 🎹 Y→S (14b): F0 43 10 3E 7F 01 1C 00 05 00 00 01 51 F7
[17:45:56] 💻 S→Y (14b): F0 43 10 3E 7F 01 1C 00 05 00 00 01 51 F7
[17:45:56] 🎹 Y→S (14b): F0 43 10 3E 7F 01 1C 00 05 00 00 01 50 F7
[17:45:56] 💻 S→Y (14b): F0 43 10 3E 7F 01 1C 00 05 00 00 01 50 F7
[17:45:56] 🎹 Y→S (14b): F0 43 10 3E 7F 01 1C 00 05 00 00 01 53 F7
[17:45:56] 💻 S→Y (14b): F0 43 10 3E 7F 01 1C 00 05 00 00 01 53 F7
[17:45:56] 🎹 Y→S (14b): F0 43 10 3E 7F 01 1C 00 05 00 00 01 51 F7
[17:45:56] 💻 S→Y (14b): F0 43 10 3E 7F 01 1C 00 05 00 00 01 51 F7
[17:45:57] 🎹 Y→S (14b): F0 43 10 3E 7F 01 1C 00 05 00 00 01 53 F7
[17:45:57] 💻 S→Y (14b): F0 43 10 3E 7F 01 1C 00 05 00 00 01 53 F7
[17:45:58] 🎹 Y→S (14b): F0 43 10 3E 7F 01 1C 00 05 00 00 01 54 F7
[17:45:58] 💻 S→Y (14b): F0 43 10 3E 7F 01 1C 00 05 00 00 01 54 F7
📊 Y→S: 519 | S→Y: 81 | 📶 Meters: 477 | 🔁 Loopback filtrado: 473 | 🔧 Remontados: 2
[17:46:01] 🎹 Y→S (14b): F0 43 10 3E 7F 01 1C 00 05 00 00 01 53 F7
[17:46:01] 💻 S→Y (14b): F0 43 10 3E 7F 01 1C 00 05 00 00 01 53 F7
[17:46:02] 🎹 Y→S (14b): F0 43 10 3E 7F 01 1C 00 05 00 00 01 54 F7
[17:46:02] 💻 S→Y (14b): F0 43 10 3E 7F 01 1C 00 05 00 00 01 54 F7
[17:46:03] 🎹 Y→S (14b): F0 43 10 3E 7F 01 1C 00 05 00 00 01 53 F7
[17:46:03] 💻 S→Y (14b): F0 43 10 3E 7F 01 1C 00 05 00 00 01 53 F7
[17:46:03] 🎹 Y→S (14b): F0 43 10 3E 7F 01 1C 00 05 00 00 01 54 F7
[17:46:03] 💻 S→Y (14b): F0 43 10 3E 7F 01 1C 00 05 00 00 01 54 F7
📊 Y→S: 672 | S→Y: 10 | 📶 Meters: 674 | 🔁 Loopback filtrado: 668
[17:46:04] 🎹 Y→S (14b): F0 43 10 3E 7F 01 1C 00 05 00 00 01 53 F7
[17:46:04] 💻 S→Y (14b): F0 43 10 3E 7F 01 1C 00 05 00 00 01 53 F7
[17:46:04] 🎹 Y→S (14b): F0 43 10 3E 7F 01 1C 00 05 00 00 01 54 F7
[17:46:04] 💻 S→Y (14b): F0 43 10 3E 7F 01 1C 00 05 00 00 01 54 F7
[17:46:07] 🎹 Y→S (14b): F0 43 10 3E 7F 01 1C 00 05 00 00 01 53 F7
[17:46:07] 💻 S→Y (14b): F0 43 10 3E 7F 01 1C 00 05 00 00 01 53 F7
